key,pka,pka_type,n_values,pka_min,pka_max,assessment,smiles
AAEAMZQVFLMOBK,2.48,pKaH1,1,2.48,2.48,Approximate,CNc1nc(N)cnc1C(N)=O
AAFSDMYCGOVVEV,9.23,pKaH1,1,9.23,9.23,Approximate,CC(CCN(C)C)NN
AALPXEOFCZUTEP,7.6,pKaH1,1,7.6,7.6,Uncertain,CC1=NCCCS1
AANUQVPVSJJCRI,3.21,pKaH1,1,3.21,3.21,Approximate,Clc1cnc2cncnc2n1
AAQTWLBJPNLKHT,6.35,pKaH1,1,6.35,6.35,Approximate,C1=Nc2cccc3cccc(c23)N1
AASABFUMCBTXRL,5.64,pKaH1,2,5.57,5.72,Approximate,CCNc1ccc(C)cc1
ABAGXLJTVDVJEQ,2.02,pKaH1,1,2.02,2.02,Uncertain,CC(=O)Nc1nc(NC(C)=O)c2nccnc2n1
ABANUKHECQXXRH,5.09,pKaH1,1,5.09,5.09,Approximate,Cc1cccc(N(C)N)c1
ABCZPKGXVRPMLO,7.71,pKaH1,1,7.71,7.71,Uncertain,COc1cccc2c1C(O)NC=N2
ABOSMHRLVUWEMT,2.67,pKaH1,1,2.67,2.67,Approximate,CCOc1ccncc1[N+](=O)[O-]
ABRWESLGGMHKEA,7.0,pKaH1,1,7.0,7.0,Approximate,CC(C)(C)Nc1ccccc1
ABVVEAHYODGCLZ,10.63,pKaH1,1,10.63,10.63,Approximate,CCCCCCCCCCCCCN
ABVYZAMNSCVWJA,0.53,pKaH1,1,0.53,0.53,Unrated,NC(=O)c1ncc2ccccc2n1
ACCVTKJXKFSAAH,2.86,pKaH1,2,2.32,3.39,Approximate,COc1cccc2ncncc12
ACJZZTRAZBNBGJ,3.3,pKaH1,1,3.3,3.3,Approximate,Cc1nc(N)nc(C)c1Br
ACMVLRBBHOUCMB,10.35,pKaH1,1,10.35,10.35,Uncertain,CCC1=C(C)CNCC1
ACOOYDZOGACDIY,1.75,pKaH1,1,1.75,1.75,Uncertain,CCOC(=O)c1nc(O)nc2c1N=C(O)CN2
ACYBVNYNIZTUIL,9.6,pKaH1,2,9.41,9.8,Approximate,NCCNCc1ccccc1
ACYMGUSQXQEHGA,10.42,pKaH1,1,10.42,10.42,Uncertain,NC1C=CCCC1
ADALENVFMSXCOS,3.79,pKaH1,1,3.79,3.79,Approximate,CCC(CC)CN(CC[N+]1(C)CCCCC1)c1ccccc1
ADFARKBTWIGART,10.2,pKaH1,1,10.2,10.2,Uncertain,Cn1cc(C#N)ccc1=N
ADXUVVGMJMSFQL,3.95,pKaH1,1,3.95,3.95,Approximate,Cn1c(N)nncc1=O
ADYQKKDKIWQEKJ,4.2,pKaH1,1,4.2,4.2,Approximate,C1=NNC2(C1)CCC2
AECFVVONLDNVTF,4.15,pKaH1,1,4.15,4.15,Approximate,CCOC(=O)c1ccc(N(C)N)cc1
AECPBDYZBSCWCF,2.97,pKaH1,1,2.97,2.97,Unrated,CS(=O)(=O)c1ccc2c(N)cccc2c1
AEIOZWYBDBVCGW,4.4,pKaH1,2,3.78,5.03,Approximate,CC(C)(C)c1ccccc1N
AEJBJISRCFOZOS,8.7,pKaH1,1,8.7,8.7,Approximate,CC(=O)N(N)C1CCN(C)CC1
AELCINSCMGFISI,8.27,pKaH1,1,8.27,8.27,Approximate,N[C@@H]1C[C@H]1c1ccccc1
AEMUGSHCHJVDFQ,9.09,pKaH1,1,9.09,9.09,Uncertain,CCCNC(C)(C)C(C)=NO
AEQDMURQYWZFNX,7.85,pKaH1,1,7.85,7.85,Approximate,N#CCCNCCC(=O)O
AEVKYUNBJONFHN,8.75,pKaH1,1,8.75,8.75,Approximate,CC(CC(c1ccccc1)c1ccccc1)N1CCCCC1
AEWGXNVJFDKCRJ,9.55,pKaH1,1,9.55,9.55,Approximate,CC(C)NNC1CCN(C(C)C)CC1
AFBPFSWMIHJQDM,4.83,pKaH1,6,4.23,4.86,Reliable,CNc1ccccc1
AFEAUYYSRPFHIA,10.15,pKaH1,1,10.15,10.15,Uncertain,CCN(CC)CCCC(C)Nc1c(C)cnc2cc(Cl)ccc12
AFJKSILBJRJDGX,9.09,pKaH1,1,9.09,9.09,Approximate,CCC1CCCNC1O
AFPVVWVBUZBCOH,0.51,pKaH1,1,0.51,0.51,Approximate,Cc1cn(-c2ccc([N+](=O)[O-])cc2)nc1C
AFWHVAFMAIDVTH,3.01,pKaH1,1,3.01,3.01,Approximate,COc1nccc2ccccc12
AGAHETWGCFCMDK,4.83,pKaH1,1,4.83,4.83,Approximate,COc1ccc(N)c(N)c1
AGHAMPHGPWHRMC,3.25,pKaH1,1,3.25,3.25,Approximate,CCC(C)Nc1nc(C)c2nc(C)c(C)nc2n1
AGKIPYDSTSIPBU,8.87,pKaH1,1,8.87,8.87,Uncertain,CCCCCC(N)c1ccccc1
AGNFWIZBEATIAK,10.36,pKaH1,1,10.36,10.36,Approximate,NCCCCc1ccccc1
AGQOIYCTCOEHGR,2.3,pKaH1,1,2.3,2.3,Uncertain,Cc1ccno1
AGSLYHYWLYGAOU,9.0,pKaH1,3,8.98,9.12,Approximate,CNCCOC(c1ccccc1)c1ccccc1
AGSPXMVUFBBBMO,7.75,pKaH1,2,7.7,7.8,Approximate,N#CCCN
AGTXFZFJRVHLCH,9.53,pKaH1,1,9.53,9.53,Uncertain,CC(=O)C(c1ccccc1)(c1ccccc1)C(C)CN(C)C
AHALCTIHPUZLIS,-0.17,pKaH1,1,-0.17,-0.17,Uncertain,CNc1nc(N)n(C)c(=O)c1[N+](=O)[O-]
AHBAMRFFVNHHAS,6.64,pKaH1,1,6.64,6.64,Approximate,Nc1nc2ccccc2c2c1ccc1ccccc12
AHHQCRZKQHDXIY,5.46,pKaH1,2,5.42,5.492,Approximate,c1ccc(-c2c[nH]cn2)nc1
AHVYPIQETPWLSZ,9.88,pKaH1,1,9.88,9.88,Approximate,CN1CC=CC1
AIJFPNKGGAPZFJ,9.97,pKaH1,1,9.97,9.97,Approximate,CNCc1ccc(OC)cc1
AIRGIADVPCTKHU,11.04,pKaH1,1,11.04,11.04,Approximate,CC1CCNC(C)(C)C1
AIUFATMGALKMOI,3.38,pKaH1,1,3.38,3.38,Approximate,CSc1ccc(N)cc1Cl
AIVUUJTZMDEYNV,7.38,pKaH1,1,7.38,7.38,Approximate,Nc1ccc2cc3c(ccc4ccccc43)nc2c1
AJHFXFMTNDRQPU,7.6,pKaH1,1,7.6,7.6,Approximate,CCC(C)Nc1cc(C)nc(C)n1
AJHJMLQOLCPTJY,7.32,pKaH1,2,6.9,7.75,Uncertain,COc1cc(C)nc2c1c(OC)cc1c(C)nccc12
AJHRHNHKYUOCGI,-0.89,pKaH1,1,-0.89,-0.89,Uncertain,Cn1c(N)nc(NC2(O)O[C@H](CO)[C@@H](O)[C@H](O)[C@H]2O)c([N+](=O)[O-])c1=O
AJKVQEKCUACUMD,2.76,pKaH1,4,2.64,2.87,Approximate,CC(=O)c1ccccn1
AJUXDFHPVZQOGF,4.83,pKaH1,1,4.83,4.83,Uncertain,CN(C)c1cccc2ccccc12
AKCRQHGQIJBRMN,2.63,pKaH1,9,2.57,2.71,Approximate,Nc1ccccc1Cl
AKEYUWUEAXIBTF,3.67,pKaH1,1,3.67,3.67,Approximate,CNc1cccc2ccccc12
AKGUXECGGCUDCV,0.96,pKaH1,1,0.96,0.96,Uncertain,NC(=O)N/N=C/c1ccccc1
AKMRCRSBVXSYQI,10.35,pKaH1,1,10.35,10.35,Uncertain,CCN(CC)CCCCCCNc1c2ccc(Cl)cc2nc2ccc(OC)cc12
AKNAIYFJTCRKEM,6.15,pKaH1,1,6.15,6.15,Approximate,CNc1nc(NC)c2nccnc2n1
AKNNEGZIBPJZJG,5.86,pKaH1,1,5.86,5.86,Uncertain,COc1ccc2c(c1OC)C(=O)O[C@@H]2[C@H]1c2c(cc3c(c2OC)OCO3)CCN1C
AKNUHUCEWALCOI,8.94,pKaH1,2,8.92,8.96,Approximate,CCN(CCO)CCO
AKNXRATZFDFGDS,2.04,pKaH1,1,2.04,2.04,Uncertain,Cc1nc2c(N(C)C)ncnc2n(-c2ccccn2)c1=O
AKYVCAZZLJAUMA,10.68,pKaH1,1,10.68,10.68,Approximate,N1CCC[C@@H]2CNCC[C@@H]12
ALHUXMDEZNLFTA,0.95,pKaH1,1,0.95,0.95,Uncertain,Cc1cnc2ccccc2n1
AMBFNDRKYCJLNH,9.95,pKaH1,1,9.95,9.95,Approximate,C1CCN(CCCN2CCCCC2)CC1
AMIYGFTVNIDCPN,3.4,pKaH1,1,3.4,3.4,Approximate,Cn1cnc2cc([N+](=O)[O-])ccc21
AMKPQMFZCBTTAT,4.7,pKaH1,1,4.7,4.7,Approximate,CCc1cccc(N)c1
AMOPBNMABDFREG,11.46,pKaH1,1,11.46,11.46,Approximate,Nc1ccc2c(N)c3ccccc3nc2c1
ANACGMSLZOYRSF,-0.6,pKaH1,1,-0.6,-0.6,Uncertain,CCN(CC#N)CC#N
ANDURLBISWGIFG,9.48,pKaH1,1,9.48,9.48,Approximate,OC(CN1CCCCC1)CN1CCCCC1
ANOJLHQGMTVKNE,9.45,pKaH1,1,9.45,9.45,Uncertain,CCCCOc1ccc(C(C)N)cc1
ANSUDRATXSJBLY,7.04,pKaH1,3,7.03,7.1,Approximate,COC(=O)[C@@H](N)CO
ANXRCNGTRAILEU,2.64,pKaH1,1,2.64,2.64,Approximate,COc1ccc(CSC)c(CSC)n1
ANYQMRXFJMGDDE,4.66,pKaH1,1,4.66,4.66,Approximate,CCOC(=O)N(N)c1ccccc1
AOHJOMMDDJHIJH,9.87,pKaH1,8,9.72,10.0,Reliable,CC(N)CN
AOKSNWCMVFPVSX,8.9,pKaH1,1,8.9,8.9,Uncertain,CN(C)CCCC(=O)C(CCN(C)C)c1ccccc1
AOPBDRUWRLBSDB,2.53,pKaH1,10,2.28,2.602,Reliable,Nc1ccccc1Br
AOXORXHOYSAGTF,3.1,pKaH1,1,3.1,3.1,Uncertain,Cc1cc(C)n(OCc2ccccc2)c(=O)n1
APFAVGLVJNQZSX,-1.22,pKaH1,1,-1.22,-1.22,Uncertain,Cc1cccc2noc(C)c12
APKBVNABERDZNB,10.07,pKaH1,1,10.07,10.07,Approximate,CNc1c(C)c(C)nc(C)c1C
APQPRKLAWCIJEK,9.37,pKaH1,2,9.16,9.58,Uncertain,NCCSSCCN
APTANHMYYZPGNW,6.16,pKaH1,1,6.16,6.16,Approximate,Nc1ncc(Oc2ccc(Cl)cc2)c(N)n1
APWZBEPOARUTTN,5.73,pKaH1,1,5.73,5.73,Approximate,CCN(CC)c1nc(C)cc(C)n1
APZOSGVUMBJPDB,3.53,pKaH1,1,3.53,3.53,Approximate,Clc1ccc2ncncc2c1
AQAGWSWODZXNOM,4.55,pKaH1,1,4.55,4.55,Approximate,CCN(CCC#N)CCC#N
AQIYBMPBNMBUCW,5.97,pKaH1,1,5.97,5.97,Approximate,CNc1nc(C)nc(SC)c1N
AQNVHTGCTLNRIE,9.97,pKaH1,3,9.91,10.12,Approximate,Cn1cc(Br)cnc1=N
AQPDKZAUQAXPDE,7.54,pKaH1,1,7.54,7.54,Approximate,CN(C)c1nc2ccc3c(c2[nH]1)CCCC3
AQVVQTSIDWYIBE,3.94,pKaH1,1,3.94,3.94,Unrated,COc1ccc(Sc2ccc(N)cc2)cc1
ARCJZLUZSFMSBJ,3.69,pKaH1,1,3.69,3.69,Approximate,CCOC(=O)c1ncnc2nc(C)cnc12
ARCSZHIPWBDSGJ,10.19,pKaH1,1,10.19,10.19,Approximate,c1cc2c(cn1)CCCN2
ARQOGCYMPUOVHK,7.57,pKaH1,2,7.51,7.63,Approximate,CC[C@@]12CCCN3CC[C@]4(c5cccc(OC)c5N(C(C)=O)[C@@H]4CC1)[C@H]32
ARUZWGFSMUUVTH,11.44,pKaH1,1,11.44,11.44,Approximate,COc1cnc(=N)n(C)c1
ARVRIMDXFDDULP,5.84,pKaH1,1,5.84,5.84,Approximate,CC(=O)N1CCNc2nc(N(C)C)nc(N(C)C)c21
ASFHDLDAWYTMJS,2.48,pKaH1,1,2.48,2.48,Approximate,COc1cccnn1
ASPPEEBPWWXYPQ,4.56,pKaH1,1,4.56,4.56,Approximate,CCCCCCCCNc1ncnc2[nH]ncc12
ASUDFOJKTJLAIK,9.4,pKaH1,3,9.28,9.61,Approximate,COCCN
ASVSCPGASITWDJ,4.5,pKaH1(eq),1,4.5,4.5,Approximate,CCc1ncc2ccccc2n1
ATDIROHVRVQMRO,0.69,pKaH1,1,0.69,0.69,Uncertain,Cc1cc(Br)c(N)c(Br)c1
ATGUVEKSASEFFO,5.2,pKaH1,1,5.2,5.2,Unrated,Nc1ccc(Nc2ccccc2)cc1
ATHGHQPFGPMSJY,10.1,pKaH1,1,10.1,10.1,Uncertain,NCCCCNCCCN
ATHYKBFSYFGMGW,8.0,pKaH1,1,8.0,8.0,Approximate,N=C(CC(N)c1ccccc1)NO
ATKYNAZQGVYHIB,10.28,pKaH1,1,10.28,10.28,Uncertain,O=C(OC1C[C@@H]2CC[C@@H](C1)N2)[C@H](CO)c1ccccc1
ATUVCQHZZIEZGF,9.48,pKaH1,1,9.48,9.48,Approximate,CCC(C)NC(O)c1ccc(OC)c(OC)c1
AUDJIMCCPSCDGO,9.58,pKaH1,1,9.58,9.58,Uncertain,CC1CCCCN1CCCOCc1ccccc1
AUFIRGPROMANKW,9.28,pKaH1,1,9.28,9.28,Uncertain,CN1CC=CCC1
AUFSOOYCQYDGES,9.88,pKaH1,1,9.88,9.88,Approximate,CNCC(C)c1ccccc1
AULOGPOZBOCNSX,4.42,pKaH1,1,4.42,4.42,Approximate,CSc1cccnc1
AUNRLASOCRKGLH,1.23,pKaH1,1,1.23,1.23,Uncertain,Cc1ccccc1-n1nnnc1N
AUPGCSRHUPOJDP,4.9,pKaH1,1,4.9,4.9,Approximate,NC(=O)c1cc(N)nc(N)n1
AUYUOHQABGMBSA,1.1,pKaH1,1,1.1,1.1,Uncertain,Cn1c(=O)cnc2cncnc21
AVFZOVWCLRSYKC,10.39,pKaH1,2,10.32,10.46,Approximate,CN1CCCC1
AVIBPONLEKDCPQ,8.56,pKaH1,1,8.56,8.56,Uncertain,CC(N)c1cccc([N+](=O)[O-])c1
AVKNGPAMCBSNSO,10.49,pKaH1,1,10.49,10.49,Approximate,NCC1CCCCC1
AVTGNCPHDBVRPD,6.05,pKaH1,1,6.05,6.05,Approximate,CC(CC(C#N)(c1ccccc1)c1ccccc1)N1CCOCC1
AVYGCQXNNJPXSS,1.55,pKaH1,2,1.529,1.57,Reliable,Nc1cc(Cl)ccc1Cl
AWIJPALBOQNRBS,3.57,pKaH1,1,3.57,3.57,Approximate,COc1cnc2ncncc2n1
AWJASWQPBSSCNB,9.08,pKaH1,1,9.08,9.08,Uncertain,CN1CCCOC1=Nc1ccccc1
AWJUIBRHMBBTKR,5.4,pKaH1,3,5.38,5.42,Approximate,c1ccc2cnccc2c1
AWWYEKXZSQSKDR,9.05,pKaH1,1,9.05,9.05,Uncertain,CCN(CC)CCNc1cc(C)nc(Nc2ccc(Cl)cc2)n1
AXHBXUGWACGXQP,2.96,pKaH1,1,2.96,2.96,Approximate,CCCCCN(CC[N+]1(C)CCCCC1)c1ccccc1
AXISFKMAANYUIA,7.72,pKaH1,1,7.72,7.72,Approximate,Cc1cc(N(C)C)nc(C)n1
AXNLREBQOMGJMQ,8.09,pKaH1,2,8.06,8.11,Approximate,Nc1ccc2nc3cc(N)ccc3cc2c1
AXNSLRXEYVFBJS,3.98,pKaH1,1,3.98,3.98,Approximate,CNc1cc(Cl)nc(N(C)C)n1
AXORVIZLPOGIRG,10.32,pKaH1,2,10.27,10.38,Approximate,CC(CN)c1ccccc1
AXSKLZVLVONUIC,1.3,pKaH1,1,1.3,1.3,Uncertain,Cn1ccc(=S)cc1
AXWLKJWVMMAXBD,10.45,pKaH1,2,10.43,10.47,Approximate,CCCCN1CCCCC1
AYXYDVGNSSGULQ,6.4,pKaH1,1,6.4,6.4,Approximate,CCOP(=O)(CN(CC)CC)C(C)O
AZHUOPNKXMFIAA,12.4,pKaH1,1,12.4,12.4,Uncertain,Cn1ccc(=N)c2ccccc21
BADSZRMNXWLUKO,0.6,pKaH1,1,0.6,0.6,Approximate,Clc1cn[nH]c1
BAEVILLEIGDCDN,4.3,pKaH1,1,4.3,4.3,Approximate,Clc1ccnc2c1ccc1cccnc12
BAGJUUIEBUNDNW,10.12,pKaH1,1,10.12,10.12,Unrated,NCCCCC(Cl)(Cl)Cl
BAIOOYDQZXNHEP,4.89,pKaH1,1,4.89,4.89,Uncertain,Cc1nc2c(N)nc(=O)nc-2n(-c2ccccc2)c1C
BAMPVSWRQZNDQC,4.55,pKaH1,1,4.55,4.55,Approximate,Cc1nc(C)c(C)s1
BANOTGHIHYMTDL,3.88,pKaH1,1,3.88,3.88,Approximate,Cn1ccnc1Br
BAOXJBYPTRZNSH,1.44,pKaH1,1,1.44,1.44,Uncertain,NC(=O)N/N=C/c1ccco1
BAVYZALUXZFZLV,10.66,pKaH1,7,10.466,10.787,Reliable,CN
BAWXQPZELMFENO,11.11,pKaH1,1,11.11,11.11,Approximate,C=CCn1c(C)cc(C)nc1=N
BBDYRWLTBBRTLK,-0.46,pKaH1,1,-0.46,-0.46,Uncertain,CCOC(=O)c1nc2c(OC(C)C)nc(N)nc2n(C)c1=O
BBELMWNCSCNWAO,0.78,pKaH1,1,0.78,0.78,Approximate,CCCCOc1ccc(N)c([N+](=O)[O-])c1
BBTNLADSUVOPPN,4.56,pKaH1,1,4.56,4.56,Approximate,Nc1nc(O)nc(O)c1N
BCGWQEUPMDMJNV,9.5,pKaH1,1,9.5,9.5,Uncertain,CN(C)CCCN1c2ccccc2CCc2ccccc21
BCRNSKZTFCXBLT,9.85,pKaH1,1,9.85,9.85,Uncertain,CCCCCC(O)C(C)(C)N
BCYFJNMFBCOSJG,4.41,pKaH1,1,4.41,4.41,Approximate,Cc1ccc2nc(C)ncc2c1
BDIZUYDPTVTWCZ,5.71,pKaH1,1,5.71,5.71,Approximate,CSc1nccc(N(C)C)n1
BDLZEBCBFTUAHD,4.46,pKaH1,1,4.46,4.46,Approximate,CSc1cccc2ncccc12
BDNSNXFLQOIPKI,6.55,pKaH1,1,6.55,6.55,Approximate,OC1NC=Nc2c(Cl)cccc21
BDSHNNKBWNAZIM,5.72,pKaH1,1,5.72,5.72,Approximate,Cc1ccc(NN)c(C)c1
BEBCJVAWIBVWNZ,7.95,pKaH1,3,7.93,8.2,Approximate,NCC(N)=O
BEGIOVGCDDIDMJ,12.6,pKaH1,1,12.6,12.6,Uncertain,CN(C(=N)N)c1ccc(Cl)cc1
BELFSAVWJLQIBB,4.11,pKaH1,1,4.11,4.11,Uncertain,Cc1ccc2cccc(C)c2n1
BELNCLKWXROWAR,5.29,pKaH1,1,5.29,5.29,Approximate,Cc1ccccc1N(C)N
BEMNZDZGBAGRAT,3.03,pKaH1,1,3.03,3.03,Approximate,CSc1ccc(N)cn1
BEPGHZIEOVULBU,10.63,pKaH1,3,10.47,10.74,Uncertain,CCNCCCNCC
BEUOAZQMTOKUSK,5.34,pKaH1,1,5.34,5.34,Approximate,CN(C)c1nc(N)c2nccnc2n1
BFFSYTDZBBOZFW,2.4,pKaH1,1,2.4,2.4,Approximate,Cn1nnc2ncnc(N)c21
BFHBAQJJQJPDGF,11.4,pKaH1,1,11.4,11.4,Approximate,C[C@H]1CCN2CCC[C@@H]12
BFPIOTHCNQDBNL,4.45,pKaH1,1,4.45,4.45,Unrated,O=[N+]([O-])c1ccc(CNc2ccccc2)cc1
BFSVOASYOCHEOV,9.82,pKaH1,5,9.687,9.926,Reliable,CCN(CC)CCO
BGCZGXQDXVUOKK,9.6,pKaH1,1,9.6,9.6,Approximate,NCCNCc1ccncc1
BGFJRGQOWIPLGM,2.05,pKaH1,1,2.05,2.05,Approximate,Cn1c(=O)cnc2cnc(N)nc21
BGHMXBKQKHWVHN,8.66,pKaH1,1,8.66,8.66,Approximate,CN=c1ncc(C=O)c(N)n1C
BGMYHTUCJVZIRP,5.32,pKaH1,1,5.32,5.32,Approximate,OC[C@H]1NC(O)[C@H](O)[C@@H](O)[C@@H]1O
BGQNOPFTJROKJE,4.44,pKaH1,1,4.44,4.44,Approximate,Cn1c(N)c(N)c(=O)n(C)c1=O
BGRHAICYXDPBAM,10.51,pKaH1,1,10.51,10.51,Approximate,COc1ccc2cn(C)c(=N)nc2c1
BGRMFZOXBPKLKM,6.75,pKaH1,1,6.75,6.75,Approximate,OC1NC=Nc2ccc(C(F)(F)F)cc21
BGTADJAFAVRPHY,12.72,pKaH1,1,12.72,12.72,Approximate,CN(C)c1cc(Cl)n(C)c(=N)n1
BGWFQRDYRSCOCO,10.82,pKaH1,1,10.82,10.82,Approximate,CCCCCC(C)NC
BGWUXZLHDLNYHW,2.11,pKaH1,1,2.11,2.11,Approximate,COc1cc(N)cc([N+](=O)[O-])c1
BGXLYXSWKXJNOY,10.97,pKaH1,1,10.97,10.97,Approximate,Cn1cc(-c2ccc(N)cc2)cnc1=N
BHAAPTBBJKJZER,5.34,pKaH1,12,5.24,5.464,Reliable,COc1ccc(N)cc1
BHDOPTIKCXSHGF,3.87,pKaH1,1,3.87,3.87,Approximate,COc1ccc(N(CC[N+]2(C)CCCCC2)C2CCCCC2)cc1
BHHGXPLMPWCGHP,9.85,pKaH1,6,9.79,9.88,Approximate,NCCc1ccccc1
BHHGXZXSPYWZRE,2.75,pKaH1,1,2.75,2.75,Approximate,Cn1nnc2c(N)ncnc21
BHIBCNAIPLXFBF,9.47,pKaH1,1,9.47,9.47,Unrated,NCC=C(Cl)Cl
BHLDFACEVDGQSV,5.62,pKaH1,1,5.62,5.62,Approximate,c1cnc2c(n1)CNCN2
BHRRPEQUXZLXBW,7.67,pKaH1,1,7.67,7.67,Approximate,NCc1c(F)c(F)c(F)c(F)c1F
BHURBFXYVURCEV,9.74,pKaH1,1,9.74,9.74,Approximate,CC(C)NCC(O)c1ccc(N)cc1
BJFPYGGTDAYECS,9.0,pKaH1,3,8.99,9.01,Approximate,NCc1cccc(Cl)c1
BJILMFOQIKLOAR,5.2,pKaH1,1,5.2,5.2,Approximate,CN(C)c1ncc2ccccc2n1
BJJDXAFKCKSLTE,6.97,pKaH1,1,6.97,6.97,Approximate,Cc1cc(N)nc(C)n1
BJWQWDCZAOFFLM,3.41,pKaH1,1,3.41,3.41,Approximate,CN(N)c1ccc(C(=O)O)cc1
BJYPUAVFYCRNFH,8.86,pKaH1,1,8.86,8.86,Approximate,CO[C@H]1O[C@H](CN)[C@@H](O)[C@H](O)[C@H]1O
BKCCAYLNRIRKDJ,9.9,pKaH1,1,9.9,9.9,Approximate,c1ccc(C2=NCCN2)cc1
BKLJUYPLUWUEOQ,2.6,pKaH1,1,2.6,2.6,Approximate,Nc1cccc(Br)n1
BKMMTJMQCTUHRP,9.43,pKaH1,1,9.43,9.43,Approximate,CC(N)CO
BKPVGIAXVCFLSN,0.62,pKaH1,1,0.62,0.62,Approximate,Cc1ccnn1-c1ccc([N+](=O)[O-])cc1
BKSBKQVZASYDAZ,8.6,pKaH1,1,8.6,8.6,Uncertain,CCCCCCN(CC(O)CC)CC(O)CC
BKTUZDRTDJEFOG,3.44,pKaH1,1,3.44,3.44,Approximate,CN(C)c1nc(N)ncc1[N+](=O)[O-]
BKZJRKNFIWYMBC,10.18,pKaH1,1,10.18,10.18,Approximate,CC1CCN(C)C(C)(C)C1
BLFLLBZGZJTVJG,2.51,pKaH1,3,2.366,2.8,Approximate,CCOC(=O)c1ccc(N)cc1
BLFRQYKZFKYQLO,10.36,pKaH1,2,10.35,10.38,Approximate,NCCCCO
BLGXFZZNTVWLAY,7.45,pKaH1,1,7.45,7.45,Uncertain,COC(=O)[C@@H]1[C@H]2C[C@H]3c4[nH]c5ccccc5c4CCN3C[C@@H]2CC[C@@H]1O
BLHVBCNLGBEOEO,7.71,pKaH1,1,7.71,7.71,Uncertain,CN1CCC2C(=C(c3ccccc3)c3ccccc32)C1
BLSRYZXFNUMONN,2.24,pKaH1,1,2.24,2.24,Approximate,CSc1nc(C)c2c(ncn2C)n1
BMDISKTZXDELHS,10.8,pKaH1,1,10.8,10.8,Uncertain,C=CC(C)(C)NC(C)(C)CC
BMFVGAAISNGQNM,10.66,pKaH1,2,10.6,10.71,Approximate,CC(C)CCN
BMQYUHSBQUHBQM,5.43,pKaH1,1,5.43,5.43,Approximate,CNc1nc(C)c2ccccc2n1
BMVXCPBXGZKUPN,10.6,pKaH1,2,10.56,10.64,Approximate,CCCCCCN
BNBLWPUWMNURAX,10.44,pKaH1,1,10.44,10.44,Uncertain,CC(C)CN1CCCCC1
BNCAGYIMFCFBOP,7.62,pKaH1,1,7.62,7.62,Uncertain,CN1C=Nc2ccccc2C1O
BNEWYCJJLVSGDX,8.86,pKaH1,1,8.862,8.862,Approximate,CCN(CC)CCNC(=O)c1cccc(C)c1C
BNNIVICOKAFRJE,5.23,pKaH1,1,5.23,5.23,Approximate,Cc1cc(C)nc(NC(C)C)n1
BNROKPZXXLRARR,3.47,pKaH1,1,3.47,3.47,Approximate,Cc1n[nH]c(-c2ccccc2)c1C
BNTKVWYAIIGBDI,8.4,pKaH1,1,8.4,8.4,Approximate,NCc1nccnc1N
BNVMODFGYCIDRM,6.15,pKaH1,2,6.13,6.17,Approximate,COc1nccc(N(C)C)n1
BOFVBIYTBGDQGY,3.76,pKaH1,2,3.67,3.86,Approximate,Nc1ccc(-c2ccc([N+](=O)[O-])cc2)cc1
BOLCFGMGGWCOOE,6.45,pKaH1,1,6.45,6.45,Uncertain,CC[C@@]1(NC(=O)[C@@H]2C=C3c4cccc5[nH]cc(c45)C[C@H]3N(C)C2)O[C@@]2(O)[C@@H]3CCCN3C(=O)[C@H](Cc3ccccc3)N2C1=O
BPBWGGWVUHSHJW,3.47,pKaH1,2,3.44,3.5,Approximate,COc1nc(N)nc2nccnc12
BPDAEBLNXMICHY,8.77,pKaH1,1,8.77,8.77,Approximate,CCCN(CCC)Cc1ccccn1
BPFBNAXGHSFGDC,10.2,pKaH1,1,10.2,10.2,Approximate,NCCN(CCN)CCN(CCN)CCN
BPMFZUMJYQTVII,2.82,pKaH1,1,2.82,2.82,Approximate,NC(N)=NCC(=O)O
BPPSPXOWNGOEGL,8.96,pKaH1,2,8.93,8.98,Approximate,c1ccc(C2=NCCN2)nc1
BPQRHXHHIOBCJI,3.9,pKaH1,1,3.9,3.9,Uncertain,CC1C(O)=C(C=O)C(CO)=CN1C
BPVTYXRNFNUPSR,5.26,pKaH1,1,5.26,5.26,Approximate,COc1cccc2cc3ccccc3nc12
BPYHGTCRXDWOIQ,2.33,pKaH1,1,2.33,2.33,Approximate,Nc1ncccc1[N+](=O)[O-]
BQACYHPDFUQUCV,5.29,pKaH1(threo),1,5.29,5.29,Approximate,Cc1cccc(C(O)C(O)c2cccc(C)n2)n1
BQIODHMXEPHLDO,6.98,pKaH1,2,6.9,7.06,Uncertain,Cc1nc2c(c(C)c1C)c(C)c(C)c1c(C)nccc12
BQIVJVAZDJHDJF,7.75,pKaH1,1,7.75,7.75,Approximate,CCOC(=O)[C@@H](N)C(C)C
BQNXHDSGGRTFNX,3.89,pKaH1,2,3.79,3.99,Approximate,CNc1ncccn1
BQQFSUKXGGGGLV,2.96,pKaH1,1,2.96,2.96,Approximate,Nc1ccn(-c2ccccc2)n1
BRKMMDUPCVYYQJ,3.9,pKaH1,1,3.9,3.9,Uncertain,CN=C1CC(=O)C=CC1=O
BRNULMACUQOKMR,9.0,pKaH1,1,9.0,9.0,Uncertain,C1CSCCN1
BRPSAOUFIJSKOT,1.76,pKaH1,1,1.761,1.761,Reliable,Nc1cccc(Cl)c1Cl
BRUQQQPBMZOVGD,8.6,pKaH1,1,8.6,8.6,Uncertain,COc1ccc2c3c1O[C@H]1C(=O)CC[C@@]4(O)[C@@H](C2)N(C)CC[C@]314
BSDDSRKVZZVVQX,10.43,pKaH1,1,10.43,10.43,Approximate,CNc1c2ccccc2nc2ccccc12
BSDGZUDFPKIYQG,3.76,pKaH1,2,3.75,3.78,Approximate,Brc1ccncc1
BSFBUEBSAVYQQR,3.79,pKaH1,1,3.79,3.79,Approximate,CNc1nc(N)cc(Cl)n1
BSFPFBIYGKFKGB,8.64,pKaH1,1,8.64,8.64,Uncertain,Cn1c2nc(=N)n(C)c(=O)c-2nc(-c2ccccc2)c1-c1ccccc1
BSGLGIKDBHPSMZ,7.96,pKaH1,1,7.96,7.96,Approximate,C#CC(C)(C)N(C)C
BSKHPKMHTQYZBB,5.96,pKaH1,13,5.87,6.06,Reliable,Cc1ccccn1
BSOWLNKNYSOBPY,7.57,pKaH1,1,7.57,7.57,Approximate,CC1=Nc2ccccc2C(O)(C(N)=O)N1
BSRDNMMLQYNQQD,0.2,pKaH1,1,0.2,0.2,Uncertain,N#CCNCC#N
BTSMHPNYPQWDGC,4.38,pKaH1,1,4.38,4.38,Unrated,O=[N+]([O-])c1ccc(NNc2ccccc2)cc1
BUGUPGUBULXQCR,11.15,pKaH1,1,11.15,11.15,Approximate,Cn1cnc(=N)c2ccccc21
BUMDERKPYCRYBH,5.31,pKaH1,1,5.31,5.31,Approximate,C=CCc1c(C)nc(NC)nc1C
BUOSLCODVPKNHD,7.3,pKaH1,1,7.3,7.3,Uncertain,COC(=O)CCCc1c[nH]cn1
BUWHCARWGYFQPE,9.81,pKaH1,1,9.81,9.81,Approximate,CNC(C)Cc1ccc(OC)c(OC)c1
BUYNQWWHXMVWEE,3.73,pKaH1,1,3.73,3.73,Approximate,Clc1cccc2ncncc12
BVANXEJOURFWSG,1.8,pKaH1,1,1.8,1.8,Uncertain,c1ccc(NC2CCc3ccccc32)cc1
BVAZAIOLNDHVSW,9.84,pKaH1,3,9.78,10.71,Uncertain,CN(C)c1ccc(C(N)(O)c2ccc(N(C)C)cc2)cc1
BVIAREMMQFAZQG,3.08,pKaH1,1,3.08,3.08,Approximate,COc1cccc(N)cc1=O
BVKCJNPSCYAZCT,8.91,pKaH1,1,8.91,8.91,Uncertain,CCC(C)(CN(C)C)OC(=O)c1ccc(N)cc1
BVKRBMWWTJMEHE,9.13,pKaH1,1,9.13,9.13,Approximate,CCN(CC)C(C)(C)C#N
BVOCRNXSHAYCCX,7.22,pKaH1,1,7.22,7.22,Uncertain,CN1CCOC1=Nc1ccccc1
BVPJPRYNQHAOPQ,0.54,pKaH1,1,0.54,0.54,Uncertain,Nc1ccc([N+](=O)[O-])c2ccccc12
BVRPXBKOVNVYKM,11.45,pKaH1,1,11.45,11.45,Approximate,CCc1cnc(=N)n(C)c1
BWESROVQGZSBRX,4.11,pKaH1(eq),1,4.11,4.11,Approximate,c1cnc2cncnc2c1
BWLUMTFWVZZZND,8.52,pKaH1,1,8.52,8.52,Approximate,c1ccc(CNCc2ccccc2)cc1
BWYJJZBRYSADRP,1.31,pKaH1,1,1.31,1.31,Uncertain,COc1ncc2ccccc2n1
BWZVCCNYKMEVEX,7.43,pKaH1,5,7.25,7.59,Approximate,Cc1cc(C)nc(C)c1
BXCUMAUHMPSRPZ,5.12,pKaH1,1,5.12,5.12,Approximate,Cc1cc(N)cc(C)c1C
BXGYBSJAZFGIPX,5.31,pKaH1,1,5.31,5.31,Approximate,OCCc1ccccn1
BXIXXXYDDJVHDL,3.83,pKaH1,1,3.83,3.83,Approximate,Nc1ccc(Cl)cc1N
BXNJHAXVSOCGBA,7.61,pKaH1,1,7.61,7.61,Unrated,COc1ccc2c(c1)[nH]c1c(C)nccc12
BXRMEWOQUXOLDH,7.32,pKaH1,6,7.23,7.6,Approximate,COC(=O)[C@@H](N)Cc1cnc[nH]1
BXWAZYIUOZTYEL,9.53,pKaH1,1,9.53,9.53,Approximate,C[Se]CCN
BYACHAOCSIPLCM,8.41,pKaH1,2,8.38,8.45,Approximate,OCCN(CCO)CCN(CCO)CCO
BYDVEWHYPYPRGQ,2.8,pKaH1,1,2.8,2.8,Approximate,CCOC(=O)NCc1nccnc1N
BZCRKMQTHLHKRU,4.34,pKaH1,1,4.34,4.34,Uncertain,Cc1nc2nc(N)nc(OC(C)C)c2nc1C
BZFIPFGRXRRZSP,3.28,pKaH1,1,3.283,3.283,Reliable,CC(C)c1nccs1
BZHQONUUVPZCBI,4.98,pKaH1,1,4.98,4.98,Approximate,Nc1cc([SH]=CC(=O)c2ccc(Br)cc2)nc(N)n1
BZORFPDSXLZWJF,6.59,pKaH1,1,6.59,6.59,Uncertain,CN(C)c1ccc(N)cc1
CABFTHPIDKWPNQ,3.86,pKaH1,1,3.86,3.86,Uncertain,COC(=O)c1cccc(N(C)C)c1
CACZIDDDEFIYTF,9.57,pKaH1,1,9.57,9.57,Approximate,CNc1ccncc1N
CAGXPPQTXUCBOY,8.82,pKaH1,1,8.82,8.82,Approximate,CNCC(=O)N(C)C
CANBGVXYBPOLRR,8.9,pKaH1,1,8.9,8.9,Approximate,CC(C=C(c1cccs1)c1cccs1)N(C)C
CANFPKDDUAQIKW,8.17,pKaH1,1,8.17,8.17,Uncertain,CC(C)N(c1ccc(C(O)(c2ccccc2)c2ccccc2)cc1)C(C)C
CAPCBAYULRXQAN,10.1,pKaH1,1,10.1,10.1,Uncertain,CCN(CC)CCCC(C)N
CAUPTGHSTDHRCZ,10.22,pKaH1,2,10.2,10.25,Uncertain,CCN(CC)CCCC(C)Nc1ccnc2ccccc12
CAWHJQAVHZEVTJ,1.5,pKaH1,1,1.5,1.5,Uncertain,Cc1cnccn1
CBBFWSMELCDMPZ,8.31,pKaH1,1,8.31,8.31,Approximate,CNCC(N)=O
CBCKQZAAMUWICA,6.2,pKaH1,7,6.08,6.34,Approximate,Nc1ccc(N)cc1
CBFHHXZSENSSMA,3.35,pKaH1(eq),1,3.35,3.35,Approximate,NC(=O)c1ncnc2ccccc12
CBHCDHNUZWWAPP,9.7,pKaH1,1,9.7,9.7,Uncertain,CN1CCCC(CN2c3ccccc3Sc3ccccc32)C1
CBJKYWQOFCTMLG,1.38,pKaH1,1,1.38,1.38,Unrated,CCS(=O)(=O)c1ccc(N)cc1
CBLZNMPPENPYGV,8.0,pKaH1,1,8.0,8.0,Uncertain,CCCCN(CCCC)CCCn1c2nc(=O)[nH]c(=O)c-2nc2cc(Cl)c(Cl)cc21
CBNLNXLAIMQSTR,3.3,pKaH1,1,3.3,3.3,Approximate,CCc1cc[nH]n1
CBTVGIZVANVGBH,9.71,pKaH1,5,9.535,9.853,Reliable,CC(C)(N)CO
CBTWKRLUNDZXIF,4.35,pKaH1,1,4.35,4.35,Uncertain,c1cncc(-c2ccc[nH]2)c1
CBYWMRHUUVRIAF,8.85,pKaH1,1,8.85,8.85,Approximate,CCN(CC)C(C)C=C(c1cccs1)c1cccs1
CCALQQLZBBGVAS,5.75,pKaH1,1,5.75,5.75,Approximate,CN1C(=O)N(CCN2CCOCC2)C(=O)C(C)(C2=CCCCC2)C1=O
CCBKVZTUZLEEEQ,7.8,pKaH1,1,7.8,7.8,Uncertain,Cc1cc(NC(C)CCC(C)C)nc(C)n1
CCQZGGAAWWFILR,8.31,pKaH1,1,8.31,8.31,Approximate,NC1=Nc2nccnc2C(c2c(O)nc(S)nc2O)N1
CCTNKJAIAAUWFB,4.96,pKaH1,1,4.96,4.96,Approximate,CSC1=Nc2nccnc2CN1
CDBMNYGKGNXEIG,9.8,pKaH1,1,9.8,9.8,Approximate,CCN(CC)CC(O)CN(CC)CC
CDKSEZAZZNDVCY,7.49,pKaH1,1,7.49,7.49,Approximate,CNc1ccncc1Br
CDODDZJCEADUQQ,10.38,pKaH1,1,10.38,10.38,Uncertain,CC1(C)CCCNC1
CDOZDBSBBXSXLB,9.57,pKaH1,1,9.57,9.57,Uncertain,CCN(CC)C(C)CN1c2ccccc2Sc2ccccc21
CDSGZTSPLQPIQD,0.91,pKaH1,1,0.91,0.91,Approximate,CCOC(=O)CNc1cccc(Cl)c1
CDSPOZXUDJUBEZ,10.02,pKaH1,1,10.02,10.02,Uncertain,CC(N)c1ccc(N)cc1
CDZOGLJOFWFVOZ,4.92,pKaH1,2,4.79,5.04,Approximate,CCCNc1ccccc1
CELKOWQJPVJKIL,2.99,pKaH1,2,2.97,3.0,Approximate,Fc1cccnc1
CEMZBWPSKYISTN,7.49,pKaH1,1,7.49,7.49,Approximate,COC(=O)[C@@H](N)C(C)C
CFAZGYXPBDCSPT,10.13,pKaH1,3,9.91,10.29,Approximate,NCCNCC(N)N
CFBVFBIZXQEQHX,2.8,pKaH1,1,2.8,2.8,Uncertain,Clc1ccc(C=Nc2ccccc2)cc1
CFNHVUGPXZUTRR,10.34,pKaH1,1,10.34,10.34,Approximate,CCCNCCN
CFPIZMWTMRWZRO,1.75,pKaH1,1,1.75,1.75,Approximate,CCN(CC)c1ccc([N+](=O)[O-])cc1
CFQWPZGWFQBDJP,3.02,pKaH1,1,3.02,3.02,Approximate,CC(C)CN(CC[N+]1(C)CCCCC1)c1ccccc1
CFRFHWQYWJMEJN,4.64,pKaH1,1,4.64,4.64,Uncertain,Nc1ccc2c(c1)Cc1ccccc1-2
CFVKPUWANVWLMH,4.78,pKaH1,1,4.78,4.78,Approximate,CCCCNc1nc(C)c2c(ncn2C)n1
CFYRYVOHOVKZPS,10.54,pKaH1,1,10.54,10.54,Approximate,CCn1c(N)nc(N)nc1=N
CFZHYRNQLHEHJS,4.5,pKaH1,1,4.5,4.5,Approximate,N=C(NO)c1ccccc1N
CGCVLTOGUMLHNP,9.88,pKaH1,3,9.7,10.13,Approximate,CC(C)(N)C(C)(C)N
CGGBUAWMFFPBOD,1.44,pKaH1,1,1.44,1.44,Uncertain,Nc1nnnn1Cc1ccccc1
CGNHCKZJGQDWBG,8.91,pKaH1,1,8.91,8.91,Uncertain,CC(CN(C)C)N1c2ccccc2Sc2ccccc21
CGNLNKFBSBFJHY,10.44,pKaH1,1,10.44,10.44,Approximate,NCCCCCc1ccccc1
CGOVTZGCKPMLMN,3.2,pKaH1,1,3.204,3.204,Reliable,CCc1cscn1
CGZDWVZMOMDGBN,3.37,pKaH1,1,3.372,3.372,Approximate,CCc1nccs1
CHAGGWKJBGUBBJ,-4.81,pKaH1,1,-4.81,-4.81,Uncertain,CN(C)c1c([N+](=O)[O-])cc([N+](=O)[O-])cc1[N+](=O)[O-]
CHHCCYVOJBBCIY,3.84,pKaH1,1,3.837,3.837,Reliable,CN(C)c1cccc(Cl)c1
CHIJEKAVDZLCJA,3.8,pKaH1,1,3.8,3.8,Unrated,Nc1ccc(C=Cc2ccc([N+](=O)[O-])cc2)cc1
CHLBMXJABUVAJX,2.37,pKaH1,3,2.304,2.428,Reliable,Nc1cc(I)cc(I)c1
CHLMFHKZCVSJIJ,9.71,pKaH1,1,9.71,9.71,Uncertain,CCN(CC)CCCOC(=O)C=Cc1ccccc1
CHNKRFXXARCZRN,4.91,pKaH1,1,4.91,4.91,Uncertain,Cc1n[nH]c2c(NCc3ccccc3)ncnc12
CHRMMMLUWHPZAH,2.84,pKaH1,2,2.81,2.87,Approximate,COc1ccc2cncnc2c1
CHRXUBKCJIDHDC,11.0,pKaH1,1,11.0,11.0,Uncertain,Cc1nc(=N)n(C)c(C)c1Br
CHUSSMQLPROPBM,5.49,pKaH1,1,5.49,5.49,Approximate,CC(=O)c1nccnc1N=CN
CHVNAJCSHLYMRZ,2.95,pKaH1,1,2.95,2.95,Approximate,CSc1nc2cncnc2n1C
CIGKUFHDOQQIFM,5.29,pKaH1,1,5.29,5.29,Approximate,CNc1nc(C)c(-c2ccc(N)cc2)c(C)n1
CILJSZLWPHTUIP,1.75,pKaH1,2,1.748,1.761,Reliable,COC(=O)c1ccc2ccccc2n1
CIPVVROJHKLHJI,6.91,pKaH1,2,6.7,7.12,Approximate,CCN(CC)c1cccc(C)c1
CITCTUNIFJOTHI,5.3,pKaH1,1,5.3,5.3,Approximate,Nc1nc(N)c2nccnc2n1
CIUYJYRQKYGNQP,8.59,pKaH1,2,8.52,8.65,Approximate,NCc1cccc([N+](=O)[O-])c1
CJAAPVQEZPAQNI,9.19,pKaH1,1,9.19,9.19,Approximate,Cc1ccccc1CN
CJDICMLSLYHRPT,2.63,pKaH1,3,2.47,2.654,Reliable,CN(C)c1cccc([N+](=O)[O-])c1
CJKGGEMWHZAIHO,6.55,pKaH1,1,6.55,6.55,Approximate,Nc1nc(N)c(Cc2ccccc2)c(N)n1
CJKRXEBLWJVYJD,10.31,pKaH1,2,10.16,10.46,Approximate,CCNCCNCC
CJNRGSHEMCMUOE,9.89,pKaH1,1,9.89,9.89,Approximate,NCCN1CCCCC1
CJQJCQCJBRYFJB,3.56,pKaH1,1,3.56,3.56,Uncertain,Nc1cccc(-c2cc(=O)c3ccccc3o2)c1
CJYBMNVOWYJIOQ,4.09,pKaH1,1,4.09,4.09,Approximate,CCCNc1ncccn1
CKIDZPVEWZNBAQ,4.62,pKaH1,1,4.62,4.62,Approximate,CC1=NNCC1c1ccccc1
CKMQHMONYSLAMU,3.34,pKaH1,1,3.34,3.34,Approximate,CCC(C)N(CC[N+]1(C)CCCCC1)c1ccccc1
CKQHAYFOPRIUOM,3.59,pKaH1,3,3.56,3.6,Approximate,CC(=O)c1cccc(N)c1
CLEZMGKIRJUQCT,5.5,pKaH1,1,5.5,5.5,Uncertain,NNc1ccc2ncccc2c1
CLIVBZOFLLDABH,2.77,pKaH1,1,2.77,2.77,Unrated,CS(=O)(=O)c1cccc2c(N)cccc12
CLSHIVMNTIHKFG,4.03,pKaH1,1,4.03,4.03,Uncertain,CCc1ccnnc1C
CLVBVRODHJFTGF,4.55,pKaH1,1,4.55,4.55,Approximate,N#CCN1CCCCC1
CLVJBRYGLQNRDA,2.1,pKaH1,1,2.1,2.1,Uncertain,O=[As](c1ccccc1)(c1ccccc1)c1ccccc1
CLWGTSXQVPJMOG,9.38,pKaH1,1,9.38,9.38,Approximate,Cc1ccc(C(O)CNC(C)C)cc1C
CLWHNSXKDOCYJS,5.53,pKaH1,1,5.53,5.53,Approximate,Cn1cccc2ccc(=O)cc1-2
CMBXOXAGFAWTIY,2.86,pKaH1,3,2.8,2.86,Approximate,Cn1c(N)nc(=O)c2nccnc21
CMEWLCATCRTSGF,4.54,pKaH1,1,4.544,4.544,Reliable,CN(C)c1ccc(N=O)cc1
CMKNPNIVLBZAPR,3.9,pKaH1,1,3.9,3.9,Approximate,COc1ccc2c(N)cccc2c1
CMNRELJATMVKLM,2.88,pKaH1,1,2.88,2.88,Approximate,CCCCN(CC[N+]1(C)CCCCC1)c1ccccc1
CMOIEFFAOUQJPS,3.35,pKaH1,1,3.353,3.353,Reliable,CCCc1nccs1
CMPVUVUNJQERIT,3.38,pKaH1,1,3.377,3.377,Reliable,CC(C)Cc1nccs1
CMXSPVQSHXOGDZ,5.9,pKaH1,2,5.7,6.1,Uncertain,CCCCCCCCCCCCCCN(CC(O)CC)CC(O)CC
CMYZORQZNKABPY,5.17,pKaH1,1,5.17,5.17,Approximate,CC1=NNC2(CCCC2)C1
CNTFDTNIEUOZSS,9.97,pKaH1(cat-N),1,9.97,9.97,Uncertain,COc1nc(=N)nc2n(C)c(C)c(C)nc1-2
CNUHMPWMVDJTSL,9.49,pKaH1,1,9.49,9.49,Uncertain,CC1CC=CCN1C
COABNVNLVJLMAS,2.97,pKaH1,1,2.97,2.97,Approximate,CSc1ncnc2ccccc12
COCFIBRMFPWUDW,9.42,pKaH1,1,9.42,9.42,Approximate,Cc1cc(N)c2ccccc2n1
COHBCZGOQNQERO,8.87,pKaH1,1,8.866,8.866,Approximate,CCN(CC)CCNC(=O)c1cc(C)cc(C)c1C
COSHJOZVKGAYBP,10.49,pKaH1,3,10.15,10.64,Approximate,C[C@@H]1CCC[C@H](C)N1C
COTXLVDYQTWZPW,2.36,pKaH1,1,2.36,2.36,Approximate,CN1CC(S)=Cc2ccccc21
COUPCIFVKYRXBN,-0.24,pKaH1,1,-0.24,-0.24,Approximate,CC(C)Nc1cc(O)ccc1[N+](=O)[O-]
CPAGZVLINCPJEH,9.9,pKaH1,1,9.9,9.9,Uncertain,Cn1cncc1CCN
CPQCSJYYDADLCZ,5.96,pKaH1,1,5.96,5.96,Approximate,CNO
CPQSQPKJKKHGPO,3.8,pKaH1,1,3.8,3.8,Uncertain,CN1C(=N)OC(c2ccccc2)C1=O
CQIKVOWCSGXCCG,-0.21,pKaH1,1,-0.21,-0.21,Approximate,CCNc1ccccc1[N+](=O)[O-]
CQIVJLUCYONFKU,8.9,pKaH1,1,8.9,8.9,Uncertain,O=c1nc2n(CCCN3CCCCC3)c3cc(Cl)c(Cl)cc3nc-2c(=O)[nH]1
CRJALRGNJLMCAQ,8.7,pKaH1,1,8.7,8.7,Uncertain,CC(O)CN(C)CCO
CRRGPIBVQLNTRN,4.4,pKaH1,1,4.4,4.4,Approximate,Cc1nc2cc([N+](=O)[O-])ccc2n1C
CRVBQABBEKLFIN,8.55,pKaH1,1,8.55,8.55,Approximate,NCC(N)c1ccccc1
CRVGTESFCCXCTH,8.54,pKaH1,2,8.52,8.57,Reliable,CN(CCO)CCO
CSAQZXLDYLTXHQ,4.83,pKaH1,1,4.83,4.83,Approximate,COc1cccc2nc(N)ncc12
CSDXHXYOUTXLCP,8.25,pKaH1,1,8.25,8.25,Uncertain,CC(C#N)CNCCCCCC(=O)O
CSFAYIHXWKUTHH,3.2,pKaH1,1,3.2,3.2,Uncertain,c1ccc(NN2CCOCC2)cc1
CSJAXRKDCCWCSJ,2.36,pKaH1,1,2.36,2.36,Approximate,Cn1ccc(=O)c2ccccc21
CSJRFBHCOMTVBX,10.25,pKaH1,1,10.25,10.25,Uncertain,CCN(CC)CCCCNc1ccnc2ccccc12
CSNFMBGHUOSBFU,7.6,pKaH1,1,7.6,7.6,Approximate,Nc1ncc(N)c(N)n1
CSOOPCCBJCNNDY,0.81,pKaH1,2,0.66,0.96,Uncertain,COc1ccc2c[n+]([O-])cnc2c1
CSWPOLMVXVBCSV,8.3,pKaH1,2,8.29,8.31,Approximate,CCC1CN1
CTAPFRYPJLPFDF,1.3,pKaH1,1,1.3,1.3,Uncertain,c1cnoc1
CTCXYUROOCBROE,7.8,pKaH1,1,7.8,7.8,Uncertain,CS(=O)(=O)CCNCCCCCC(=O)O
CTSQFHPACNZECX,8.3,pKaH1,1,8.3,8.3,Approximate,CCCCNC(C)C#N
CUAAIFSFSODTJU,9.06,pKaH1,1,9.06,9.06,Approximate,CC(C)NCC(O)c1ccc(C2CCCCC2)cc1
CUFNKYGDVFVPHO,-1.7,pKaH1,1,-1.7,-1.7,Uncertain,c1ccc2cccc-2cc1
CUXAWUIILQTNRW,3.56,pKaH1,1,3.56,3.56,Approximate,N#Cc1ccnc2c1ccc1cccnc12
CUYAYRDAKAKHLZ,8.81,pKaH1,1,8.81,8.81,Uncertain,c1cncc(CCN2CCCCC2)c1
CUYKNJBYIJFRCU,6.02,pKaH1,4,5.94,6.04,Approximate,Nc1cccnc1
CVHWJSFLYOUNDQ,3.4,pKaH1,2,3.33,3.46,Approximate,Nc1ccccc(=O)c1
CVLOAVGLAYWJHC,0.63,pKaH1,1,0.63,0.63,Approximate,O=[N+]([O-])c1cnc2cccnc2c1
CVRXLMUYFMERMJ,7.19,pKaH1,1,7.19,7.19,Uncertain,c1ccc(CN(CCN(Cc2ccccn2)Cc2ccccn2)Cc2ccccn2)nc1
CVVQPIGXTWGPDJ,6.83,pKaH1,1,6.83,6.83,Uncertain,CC(=O)C(CCN1CCOCC1)(c1ccccc1)c1ccccc1
CVXOCPONLQGJAE,6.1,pKaH1,1,6.1,6.1,Uncertain,CCCCCCCCCCCCCCN(CC(C)O)CC(O)CC
CWKVFRNCODQPDB,9.86,pKaH1,1,9.86,9.86,Approximate,CC(O)CNCCN
CWOMTHDOJCARBY,5.24,pKaH1,3,5.22,5.344,Reliable,Cc1cccc(N(C)C)c1
CWSGTPMVOJFVIF,10.08,pKaH1,2,10.03,10.13,Approximate,CC(C)(CN)c1ccccc1
CXISVQJZXGIVPX,5.6,pKaH1,1,5.6,5.6,Uncertain,CCCCCCCCCCCCCCCCN(CC(O)CC)CC(O)CC
CXIYBDIJKQJUMN,8.86,pKaH2(erythro),1,8.86,8.86,Approximate,O=C(O)[C@H](CO)Nc1ccccc1
CXNVOWPRHWWCQR,3.85,pKaH1,1,3.848,3.848,Reliable,Cc1cc(Cl)ccc1N
CXRIRBFSNTZALG,3.71,pKaH1,1,3.71,3.71,Approximate,Nc1ccc2ccc(Cl)cc2c1
CXSFWRQYYLGCCV,1.91,pKaH1,1,1.91,1.91,Uncertain,CC[As](=O)(CC)c1cccc([N+](=O)[O-])c1
CXWJDRREGHIEMH,3.88,pKaH1,1,3.88,3.88,Approximate,CNc1cc(Cl)nc(N)n1
CYCYZHMUOSKYBG,5.46,pKaH1,1,5.46,5.46,Approximate,C#CCNN
CYFYNEYNVJBEGC,6.46,pKaH1,1,6.46,6.46,Approximate,NC1=Nc2nccnc2C(O)N1
CYHOMWAPJJPNMW,10.3,pKaH1,4,9.86,11.02,Approximate,CN1[C@@H]2CC[C@H]1C[C@H](O)C2
CYKDCKOWQNJDAS,3.85,pKaH1,1,3.85,3.85,Approximate,Cc1ccc2ccccn12
CYSPWCARDHRYJX,3.87,pKaH1,1,3.87,3.87,Uncertain,Nc1cccc2c1Cc1ccccc1-2
CYSQNIFSCOEHDN,4.54,pKaH1,1,4.54,4.54,Approximate,Nc1ccc(NC(=O)c2ccc(Cl)cc2)cc1
CYVWYHPNJPSMJF,9.8,pKaH1,2,9.78,9.81,Approximate,C[SH]=C(N)N
CYWGSFFHHMQKET,9.49,pKaH1,3,9.18,9.56,Approximate,CSCCN
CZAAKPFIWJXPQT,4.81,pKaH1,3,4.75,4.81,Approximate,Nc1ncc2ccccc2n1
CZDNYLPBOCKQCY,-1.75,pKaH1,1,-1.75,-1.75,Uncertain,Cc1nc(C(F)(F)F)nc2ccccc12
CZFJRMBYCKMYHU,3.6,pKaH1,2,3.6,3.6,Uncertain,COCNc1nc(NCOC)nc(NCOC)n1
CZPWVGJYEJSRLH,1.23,pKaH1,1,1.23,1.23,Uncertain,c1cncnc1
CZZZABOKJQXEBO,4.89,pKaH1,3,4.84,4.89,Approximate,Cc1ccc(N)c(C)c1
DACJPBZSRPHVNN,4.12,pKaH1,1,4.12,4.12,Approximate,CC(C)(C)c1ncc2ccccc2n1
DAKZISABEDGGSV,9.15,pKaH1,2,9.05,9.25,Approximate,CC(=O)NCCN
DASKQQWJNJPUQZ,9.44,pKaH1,2,9.312,9.574,Approximate,CCN(CC)C(C)C(C)NC(=O)c1ccccc1
DAZXVJBJRMWXJP,10.16,pKaH1,1,10.16,10.16,Unrated,CCN(C)C
DBBRQJBNKDQSOM,6.06,pKaH1,1,6.06,6.06,Approximate,CN(C)c1nc(N)nc2nccnc12
DBNQJADGSCPGHO,9.0,pKaH1,1,9.0,9.0,Uncertain,CCCN(CC(O)CC)CC(O)CC
DBNRYDXNFGVUIK,2.92,pKaH1,1,2.92,2.92,Uncertain,CC1CC(=O)NN1C
DBOLXXRVIFGDTI,5.59,pKaH1,1,5.59,5.59,Approximate,c1ccc(Cc2ccncc2)cc1
DBQGARDMYOMOOS,2.52,pKaH1,1,2.52,2.52,Uncertain,COC(=O)c1ccc(N(C)C)cc1
DBQKXSASVZZXTG,9.7,pKaH1,1,9.7,9.7,Uncertain,CCN(CC)CCCCn1c2nc(=O)[nH]c(=O)c-2nc2cc(Cl)c(Cl)cc21
DCDUPAKQTWZERN,3.73,pKaH1,1,3.73,3.73,Approximate,CCCNc1ncc2nccnc2n1
DDACMXRJXYVGPX,5.31,pKaH1,2,5.27,5.35,Approximate,CC(C)(C)C1=NNCC1
DDEYOZZJZLZUIY,12.17,pKaH1,1,12.17,12.17,Uncertain,CNc1cc(Cl)n(C)c(=N)n1
DDHUNHGZUHZNKB,10.22,pKaH1,1,10.22,10.22,Approximate,CC(C)(CN)CN
DDQYSZWFFXOXER,7.05,pKaH1,1,7.05,7.05,Approximate,Nc1ccncc1Br
DDRJAANPRJIHGJ,4.8,pKaH1,7,4.68,4.881,Reliable,CN1CC(=O)NC1=N
DDRPCXLAQZKBJP,8.89,pKaH1,1,8.89,8.89,Uncertain,NCc1ccco1
DDRPNNAQDBKSQN,2.85,pKaH1,1,2.85,2.85,Approximate,CNc1ncc(Br)c(C)n1
DDUTWQBMJHOFNK,4.3,pKaH1,1,4.3,4.3,Approximate,O=[N+]([O-])c1ccc(-n2ccnc2)c([N+](=O)[O-])c1
DDXRJHKOXRKZAS,3.33,pKaH1,1,3.33,3.33,Uncertain,Cc1ccnc(=O)n1C
DEFYUEFWOBCOCX,4.8,pKaH1,1,4.8,4.8,Approximate,Nc1cc(Oc2ccccc2)nc(N)n1
DEGOJTIJRHPLRR,9.33,pKaH1,1,9.33,9.33,Uncertain,c1ccc(NC2=NCCCO2)cc1
DEHWGLHBJIDNSE,9.15,pKaH1,1,9.15,9.15,Approximate,CC(N)CC(N)=NO
DENPAKQJZNDKEL,3.3,pKaH1,1,3.3,3.3,Approximate,Nc1cccc(SC(F)(F)F)c1
DEPDDPLQZYCHOH,8.46,pKaH1,1,8.46,8.46,Approximate,Nc1ncc[nH]1
DEQITUUQPICUMR,6.89,pKaH1,1,6.89,6.89,Uncertain,CC(C)[C@@]1(NC(=O)[C@@H]2C[C@@H]3c4cccc5[nH]cc(c45)C[C@H]3N(C)C2)O[C@@]2(O)[C@@H]3CCCN3C(=O)[C@H](Cc3ccccc3)N2C1=O
DEUALFRBMNMGDS,4.64,pKaH1,1,4.64,4.64,Approximate,COc1cccc(N)n1
DEURIUYJZZLADZ,9.27,pKaH1,1,9.274,9.274,Approximate,NCCc1ncc[nH]1
DFCIJMAFVWIOHL,3.31,pKaH1,1,3.31,3.31,Approximate,CCOC(=O)C1NCc2nccnc2N1
DFMFWXDQDRPJPV,3.23,pKaH1,1,3.23,3.23,Approximate,Cc1ncc2cnn(C)c2n1
DFNYGALUNNFWKJ,5.32,pKaH1,2,5.3,5.34,Approximate,N#CCN
DFPAKSUCGFBDDF,3.33,pKaH1,3,3.2,3.35,Reliable,NC(=O)c1cccnc1
DFPGBRPWDZFIPP,10.3,pKaH1,1,10.3,10.3,Approximate,CCCCNCCN
DGBRXSKBFRWWNT,4.85,pKaH1,1,4.85,4.85,Approximate,CC1=NN(C)CC1
DGEZNRSVGBDHLK,4.89,pKaH1,10,4.55,5.07,Approximate,c1cnc2c(c1)ccc1cccnc12
DGPLXZCUMAPOTB,3.68,pKaH1,1,3.68,3.68,Approximate,CN(C)C=Nc1nn(C)nc1C#N
DGRGLKZMKWPMOH,4.68,pKaH1,1,4.68,4.68,Approximate,Cc1ccc(N)c(N)c1
DGZPPFXEGMARFY,2.77,pKaH1,1,2.77,2.77,Uncertain,Cc1nc2cnc(N(C)C)nc2n(C2CCCCC2)c1=O
DHGBSOMRGXWRSE,4.2,pKaH1,1,4.2,4.2,Uncertain,CN(C)c1ccn(C)c(=O)n1
DHIFACNRYNQQSB,6.6,pKaH1,1,6.6,6.6,Uncertain,N#CCCNC(CC(=O)O)c1ccccc1
DHKSJSQSVHHBPH,5.17,pKaH1(threo),1,5.17,5.17,Approximate,OC(c1ccncc1)C(O)c1ccncc1
DHYHYLGCQVVLOQ,3.54,pKaH1,10,3.21,3.602,Reliable,Nc1cccc(Br)c1
DHYLZDVDOQLEAQ,5.3,pKaH1,1,5.3,5.3,Uncertain,COc1nccc(N)n1
DIBQGBVBDZKSBC,2.51,pKaH1,1,2.51,2.51,Approximate,Cc1cncc(C)c1[N+](=O)[O-]
DIGVYXVJJKHSRY,8.37,pKaH1,1,8.37,8.37,Approximate,C=C(C)CC(=O)OC(C)N1CCCCC1
DIHIFAYUBGSXGR,1.4,pKaH1,1,1.4,1.4,Unrated,CC(C)S(=O)(=O)c1ccc(N)cc1
DIHKMUNUGQVFES,9.54,pKaH1,4,9.3,9.67,Approximate,CCN(CC)CCN(CC)CC
DIIIISSCIXVANO,7.52,pKaH1,1,7.52,7.52,Uncertain,CNNC
DILRJUIACXKSQE,9.53,pKaH1,1,9.53,9.53,Approximate,CN(C)CCN
DIVNUTGTTIRPQA,9.39,pKaH1,1,9.39,9.39,Approximate,COc1ccc(CN)cc1OC
DJBIBFPELYMWMA,9.07,pKaH1,1,9.07,9.07,Approximate,CCN(CC)CCNC(=O)c1ccc(C)c(C)c1
DJCJHFFRHKGOCQ,4.86,pKaH1,1,4.86,4.86,Approximate,Cc1cnc2[nH]ccc2c1
DJEQZVQFEPKLOY,10.19,pKaH1,1,10.19,10.19,Unrated,CCCCN(C)C
DJRLXHBFATVHJX,5.26,pKaH1,1,5.26,5.26,Approximate,OCCn1cnc2ccccc21
DKJAESIQEOLWNK,3.69,pKaH1,3,3.61,3.7,Approximate,Nc1cc2ccccc2nn1
DKNWSYNQZKUICI,10.58,pKaH1,3,10.39,10.71,Approximate,NC12CC3CC(CC(C3)C1)C2
DKYBVKMIZODYKL,9.75,pKaH1,1,9.75,9.75,Approximate,C1CNCNC1
DLNKOYKMWOXYQA,9.44,pKaH1,1,9.44,9.44,Approximate,CC(N)C(O)c1ccccc1
DLSOILHAKCBARI,10.19,pKaH1,1,10.19,10.19,Approximate,CC(C)(C)NCc1ccccc1
DLUHCVGLAZSJQG,4.29,pKaH1,1,4.29,4.29,Approximate,CN(C)c1cnc2ncncc2n1
DLURHXYXQYMPLT,0.4,pKaH1,1,0.403,0.403,Reliable,Cc1ccc(N)c([N+](=O)[O-])c1
DMQSHEKGGUOYJS,9.77,pKaH1,4,9.66,9.82,Uncertain,CN(C)CCCN(C)C
DMVOXQPQNTYEKQ,4.22,pKaH1,1,4.22,4.22,Approximate,Nc1ccc(-c2ccccc2)cc1
DNACGYGXUFTEHO,3.93,pKaH1,1,3.93,3.93,Approximate,Nc1cnc(N)nc1
DNCUQLUKVHRSHU,10.19,pKaH1,1,10.19,10.19,Approximate,N=C(N)OC1CCCCC1
DNPSMEGHIHDFAJ,8.7,pKaH1,2,8.69,8.72,Approximate,C[C@@H]1N[C@@H]1C
DNRFPVXCXURUTI,7.48,pKaH1,1,7.48,7.48,Approximate,CC(=O)N=C1NCCN1
DNRRCMOUVPFSTE,8.96,pKaH1,1,8.96,8.96,Approximate,CNc1nccnc1C(=N)N
DNSISZSEWVHGLH,-0.43,pKaH1,1,-0.43,-0.43,Approximate,CCCC(N)=O
DNVXFQJJANXZMH,7.46,pKaH1,1,7.46,7.46,Uncertain,CONC(=N)N
DODZTSARNRLOKY,6.82,pKaH1,2,6.81,6.83,Approximate,Nc1cnnc2ccccc12
DOLQYFPDPKPQSS,5.17,pKaH1,2,5.17,5.17,Approximate,Cc1ccc(N)cc1C
DOTBUYFHVQBUCY,7.17,pKaH1,1,7.17,7.17,Uncertain,CCC(C(=O)CCCN1CCOCC1)(c1ccccc1)c1ccccc1
DOWNAGDDLNPMQL,2.8,pKaH1,1,2.8,2.8,Approximate,Nc1nc(C=Cc2ccccc2)nc(Cl)c1N
DPBLXKKOBLCELK,10.64,pKaH1,5,10.57,10.79,Approximate,CCCCCN
DPCDGNQEAIAECL,8.95,pKaH1,1,8.95,8.95,Uncertain,CCN(CC)CCNc1ccnc2ccccc12
DPHZUYOKHNJDLR,4.15,pKaH1,1,4.15,4.15,Uncertain,CC1=NNC(C)=NN1
DPJCXCZTLWNFOH,-0.26,pKaH1,10,-0.31,-0.222,Approximate,Nc1ccccc1[N+](=O)[O-]
DPKTVUKEPNBABS,4.66,pKaH1,1,4.66,4.66,Approximate,CC(C)(C)c1cccc(N)c1
DPKWJKWZGPRUPI,6.04,pKaH1,1,6.04,6.04,Approximate,N#CC(CCN1CCOCC1)(c1ccccc1)c1ccccc1
DPNGWXJMIILTBS,5.26,pKaH1,1,5.26,5.26,Uncertain,c1cncc(C2=NCCC2)c1
DPSXNLVBNVMJBL,12.11,pKaH1,1,12.11,12.11,Approximate,Cn1cnc(=N)c(N)c1N
DQAIZGWCKXJRSP,3.08,pKaH1,2,3.0,3.15,Approximate,CC(C)(C)c1nccs1
DQBLDODOFYOPBJ,9.34,pKaH1,1,9.34,9.34,Approximate,CC(C)(C)c1ncnc2ccccc12
DQJBMEXYSHRWHP,4.13,pKaH1,1,4.13,4.13,Approximate,Nc1c(O)nc(O)nc1NCCO
DQVQMUOJOSAVNZ,4.12,pKaH1,1,4.12,4.12,Approximate,CNc1nc(SC)nc(NC)c1NC=O
DQZVUDZSBQMLJC,10.24,pKaH1,1,10.24,10.24,Approximate,Cc1cccc2c(N)c3ccccc3nc12
DRGAZIDRYFYHIJ,4.66,pKaH1,1,4.66,4.66,Uncertain,c1ccc(-c2cccc(-c3ccccn3)n2)nc1
DRGUQIQEUWFBDE,6.19,pKaH1,1,6.19,6.19,Approximate,Nc1ccc2ccncc2c1
DRHHXMDPOKHINI,8.23,pKaH1,1,8.23,8.23,Approximate,CC1CCCN(C(C)C=C(c2cccs2)c2cccs2)C1
DRNVEKFTJZVGKV,5.6,pKaH1,1,5.6,5.6,Uncertain,CCCCCCCCCCCCN(CC(O)CC)CC(O)CC
DRQWPSJVDHBHKF,2.69,pKaH1,1,2.69,2.69,Uncertain,Nc1cccc2nnccc12
DRXVFNKFBKFRON,3.26,pKaH1,1,3.26,3.26,Uncertain,C[Se]c1cccc2cccnc12
DRYRBWIFRVMRPV,5.77,pKaH1,2,5.7,5.84,Approximate,Nc1ncnc2ccccc12
DSBIJCMXAIKKKI,2.35,pKaH1,1,2.345,2.345,Reliable,Cc1ccc([N+](=O)[O-])cc1N
DSEBWAGPFJIQIX,10.04,pKaH1,2,9.89,10.2,Approximate,CCn1cc(Br)cnc1=N
DSHCGYUVWZUDSC,10.0,pKaH1,1,10.0,10.0,Uncertain,CCN(CC)CCCNc1c2ccc(Cl)cc2nc2ccc(OC)cc12
DSJJEJHMVGHXTN,8.32,pKaH1,1,8.32,8.32,Approximate,CCCC(=O)SCCN(C)C
DSOCOKWPNUHZRM,3.13,pKaH1,1,3.13,3.13,Approximate,CCN(CC)c1ncc2nccnc2n1
DTBDAFLSBDGPEA,5.15,pKaH1,2,5.14,5.17,Approximate,Cc1cnc2ccccc2c1
DTCATTNAWWPROE,12.21,pKaH1,1,12.21,12.21,Approximate,CCCc1c(C)nc(=N)n(C)c1C
DTFAJAKTSMLKAT,8.95,pKaH1,1,8.95,8.95,Approximate,NC1CC(N)C(O)C(O)C1O
DTGVQKUDTNRETI,4.73,pKaH1,1,4.73,4.73,Approximate,CSc1ccnc(N)n1
DTRAAFGZEFRUTK,6.1,pKaH1,1,6.1,6.1,Unrated,C[NH+]1CCCCC1CCN(CC1CCCCC1)CC1CCCCC1
DTVYNUOOZIKEEX,5.57,pKaH1,1,5.57,5.57,Approximate,Nc1cccc2cnccc12
DTWZALREPCVBIQ,6.77,pKaH1,1,6.77,6.77,Approximate,O=C1N[C@@H](Cc2cnc[nH]2)C(=O)N[C@H]1Cc1cnc[nH]1
DTXVKPOKPFWSFF,3.85,pKaH1,1,3.85,3.85,Uncertain,Nc1ccc(Cl)nn1
DUAZFYUNWBILMU,4.27,pKaH1,1,4.27,4.27,Approximate,Cc1nn(C)c(C)c1C
DUIOPKIIICUYRZ,3.58,pKaH1,2,3.52,3.65,Uncertain,NNC(N)=O
DUKKRSPKJMHASP,2.1,pKaH1,1,2.1,2.1,Uncertain,Nc1cc(Cl)ncn1
DUURDWSSXDZDJX,10.38,pKaH1,1,10.38,10.38,Uncertain,CCCCC(=O)C(CC(C)N(C)C)(c1ccccc1)c1ccccc1
DVNLFUOGRLEBKU,3.6,pKaH1,1,3.6,3.6,Approximate,CCOc1nc(C(=O)O)nc2c1NC(OCC)C(OCC)N2
DWDXXQHBIDECOI,3.26,pKaH1,1,3.26,3.26,Approximate,COc1cc(N)c2ccccc2c1
DWFKOMDBEKIATP,9.2,pKaH1,1,9.2,9.2,Uncertain,CN(C)CCN(C)CCN(C)CCN(C)C
DWFVOYGDFIDRJK,6.2,pKaH1,1,6.2,6.2,Approximate,CC(=O)OCc1c[nH]cn1
DWKPPFQULDPWHX,7.86,pKaH1,3,7.743,7.96,Approximate,COC(=O)[C@H](C)N
DWPYQDGDWBKJQL,5.6,pKaH1,1,5.6,5.6,Approximate,OCCc1ccncc1
DWVCZDMMGYIULX,-0.77,pKaH1,1,-0.77,-0.77,Uncertain,COc1ncc(Br)cn1
DXECASJWYMMPEY,7.81,pKaH1,1,7.81,7.81,Approximate,CCOC(=O)CNC(=O)CNC(=O)CNC(=O)CN
DXPQTHAFYUTZRR,4.5,pKaH1,3,2.95,4.52,Approximate,Cc1ncc2ccccc2n1
DXUVORFIFLMDTG,7.65,pKaH1,1,7.65,7.65,Approximate,Cn1nnc(N)c1CN
DYGFZYIDNISMBG,6.56,pKaH1,1,6.56,6.56,Approximate,OC1NC=Nc2ncccc21
DYOPCDJDGXZTGN,5.9,pKaH1,1,5.9,5.9,Approximate,Cc1cn(-c2ccc([N+](=O)[O-])cc2[N+](=O)[O-])c(C)n1
DYSRXWYRUJCNFI,1.87,pKaH1,1,1.867,1.867,Reliable,Nc1ccc(Br)cc1Br
DYUQXKXLJOIFPP,5.03,pKaH1,1,5.03,5.03,Approximate,Nc1ccc2nnccc2c1
DYUWTXWIYMHBQS,9.29,pKaH1,1,9.29,9.29,Approximate,C=CCNCC=C
DZBGTBPCKJUUOQ,7.95,pKaH1,1,7.946,7.946,Approximate,Cc1cc(C)c(C(=O)NCCN(C)C)c(C)c1
DZBUGLKDJFMEHC,5.36,pKaH1,2,5.15,5.58,Approximate,c1ccc2nc3ccccc3cc2c1
DZCQNVFLDVNVQS,9.47,pKaH1,1,9.47,9.47,Approximate,CCCCOc1ccc(C(O)NC(C)CC)cc1OC
DZLFKTBEHBZTGW,-0.1,pKaH1,1,-0.1,-0.1,Uncertain,Cc1cn(-c2ccc([N+](=O)[O-])cc2[N+](=O)[O-])nc1C
DZOLLBAXNWBQTB,3.4,pKaH1,1,3.4,3.4,Uncertain,COC1C(CN)=C(CO)C=NC1C
DZOSVKUXMNMXTK,8.86,pKaH1,1,8.86,8.86,Uncertain,CN(C)CCc1cccnc1
DZVOLCHPUOIJJV,5.91,pKaH1,1,5.91,5.91,Approximate,CN(C)C=Nc1ccccc1C#N
DZXPANOYWPGPTA,11.64,pKaH1,1,11.64,11.64,Approximate,CCCNC(=N)Cc1cccc2ccccc12
FAGUFWYHJQFNRV,9.68,pKaH1,1,9.68,9.68,Approximate,NCCNCCNCCNCCN
FAMIROKBNMLFLB,9.41,pKaH1,1,9.41,9.41,Approximate,Cc1ccc(CNCCN)cc1
FAQAWGBCHYPXSL,4.6,pKaH1,1,4.6,4.6,Approximate,Cc1cc2ncn([C@@H]3O[C@H](CO)[C@@H](O)[C@H](O)[C@H]3O)c2cc1C
FATQVQVMXNESGD,10.23,pKaH1,1,10.23,10.23,Approximate,CC(C)C(N)C(C)C
FAZVZOUZSCQCIA,5.28,pKaH1,1,5.276,5.276,Reliable,CCC1CSC(C(C)C)=N1
FBGJJTQNZVNEQU,4.92,pKaH1,2,4.85,5.0,Approximate,CNc1cccc(C)c1
FBGVTWONYOCYGA,0.73,pKaH1,1,0.73,0.73,Approximate,Nc1cnc(Cl)cc1Cl
FBHIZGIRQLCTPL,4.63,pKaH1,1,4.63,4.63,Approximate,Nc1ncc(C(=O)c2ccccc2)c(N)n1
FBOFHVFMPNNIKN,4.94,pKaH1,1,4.94,4.94,Uncertain,Cc1cc2ccccc2nc1C
FBPHZQBQWZDQGC,9.5,pKaH1,1,9.5,9.5,Uncertain,CC(=N)Nc1ccc(Cl)cc1
FBUIIWHYTLCORM,5.82,pKaH1,1,5.82,5.82,Approximate,CC(C)(C)c1cccnc1
FBXJOIKPPWLCJU,2.75,pKaH1,1,2.75,2.75,Uncertain,NNC(=O)CNC(=O)OCc1ccccc1
FCENYECMUQVOFK,2.27,pKaH1,1,2.27,2.27,Uncertain,CN(C)c1ncc([N+](=O)[O-])c(NC2(O)O[C@H](CO)[C@@H](O)[C@H](O)[C@H]2O)n1
FCJSISFRKUULPL,3.59,pKaH1,1,3.59,3.59,Approximate,CNc1ncc2nccnc2n1
FCLLONQOWRHUOE,0.81,pKaH1,1,0.81,0.81,Approximate,Nc1cnc2c(Cl)ncnc2n1
FCLPGDSITYLYCH,5.47,pKaH1,1,5.47,5.47,Unrated,NCC(Cl)(Cl)Cl
FDAYLTPAFBGXAB,4.37,pKaH1,1,4.37,4.37,Approximate,ClCCN(CCCl)CCCl
FDGQBIIJOSWJKJ,9.29,pKaH1,1,9.29,9.29,Approximate,CC(C)NCC(O)c1ccc(Br)c(Br)c1
FDMBBCOBEAVDAO,7.9,pKaH1,1,7.9,7.9,Uncertain,CCC(C)(CN(C)C)OC(=O)c1ccccc1
FDZNUEUIZPIJEN,0.36,pKaH1,1,0.36,0.36,Uncertain,OC[C@H]1OC(Nc2ccc(F)cc2)[C@H](O)[C@@H](O)[C@@H]1O
FEBQXMFOLRVSGC,7.15,pKaH1,1,7.15,7.15,Approximate,c1cncc(CNCc2cccnc2)c1
FELFEWTYNCUHLG,5.51,pKaH1,1,5.51,5.51,Uncertain,COc1cnc2nc(N)nc(N)c2n1
FENHXLUKSWNISV,5.0,pKaH1,1,5.0,5.0,Uncertain,Cc1ccc(N)cc1-c1cc(N)ccc1C
FENJKTQEFUPECW,4.5,pKaH1,1,4.5,4.5,Approximate,N#CCCNc1ccccc1
FEOIEIQLXALHPJ,2.97,pKaH1,1,2.969,2.969,Reliable,CN(C)c1cccc(C#N)c1
FEUISMYEFPANSS,10.56,pKaH1,5,10.49,10.62,Approximate,C[C@H]1CCCC[C@H]1N
FEXIEMAAKBNTFK,1.5,pKaH1,2,1.39,1.61,Approximate,O=[N+]([O-])c1ccncc1
FFCMRCFIDXDCIK,10.4,pKaH1,1,10.4,10.4,Approximate,CC(C)(C)NCCNCCNC(C)(C)C
FFCSRWGYGMRBGD,3.59,pKaH1,9,3.5,3.68,Reliable,Nc1cccc(I)c1
FFVIBBNDRFTYSJ,3.33,pKaH1,1,3.33,3.33,Approximate,CC(C)(C)Nc1ncc2nccnc2n1
FFVSGYAQHXJFAL,3.56,pKaH1,1,3.56,3.56,Approximate,CC(=O)c1ccc(N)c(N)c1
FGFGTGGJKPGWHH,4.58,pKaH1,1,4.58,4.58,Uncertain,CCOC(=O)CNc1nc(OCC)nc(C(=O)OCC)c1N
FGHIGWGYVPCKMB,3.88,pKaH1,1,3.88,3.88,Approximate,Cn1ccc(=O)c(N)c1
FGLPIWSCAOGYBA,2.73,pKaH1,1,2.73,2.73,Approximate,Nc1ccc2cccc([N+](=O)[O-])c2c1
FGODPVCKFLEVFG,5.53,pKaH1,1,5.53,5.53,Approximate,COc1ccccc1NN
FGRJGEWVJCCOJJ,8.62,pKaH1,2,8.61,8.64,Approximate,CC1(C)CN1
FGYADSCZTQOAFK,5.57,pKaH1,3,5.54,5.66,Approximate,Cn1cnc2ccccc21
FHVBVMVYNGVYDE,2.07,pKaH1,1,2.07,2.07,Approximate,Nc1cc([N+](=O)[O-])cc2ccccc12
FIEGNRFKXOJXGD,2.85,pKaH1,1,2.85,2.85,Approximate,CCOC(=O)COn1c(C)cc(C)nc1=O
FIFUHAFCHMUQIM,7.9,pKaH1,1,7.9,7.9,Uncertain,CCN(CC)c1ccc(C(O)(c2ccccc2)c2ccc(N(CC)CC)cc2)cc1
FIGLVDZQRZKELT,2.12,pKaH1,1,2.12,2.12,Approximate,CC(=O)N1CCN(C(C)=O)c2c(C)ncnc21
FIIVJDIEDSXVNJ,7.45,pKaH1,1,7.45,7.45,Approximate,CC(=O)NN=C1CCN(C)CC1
FINHMKGKINIASC,3.6,pKaH1,1,3.6,3.6,Uncertain,Cc1nc(C)c(C)nc1C
FISYDCPIZUEFLA,4.7,pKaH1,1,4.7,4.7,Uncertain,CSC1(N(C)C)Nc2ccc3c(c2N1)CCCC3
FIVTYUAAMZDLMP,4.04,pKaH1,1,4.04,4.04,Approximate,CNc1cc(Cl)nc(NC)n1
FIWBMWDSMYHWSU,4.66,pKaH1,1,4.66,4.66,Approximate,CCCCNc1nccc(C)n1
FJDUDHYHRVPMJZ,10.64,pKaH1,1,10.64,10.64,Approximate,CCCCCCCCCN
FJGXRSVKOVABCX,5.93,pKaH1,1,5.93,5.93,Uncertain,Cc1ncc(C(N)=O)c(N(C)C)n1
FJKUOCCQEBLPNX,1.31,pKaH1,1,1.31,1.31,Approximate,[O-][n+]1cccc2cccc(O)c21
FJLUATLTXUNBOT,10.61,pKaH1,1,10.61,10.61,Approximate,CCCCCCCCCCCCCCCCN
FJPUKSYZTJSGHC,4.03,pKaH1,1,4.03,4.03,Approximate,Cc1cnc2nc(N)ncc2n1
FJRLSRUBXMUSOC,10.91,pKaH(ax),1,10.91,10.91,Approximate,CC1CCC2CCCCC2N1
FKEYLVBZOQMOOV,10.75,pKaH1,1,10.75,10.75,Uncertain,CC(C)C1CCCNC1
FKGBDTAREVJBGX,0.7,pKaH1,1,0.7,0.7,Uncertain,Nc1nnnn1-c1cccc(Cl)c1
FKIXNFRNUBGNOJ,7.51,pKaH1,1,7.51,7.51,Approximate,Cc1cccc2c(N)nc3ccccc3c12
FKKJJPMGAWGYPN,8.92,pKaH1,1,8.92,8.92,Uncertain,NCc1cccs1
FKMDHVOHDANIDG,5.85,pKaH1,1,5.85,5.85,Approximate,COc1ccnc(N(C)C)n1
FKNQCJSGGFJEIZ,6.03,pKaH1,15,5.92,6.19,Reliable,Cc1ccncc1
FLBAYUMRQUHISI,3.36,pKaH1,1,3.36,3.36,Approximate,c1cnc2ncccc2c1
FLCZCPYRUZKJAQ,10.27,pKaH1,1,10.27,10.27,Uncertain,CN=c1oc2c(n1C)CCCC2
FLDYBLAUDDQRAB,8.35,pKaH1,1,8.35,8.35,Uncertain,Cc1cc(NN)nc2ccccc12
FLLOPFVCEBJDLE,1.08,pKaH1,1,1.08,1.08,Uncertain,Cc1cccc(-n2nnnc2N)c1
FLNMQGISZVYIIK,2.0,pKaH1,1,2.0,2.0,Approximate,CCn1cccn1
FLZFUYSRBSWBPN,4.7,pKaH1,1,4.7,4.7,Approximate,Cc1nc(C)c2c(C)cccc2n1
FMEADLDPCHLZPX,6.88,pKaH1,1,6.88,6.88,Approximate,NC(=O)C1(O)NC=Nc2ccccc21
FMKMKBLHMONXJM,3.95,pKaH1,1,3.95,3.95,Unrated,Cc1cc(N)n(-c2ccccc2)n1
FNGCZPANGGUOPU,4.75,pKaH1,2,4.68,4.82,Approximate,Nc1ccc2c(c1)-c1ccccc1C2
FNHWFALBBBUBGY,3.05,pKaH1,2,3.04,3.056,Reliable,CC(C)(C)c1cscn1
FNMDWGQNHGEWQZ,7.8,pKaH1,10,7.6661,7.92,Reliable,OCCNCC(O)O
FNRBJMADWMWFMZ,8.67,pKaH1,1,8.67,8.67,Approximate,CCc1cnccc1N(C)C
FNYXJOYPHLKLRW,4.57,pKaH1,1,4.57,4.57,Approximate,CNC(=O)c1c(NC)ncn1C
FOBXNGRQPJUTNJ,-0.17,pKaH1,1,-0.17,-0.17,Approximate,CCOC(=O)CNc1cccc([N+](=O)[O-])c1
FODINMBHBMIPHY,8.24,pKaH1,1,8.24,8.24,Approximate,CCCOP(C)(=O)OCCN(C)C
FOEXPGFIIYSJOS,4.73,pKaH1,1,4.73,4.73,Approximate,Cc1nc(N(C)C)nc2c1ncn2C
FOHHWGVAOVDVLP,1.9,pKaH1,1,1.9,1.9,Uncertain,Nc1ccc(Cl)c([N+](=O)[O-])c1
FORGMRSGVSYZQR,7.8,pKaH1,1,7.8,7.8,Approximate,CC(C)C[C@H](N)C(N)=O
FOXVXKQOEJNTAB,4.33,pKaH1,1,4.33,4.33,Approximate,Nc1cnc2ncnc(N)c2n1
FOYXDUZLHTUVBS,9.2,pKaH1,1,9.2,9.2,Uncertain,CCC(O)CN(CC)CC(C)O
FPESFSSXBUOKMT,6.28,pKaH1,1,6.28,6.28,Approximate,CSc1nc2ccncc2n1C
FPJVAOMRFGKZOS,9.41,pKaH1,1,9.41,9.41,Approximate,CC(C)NCC(O)c1ccccc1F
FPKAQKHPFNUBLJ,9.14,pKaH1,1,9.14,9.14,Approximate,CC(=NO)C(C)(C)CCCN
FPNHOTHCCITCDN,8.9,pKaH1,1,8.9,8.9,Uncertain,CCCN(CCO)CC(C)O
FPSWXPXRLCSGIV,6.53,pKaH1,1,6.53,6.53,Approximate,CN(C)c1ccncc1Br
FPYMNLZHTALCAA,12.3,pKaH1,1,12.3,12.3,Approximate,Cn1cc(Cl)ccc1=N
FQFVANSXYKWQOT,4.85,pKaH1,1,4.85,4.85,Uncertain,N[C@@H](Cc1ccncc1)C(=O)O
FQOBINBWTPHVEO,2.47,pKaH1,1,2.47,2.47,Approximate,c1cnc2nccnc2n1
FQORWEQXRQVPBZ,8.81,pKaH1,1,8.81,8.81,Approximate,N[C@@H](CO)[C@@H](O)[C@H](O)[C@H](O)CO
FQRWJLVMJCKSME,8.41,pKaH1,1,8.41,8.41,Approximate,CC(C=C(c1cccs1)c1cccs1)N1CCCCC1
FQUIGIBJXTUFCB,3.02,pKaH1,1,3.02,3.02,Uncertain,CC1CN(C)NC1=O
FQUYSHZXSKYCSY,10.25,pKaH1,2,10.09,10.41,Approximate,C1CNCCNC1
FQYRLEXKXQRZDH,9.15,pKaH1,2,9.13,9.17,Approximate,Nc1ccnc2ccccc12
FRBUNLLUASHNDJ,3.5,pKaH1,1,3.5,3.5,Approximate,NNc1ccccc1[N+](=O)[O-]
FRCFWPVMFJMNDP,5.5,pKaH1,3,5.3,5.77,Approximate,CC(C)Nc1ccccc1
FRGXNJWEDDQLFH,6.03,pKaH1,2,6.02,6.04,Approximate,CC(C)c1ccncc1
FRNKWNJKUPKZOW,1.99,pKaH1,1,1.99,1.99,Approximate,COC(=O)c1cc(C(=O)OC)c(C(=O)OC)nc1C(=O)OC
FSBRKZMSECKELY,3.97,pKaH1,1,3.97,3.97,Approximate,Nc1cccc2cc(O)ccc12
FSHNMTIIBBCEFK,5.71,pKaH1,1,5.71,5.71,Approximate,Nc1ncc2c(n1)Nc1ccccc1S2
FSNDXEOVNHJKNS,4.52,pKaH1,1,4.52,4.52,Approximate,Cc1nnc(N)n(C)c1=O
FSSNXMRXDZNMPK,2.9,pKaH1,1,2.9,2.9,Approximate,Cn1ccc(C(C)(C)C)nc1=O
FSSOQNSFFZSKAX,3.95,pKaH1,1,3.95,3.95,Uncertain,CN(C)c1cc(Cl)nc(N)n1
FSTNGTSBUDEUOE,8.06,pKaH1,1,8.065,8.065,Approximate,Cc1ccc(C)c(C(=O)NCCN(C)C)c1C
FTCYIGBVOHNHCD,4.03,pKaH1,1,4.03,4.03,Approximate,CC(C)Nc1ncccn1
FTNPLPIRGSPBKQ,7.41,pKaH1,1,7.41,7.41,Approximate,CCCCNc1cc(C)nc(C)n1
FTZQXOJYPFINKJ,3.2,pKaH1,5,2.96,3.25,Approximate,Nc1ccccc1F
FUIRUFXAVIHAQB,9.75,pKaH1,1,9.75,9.75,Unrated,CN(C)CC(C)(C)C
FUOSRKZBOIVBOS,3.68,pKaH1,1,3.68,3.68,Approximate,Nc1ccc(I)cc1N
FUPRESGGKITVQE,10.2,pKaH1,1,10.2,10.2,Uncertain,CCN(CC)CCCC(C)Nc1ccnc2ccc(OC)cc12
FURHRJBOFNDYTG,8.79,pKaH1,1,8.79,8.79,Approximate,NCCF
FUUUBHCENZGYJA,10.93,pKaH1,1,10.93,10.93,Approximate,C1CCC(NC2CCCC2)C1
FUVJXDPEJMGTFG,5.8,pKaH1,1,5.8,5.8,Uncertain,CN(C)c1ccc(N=Nc2ccncc2)cc1
FUVWRUJASRBHEK,6.9,pKaH1,1,6.9,6.9,Approximate,Nc1ncc(-c2ccccc2)c(N)n1
FUZLRTGGPPIBJQ,8.16,pKaH1,1,8.16,8.16,Uncertain,CN(C)c1ccnc(N(C)C)n1
FVCXJXKLDUJOFA,7.25,pKaH1,2,7.23,7.27,Approximate,Nc1nc2ccccc2c2ccccc12
FVFDFWNLZLDSHS,3.95,pKaH1,1,3.95,3.95,Approximate,Cc1nc2cnccc2n(C)c1=O
FVLAYJRLBLHIPV,2.67,pKaH1,2,2.51,2.83,Approximate,Nc1cncnc1
FVSQDINWZWYXNT,9.7,pKaH1,1,9.7,9.7,Uncertain,CCN(CC)CCCn1c2nc(=O)n(C)c(=O)c-2nc2cc(Cl)c(Cl)cc21
FVVXWRGARUACNW,5.64,pKaH1,1,5.64,5.64,Unrated,Cc1cc2ccccc2cn1
FVXMCDQBODNEMR,3.26,pKaH1,1,3.26,3.26,Approximate,CNc1ncc(-c2ccc(Cl)cc2)cn1
FVYBAJYRRIYNBN,5.2,pKaH1,1,5.2,5.2,Approximate,NC(Cc1ccccc1)=NO
FVYFBDAPQGSTOV,1.87,pKaH1,1,1.87,1.87,Approximate,Cc1nn(-c2ccc([N+](=O)[O-])cc2)c(C)c1C
FVZXYJDGVYLMDB,5.61,pKaH1,1,5.61,5.61,Approximate,OCCCc1ccccn1
FWIFLKHKJWZSTI,9.7,pKaH1,1,9.7,9.7,Approximate,C=CCOC(=N)N
FWJGLCAFBJXEJV,10.36,pKaH1,1,10.36,10.36,Approximate,C#CCn1c(C)cc(C)nc1=N
FWQYIQMXOCOTHC,4.95,pKaH1,1,4.95,4.95,Approximate,CNc1ncnc(NC)c1NC=O
FWWKXDIHDPNQAK,4.57,pKaH1,1,4.57,4.57,Uncertain,Cc1n[nH]c2c(Nc3ccccc3)ncnc12
FWZLRKCFEKMKAV,9.65,pKaH1,1,9.65,9.65,Unrated,NCCC(Cl)(Cl)Cl
FXHJGPDCPMCUKW,8.75,pKaH1,1,8.75,8.75,Uncertain,CN(C)CCc1ccccn1
FXOJTUBLHUQEBD,2.33,pKaH1,1,2.33,2.33,Approximate,Cn1cnc(=O)c2ncc(N)nc21
FXRCFWSUCFIHLF,6.29,pKaH1,1,6.29,6.29,Approximate,Nc1cnc2c(N)nc(N)nc2n1
FXTKKSPUTNSBOH,8.15,pKaH1,1,8.15,8.15,Approximate,CC1CCN(C(C)C=C(c2cccs2)c2cccs2)CC1
FXWFZIRWWNPPOV,1.36,pKaH1,1,1.36,1.36,Approximate,Nc1ccccc1C=O
FYNPLHNDQGBMFZ,5.3,pKaH1,1,5.3,5.3,Approximate,CNc1ncnc(N(C)C)c1N
FYYPYNRGACGNNN,1.1,pKaH1,1,1.1,1.1,Uncertain,N#CCCN(CCC#N)CCC#N
FZCGXILNOXYREX,9.68,pKaH1,1,9.68,9.68,Uncertain,CCN(CC)CCNc1c2ccc(Cl)cc2nc2ccc(OC)cc12
FZCNJOQOLICXLP,1.18,pKaH1,1,1.18,1.18,Uncertain,Cn1cnc(=O)c2nccnc21
FZERHIULMFGESH,0.5,pKaH1,1,0.5,0.5,Uncertain,CC(=O)Nc1ccccc1
FZEWJPWEKUSGSK,2.6,pKaH1,1,2.6,2.6,Approximate,CCn1cccnc1=O
FZKCAHQKNJXICB,-2.22,pKaH1,1,-2.22,-2.22,Uncertain,c1ccc2nocc2c1
FZRFGFQUXQUVAS,7.53,pKaH1,1,7.53,7.53,Approximate,CNc1nccc(N)n1
FZSXGPCCNLUZBC,3.61,pKaH1,1,3.61,3.61,Approximate,Nc1cccc(=O)cc1
FZSXKNJOKINZSF,2.24,pKaH1,2,2.17,2.3,Approximate,c1ccc(-c2nccs2)nc1
FZWLAAWBMGSTSO,2.52,pKaH1,5,2.44,2.55,Reliable,c1cscn1
FZWUIWQMJFAWJW,2.6,pKaH1,1,2.6,2.6,Approximate,COc1cncc(Br)c1
FZXCBSDWXUQZBL,9.06,pKaH1,1,9.06,9.06,Approximate,CSc1ccc(C(O)CNC(C)C)cc1
GACCHRZLNADJNW,6.84,pKaH1,1,6.84,6.84,Uncertain,CN1CCSC1=Nc1ccccc1
GASHIGIPRIAYJI,8.26,pKaH1,1,8.26,8.26,Approximate,CCC(=O)OC(C)CN(C)C
GAWQMBKSZUJMML,8.69,pKaH1,1,8.69,8.69,Approximate,Cc1cnccc1N(C)C
GBAXGHVGQJHFQL,8.81,pKaH1,1,8.81,8.81,Reliable,CC(O)CNCCO
GBBVCUHEJCSCQA,6.09,pKaH1,1,6.09,6.09,Approximate,Cn1cccc2c(=O)cccc1-2
GBHCABUWWQUMAJ,7.12,pKaH1,1,7.12,7.12,Approximate,NNCCO
GBHRZTVPMKKJKL,9.36,pKaH1,1,9.36,9.36,Approximate,CC(C)NCC(O)c1cccc(I)c1
GBKMJTCLMXSYPC,8.11,pKaH1,1,8.11,8.11,Uncertain,CCCCOc1cccc(C(=O)OCCN(CC)CC)c1
GBNBVYOYVUALOC,5.1,pKaH1,1,5.1,5.1,Approximate,C=CCc1c(C)nc(N)nc1C
GBVSGUDYKAMJLK,9.6,pKaH1,1,9.6,9.6,Uncertain,CCC(O)CN(CC(O)CC)C(C)(C)C
GCCFKWJZPOKELJ,5.36,pKaH1,1,5.357,5.357,Reliable,CCC1=NC(CC)CS1
GCMNJUJAKQGROZ,7.3,pKaH1,1,7.3,7.3,Approximate,Nc1ccc2ccccc2n1
GCOXWJWUQJLHOI,3.67,pKaH1,1,3.67,3.67,Uncertain,CC(C)Oc1nc(N)nc2nccnc12
GDCDHNUYXXZRKA,10.15,pKaH1,1,10.15,10.15,Uncertain,CCN(CC)CCCC(C)Nc1ccnc2cc(Br)ccc12
GDHRQDYGUDOEIZ,10.08,pKaH1,1,10.08,10.08,Unrated,CC(C)CN(C)C
GDIIPKWHAQGCJF,2.99,pKaH1,2,2.96,3.022,Reliable,Cc1ccc(N)cc1[N+](=O)[O-]
GDIMNXJSMJSDSB,7.75,pKaH1,1,7.75,7.75,Approximate,CC(C#N)CN
GDSQTWDUCDSZEY,4.01,pKaH1,1,4.01,4.01,Approximate,c1n[nH]c2c1CCCC2
GDWWVSYXGGTYFZ,10.55,pKaH1,1,10.55,10.55,Approximate,c1ccc(CN=c2ncccn2Cc2ccccc2)cc1
GDZRJFWQCPISHE,7.01,pKaH1,1,7.01,7.01,Approximate,Nc1c2ccccc2nc2c(O)cccc12
GEBRPJJJIRIALP,5.45,pKaH1,1,5.45,5.45,Uncertain,c1ccc2nc3c(cc2c1)CCC3
GEEYRGKURBFCRN,5.9,pKaH1,1,5.9,5.9,Uncertain,CCC1(c2ccccc2)C(=O)N(CCN2CCOCC2)C(=O)N(CCN2CCOCC2)C1=O
GELMWIVBBPAMIO,10.2,pKaH1,1,10.2,10.2,Approximate,CCC(C)(C)N
GEMCWVNKCZNIML,2.73,pKaH1,1,2.73,2.73,Approximate,CNc1ncnc(N)c1[N+](=O)[O-]
GEQHKFFSPGPGLN,10.33,pKaH1,2,10.3,10.36,Approximate,N[C@@H]1CCC[C@H](N)C1
GESPRUVYTLDFDD,3.73,pKaH1,1,3.73,3.73,Approximate,COc1nncc2ccccc12
GETQZCLCWQTVFV,9.81,pKaH1,8,9.692,9.987,Reliable,CN(C)C
GETVAVSPJPOZHM,4.76,pKaH1,1,4.76,4.76,Approximate,Cc1ccc2c(c1)ncc1ccccc12
GETVBTMFGVOGRW,5.97,pKaH1,1,5.97,5.97,Approximate,CCOC(=O)CNN
GEYOCULIXLDCMW,4.58,pKaH1,6,4.47,4.85,Approximate,Nc1ccccc1N
GFCDNWCHLZESES,3.7,pKaH1,1,3.7,3.7,Uncertain,CN(C)c1ccn([C@@H]2O[C@H](CO)[C@@H](O)[C@H]2O)c(=O)n1
GFIWSSUBVYLTRF,9.24,pKaH1,1,9.24,9.24,Uncertain,OCCNCCNCCO
GFJVNESVZAIIJL,6.75,pKaH1,1,6.75,6.75,Uncertain,CCC(C)(C)Nc1ccccc1
GFNWXOHIUOFNSO,10.12,pKaH1,2,10.12,10.12,Approximate,CCC(CC)NCCNCCNC(CC)CC
GFPJLZASIVURDY,4.92,pKaH1,1,4.92,4.92,Approximate,NNc1cccc(Cl)c1
GFXUYRQLMLOJCU,10.9,pKaH1,1,10.9,10.9,Uncertain,OC1CN=CNC1
GFYKOMWLMUYLRS,9.42,pKaH1,1,9.42,9.42,Approximate,CSc1cccc(C(O)CNC(C)C)c1
GGARKJIWYNVMBF,4.43,pKaH1,1,4.43,4.43,Approximate,CC(C)CNc1ccccc1
GGEHFDZCGVLMFX,11.9,pKaH1,1,11.9,11.9,Approximate,CCN=CC=CC=CNCC
GGFRJHOPDAAAJA,5.47,pKaH1,1,5.47,5.47,Approximate,CSC(=N)c1nnn(C)c1N
GGRDUAOMTXPAHX,9.0,pKaH1,1,9.0,9.0,Uncertain,CCCN(CCO)CC(O)CC
GGSUCNLOZRCGPQ,6.57,pKaH1,3,6.52,6.61,Approximate,CCN(CC)c1ccccc1
GGTUMQODIYMFCC,4.0,pKaH1,1,4.0,4.0,Approximate,CSc1cc(C)nc(C)n1
GGZHVNZHFYCSEV,2.8,pKaH1,1,2.8,2.8,Unrated,S=c1nn[nH]n1-c1ccccc1
GGZNCFOHQLUSNQ,7.97,pKaH1,1,7.97,7.97,Uncertain,CN1CCN(C(c2ccccc2)c2ccc(Br)cc2)CC1
GHCFWKFREBNSPC,4.11,pKaH1,1,4.11,4.11,Approximate,Cc1ccnc(N)n1
GHCKERHPOQWERJ,8.0,pKaH1,1,8.0,8.0,Approximate,Nc1ccc2cc3ccccc3nc2c1
GHDJWTMXFWZJAK,8.31,pKaH1,1,8.31,8.31,Uncertain,CC1=Nc2ccccc2C(O)N1
GHKSKVKCKMGRDU,10.19,pKaH1,1,10.19,10.19,Approximate,NCCCNCCO
GHRVKGJJVOVIGD,4.96,pKaH1,1,4.96,4.96,Approximate,Nc1cnc2c(N)ncnc2n1
GHWVXCQZPNWFRO,9.98,pKaH1,2,9.97,10.0,Approximate,CC(N)C(C)N
GIKNHHRFLCDOEU,9.31,pKaH1,1,9.31,9.31,Approximate,CC(N)Cc1ccc(O)cc1
GINSEKTWQFIBNF,7.7,pKaH1,1,7.7,7.7,Uncertain,CCCCCCCCN(CC(C)O)CC(O)CC
GINUUQLRYXHAPB,7.26,pKaH1,1,7.26,7.26,Approximate,CN1Cc2ccccc2N=C1O
GIXSTBOIKJPUKD,10.14,pKaH1,1,10.14,10.14,Approximate,CC(N)CC1CCCCC1
GJFIBNOHCLHAOT,7.82,pKaH1,3,7.58,8.06,Approximate,CO[C@H]1O[C@H](CO)[C@@H](O)[C@H](N)[C@H]1O
GJJQIGFCGLPOQK,8.47,pKaH1,2,8.26,8.68,Approximate,CC(CC(C#N)(c1ccccc1)c1ccccc1)N(C)C
GJWCGXUHYRVCRD,1.67,pKaH1,1,1.67,1.67,Approximate,CCOC(=O)CNc1cccc(OC)c1
GKCBAIGFKIBETG,8.2,pKaH1,1,8.2,8.2,Uncertain,CCCCNc1ccc(C(=O)OCCN(C)C)cc1
GKCBNZDUYQOBKS,11.86,pKaH1,1,11.86,11.86,Approximate,Cc1nc2c(N)nc(=N)n(C)c2nc1C
GKJSZXGYFJBYRQ,4.1,pKaH1,1,4.1,4.1,Uncertain,Clc1ccc2ncccc2c1
GKRNNJIPCJBVCR,5.04,pKaH1,1,5.04,5.04,Approximate,CNc1nc(C)nc2nc[nH]c12
GKVDLTTVBNOGNJ,6.53,pKaH1,1,6.53,6.53,Uncertain,Cc1nccc(N)n1
GKVVKWNIYISLDO,5.77,pKaH1,1,5.77,5.77,Approximate,Cn1cnc2ccncc21
GKYJPCRDRLWZCA,5.15,pKaH1,1,5.15,5.15,Approximate,Nc1nc(N)c(Cl)c(N)n1
GLCTWMXCGQVWMH,7.04,pKaH1,1,7.04,7.04,Uncertain,Cc1ccc(C#CC#CCN(C)C)cc1
GLROZIFCLBMMGY,9.29,pKaH1,1,9.29,9.29,Uncertain,CC1=CCCN(C)C1
GLUUGHFHXGJENI,9.81,pKaH1,9,9.609,9.89,Reliable,C1CNCCN1
GLVRJEJEXGVOMJ,7.38,pKaH1,1,7.38,7.38,Approximate,Cc1cc2nc3ccc(N(C)C)cc3nc2cc1N
GMCWPOMYCJCLSF,9.8,pKaH1,1,9.8,9.8,Uncertain,CCN(CC)CCNc1nc(C)cc(N)n1
GMIFQTVYDNZJLL,4.74,pKaH1,1,4.74,4.74,Approximate,Nc1cnc2cc3ccccc3cc2c1
GMKFEESYFPUWNQ,4.53,pKaH1,1,4.53,4.53,Approximate,Cc1cc(Cl)c2ccc3cccnc3c2n1
GMPFIYIVJWVDEA,5.43,pKaH1,1,5.43,5.43,Approximate,Cc1cc2ccccn2c1C
GMPKIPWJBDOURN,4.61,pKaH1,2,4.6,4.62,Approximate,CON
GMQAJSKAUSSKOU,13.66,pKaH1,1,13.66,13.66,Uncertain,Cn1cc(N)c(N)nc1=N
GMTJKMKNOIUGPG,8.35,pKaH1,1,8.35,8.35,Approximate,C=C(C)C(=O)OCCN1CCCCC1
GNAHOLRYNAIPHY,8.2,pKaH1,1,8.2,8.2,Approximate,c1ccc(CCNCc2ccccn2)nc1
GNGTVTHIGJBTNV,4.22,pKaH1,1,4.22,4.22,Approximate,COc1ncncc1N
GNHBAXWLHXEOAX,9.87,pKaH1,1,9.87,9.87,Approximate,Cn1c(N)nc(Cl)cc1=N
GNIXIZIBODKFLK,-0.44,pKaH1,1,-0.44,-0.44,Approximate,CC(C)(C)CCC(N)=O
GNJYGFKCUMGKOY,9.27,pKaH1,1,9.27,9.27,Uncertain,c1cc(CCN2CCCC2)ccn1
GNKXHPULSPWUAK,4.0,pKaH1,1,4.0,4.0,Uncertain,Cc1ncc(C=O)c(CO)c1O
GNVRJGIVDSQCOP,10.46,pKaH1,1,10.46,10.46,Unrated,CCN(C)CC
GOEHJJYZAVZQHL,5.94,pKaH1,1,5.94,5.94,Approximate,COc1ccc(Sc2cnc(N)nc2N)cc1
GOLSFPMYASLXJC,8.35,pKaH1,1,8.35,8.35,Approximate,CC(=O)OCCN(C)C
GOSUGWDGAOERRQ,6.68,pKaH1,1,6.68,6.68,Uncertain,Nc1ccc2nnc3ccccc3c2c1
GPHQHTOMRSGBNZ,1.86,pKaH1,1,1.86,1.86,Approximate,N#Cc1ccncc1
GPKJTRJOBQGKQK,10.18,pKaH1,1,10.18,10.18,Uncertain,CCN(CC)CCCC(C)Nc1c2ccc(Cl)cc2nc2ccc(OC)cc12
GPRMFCCEFLWETO,-0.66,pKaH1,1,-0.66,-0.66,Uncertain,CCOC(=O)NCc1c([N+](=O)[O-])ncn1C
GPRYKVSEZCQIHD,2.24,pKaH1,4,2.19,2.75,Approximate,CC(=O)c1ccc(N)cc1
GPSRBQICEYVTEY,3.38,pKaH1,1,3.38,3.38,Approximate,CNc1nc(C)nc(NC)c1[N+](=O)[O-]
GPTOGZLZMLJZCV,5.34,pKaH1,2,5.26,5.43,Approximate,Cc1cccc(NN)c1
GQCWVPKWMGNNLA,5.96,pKaH1,1,5.96,5.96,Approximate,CN(C)c1nc(N)ncc1Br
GQVZAMDJPPXZMH,5.57,pKaH1,1,5.57,5.57,Approximate,Nc1c2ccccc2nc2cccc(O)c12
GRDLXXJSRHDATN,4.07,pKaH1,1,4.07,4.07,Approximate,CNc1ncnc2c1ncn2C
GRDSNVUGGUKPKE,7.31,pKaH1,1,7.31,7.31,Approximate,CCOC(=O)[C@@H](N)Cc1ccc(OC)cc1
GRKBHWUDUVHOQC,3.4,pKaH1,1,3.4,3.4,Approximate,CNc1nc(Cl)nc(C)c1N
GRMUOCOPYREGEW,3.78,pKaH1,1,3.78,3.78,Approximate,Cc1nc2ncnc(N)c2nc1C
GRPHSFSJUDRMKP,7.73,pKaH1,1,7.73,7.73,Approximate,CCOP(=O)(OCC)SCCN(C)C
GRRIMVWABNHKBX,9.22,pKaH1,2,9.15,9.29,Approximate,COc1cccc(CN)c1
GRSQZGQYBQLHAW,8.98,pKaH1,1,8.98,8.98,Uncertain,CC1=CC(C)=Nc2ccccc2N1
GRXMMIBZRMKADT,3.98,pKaH1,1,3.98,3.98,Uncertain,Cc1ccc(N)cc1Br
GSCPTGNMEGRVNR,10.18,pKaH1,1,10.18,10.18,Approximate,CCC(C)NCCNCCNC(C)CC
GSLTWWVLHSJDFF,2.55,pKaH1,1,2.55,2.55,Approximate,COCc1ccc(OC)nc1COC
GSOYWOHDSKTUTO,2.45,pKaH1,1,2.45,2.45,Approximate,CSc1ccc(N)c(I)c1
GSQBIOQCECCMOQ,9.06,pKaH1,1,9.06,9.06,Approximate,CCOC(=O)CCN
GSUCKVZTSXHESM,8.85,pKaH1,1,8.85,8.85,Approximate,CN1CCC(NN)CC1
GSVGKJGWSKSVIX,3.56,pKaH1,1,3.56,3.56,Approximate,COc1nc(N)c2nc(C)c(C)nc2n1
GTDQGKWDWVUKTI,2.31,pKaH1,2,2.22,2.4,Uncertain,CC(=O)c1ccccc1N
GTEXIOINCJRBIO,9.77,pKaH1,1,9.77,9.77,Approximate,CN(C)CCOCCN(C)C
GTKOKCQMHAGFSM,1.82,pKaH1,1,1.82,1.82,Uncertain,Cn1nnnc1N
GTPXCGRVFBUXQC,7.88,pKaH1,1,7.88,7.88,Uncertain,c1cc(CN2CCCCC2)ccn1
GTTFJYUWPUKXJH,4.55,pKaH1,1,4.55,4.55,Approximate,Nc1ccc(NC(=O)c2ccccc2)cc1
GTWJETSWSUWSEJ,4.04,pKaH1,1,4.04,4.04,Uncertain,c1ccc(CNc2ccccc2)cc1
GTYFDGYGRFJTKJ,8.25,pKaH1,1,8.25,8.25,Approximate,NC1CC1c1ccc(F)cc1
GUAWMXYQZKVRCW,4.61,pKaH1,2,4.6,4.62,Approximate,CNc1ccccc1C
GUGYFWSUFJHVLF,2.72,pKaH1,1,2.72,2.72,Approximate,COc1ncnc(NN)c1[N+](=O)[O-]
GUKFSTIZUNERPL,4.28,pKaH1,1,4.28,4.28,Approximate,Cc1nc(N)c2nccnc2n1
GULNIHOSWFYMRN,8.89,pKaH1,2,8.84,8.94,Approximate,COc1ccc(CN(CCN(C)C)c2ncccn2)cc1
GUSYANXQYUJOBH,6.04,pKaH1,1,6.04,6.04,Approximate,Nc1cccc2ccncc12
GUTRMOGJSUSROO,5.6,pKaH1,1,5.6,5.6,Approximate,CC(C)(C)c1cc2ccccn2c1
GUXJXWKCUUWCLX,5.5,pKaH1,2,5.5,5.51,Uncertain,CC1=NCCO1
GUYMMHOQXYZMJQ,5.25,pKaH1,1,5.25,5.25,Approximate,CCNc1cccc(C)c1
GVGHAAAKEAXZKS,8.88,pKaH1,1,8.885,8.885,Approximate,CCN(CC)CCNC(=O)c1cc(C)ccc1C
GVGLGOZIDCSQPN,7.6,pKaH1,1,7.6,7.6,Uncertain,CC(=O)Oc1ccc2c3c1O[C@H]1[C@@H](OC(C)=O)C=C[C@H]4[C@@H](C2)N(C)CC[C@@]341
GVHIPEJHZMNUQS,8.58,pKaH1,1,8.58,8.58,Approximate,CCCN(CCC)Cc1cccnc1
GVNHOISKXMSMPX,8.94,pKaH1,2,8.89,8.99,Approximate,CCCCN(CCO)CCO
GVOWHGSUZUUUDR,3.53,pKaH1,1,3.53,3.53,Uncertain,CNc1ccccc1C(=O)OC
GWKGPQCKIBRXGW,4.2,pKaH1,1,4.2,4.2,Approximate,Brc1cc2cccnc2c2ncccc12
GWQZRYXMFKWKNB,10.29,pKaH1,1,10.29,10.29,Uncertain,CN(C)c1ccc(C2CN3CCC2CC3)cc1
GXMPGTXMVQAVAL,8.82,pKaH1,2,8.65,9.0,Uncertain,CCC(O)CN(C)CC(O)CC
GXVUZYLYWKWJIM,9.74,pKaH1,2,9.59,9.88,Approximate,NCCOCCN
GXXYPSBLKNFGSB,5.1,pKaH1,2,5.05,5.15,Uncertain,Cc1cc(C)c2c(C)cc3c(C)nccc3c2n1
GYAWFFSOJQGJHU,9.67,pKaH(ax-ax),1,9.67,9.67,Approximate,C[C@H]1C[C@H](Cl)C2CCCCC2N1 
GYFRJEFMZQFVLO,10.18,pKaH1,1,10.18,10.18,Uncertain,CCN(CC)CCCC(C)Nc1cc(C)nc2cc(Cl)ccc12
GYNFOJNSZJTWOF,10.47,pKaH1,1,10.47,10.47,Approximate,N=c1ncccn1CCO
GYORPPNTMWUJCH,3.84,pKaH1,1,3.84,3.84,Approximate,CSc1cnc2ccccc2c1
GYVGXEWAOAAJEU,5.61,pKaH1,3,5.56,5.627,Reliable,Cc1ccc(N(C)C)cc1
GZHBQIGKUGQNDR,3.62,pKaH1,1,3.62,3.62,Approximate,CCOC(=O)N1CN=Cc2nccnc21
GZKXPAZMQJWTQC,3.78,pKaH1,1,3.78,3.78,Approximate,CSc1nc2cnc(C)nc2n1C
GZPHSAQLYPIAIN,1.37,pKaH1,2,1.35,1.39,Approximate,N#Cc1cccnc1
GZXRSFNATVSNRV,11.84,pKaH1,1,11.84,11.84,Approximate,CCCCC1=CCCN1C
HAAUVXXFRQXTTQ,3.88,pKaH1,1,3.88,3.88,Approximate,NCc1ccc(CC(=O)O)cc1
HAHYIMGJWDNBDK,4.81,pKaH1,1,4.81,4.81,Approximate,CCOC(=O)c1cccc(NN)c1
HAJJPXKPVXAQBR,2.07,pKaH1,1,2.07,2.07,Approximate,CNc1nc(=O)c(C)n[nH]1
HALLPDRKHGFBAB,2.36,pKaH1,1,2.36,2.36,Uncertain,Cc1c(C)c([N+](=O)[O-])c(C)c(C)c1N
HAQCALIJITZJCC,3.02,pKaH1,2,3.0,3.05,Uncertain,Cn1c2cc(=O)ccc-2nc2ccccc21
HATLLUIOEIXWGD,5.26,pKaH1,1,5.26,5.26,Approximate,Cn1cncc1Br
HAUWYEXWTQWCCH,4.29,pKaH1,1,4.29,4.29,Approximate,CCc1cnc(NC)nc1
HAWPXGHAZFHHAD,6.43,pKaH1,1,6.43,6.43,Approximate,CN(CCCl)CCCl
HAZOZRAPGZDOEM,7.69,pKaH1,1,7.69,7.69,Approximate,NCC(=O)NN
HBEJQDFRPKGLPU,13.14,pKaH1,1,13.14,13.14,Approximate,CNc1ccn(C)c(=N)n1
HBHGSVQQEYTFFZ,2.86,pKaH1,1,2.86,2.86,Approximate,Cc1nc2cncnc2nc1C
HBIXFRSMLXSLQI,9.47,pKaH1,1,9.47,9.47,Approximate,C1CCN(CCN2CCCC2)C1
HBVZRPAKZOLBPL,8.85,pKaH1,2,8.6,9.1,Uncertain,CC(=O)OCCN
HBWGZDNIRZHYTB,9.34,pKaH1,1,9.34,9.34,Approximate,CC(C)NCC(O)c1ccc(C(F)(F)F)cc1
HBWIFTWFGXIDSQ,2.81,pKaH1,1,2.81,2.81,Approximate,CNc1ncc(-c2ccc([N+](=O)[O-])cc2)cn1
HBXNJMZWGSCKPW,10.49,pKaH1,1,10.49,10.49,Approximate,CCCCCCC(C)N
HBZYZTJALUPAGJ,5.11,pKaH1,1,5.11,5.11,Approximate,Nc1nc(N)nc(N(CCO)CCO)n1
HCAUQPZEWLULFJ,4.8,pKaH1,3,4.7,5.11,Approximate,c1ccc2c(c1)ccc1ncccc12
HCGATCBRKZNSAD,3.57,pKaH1,1,3.57,3.57,Approximate,CNc1nc(C)c(C(N)=O)c(C)n1
HCIQBMMADFSPDG,2.88,pKaH1,2,2.76,3.01,Approximate,CC(C)c1ncnc2ccccc12
HCJGKNUUHOOUJS,9.15,pKaH1,1,9.15,9.15,Uncertain,CCCCC(N)c1ccc(F)cc1
HCRLXYVAWDRFBV,9.07,pKaH1,1,9.07,9.07,Uncertain,CC(=O)CCCN(C)C
HCTLIRHXMGWXBL,9.4,pKaH1,1,9.4,9.4,Uncertain,CC(Cc1ccccc1)NCCNCCNC(C)Cc1ccccc1
HCVFSDXBOOGHFF,4.27,pKaH1,1,4.27,4.27,Approximate,Cc1cccc2cc(N)cc(C)c12
HCYAFALTSJYZDH,10.2,pKaH1,1,10.2,10.2,Uncertain,CNCCCN1c2ccccc2CCc2ccccc21
HDCMPRICNKUDDN,7.1,pKaH1,1,7.1,7.1,Uncertain,COC(=O)c1ccc2nc3cc(N)ccc3cc2c1
HDNCPLLFXRNNEP,8.7,pKaH1,1,8.699,8.699,Approximate,CCN(CC)CCNC(=O)c1c(C)ccc(C)c1C
HDVUPIFFKAHPJY,4.26,pKaH1,1,4.26,4.26,Unrated,CCCCc1ccccc1N
HDZGCSFEDULWCS,7.87,pKaH1,1,7.87,7.87,Uncertain,CNN
HEEACTTWORLLPM,7.26,pKaH1,1,7.26,7.26,Approximate,OCCc1c[nH]cn1
HEFQYURIXBIFKM,2.99,pKaH1,1,2.99,2.99,Approximate,CC(=O)NCCc1nc(I)[nH]c1I
HEGWXKJVAAVDJL,6.21,pKaH1,1,6.21,6.21,Approximate,CNc1nc(N)ncc1Br
HEMGYNNCNNODNX,3.49,pKaH1,1,3.49,3.49,Approximate,Nc1ccc(C(=O)O)cc1N
HERHQNVDSHUKAK,7.63,pKaH1,3,7.6,7.7,Approximate,Cc1cc(N)nc(N)n1
HERPVHLYIHBEFW,7.04,pKaH1,1,7.035,7.035,Approximate,CCOC(=O)CC[C@H](N)C(=O)OCC
HESJLLCGKVDGIB,5.08,pKaH1,1,5.08,5.08,Approximate,O=[N+]([O-])c1ccccc1-n1ccnc1
HEWLWIRNWGATOR,9.05,pKaH1,1,9.047,9.047,Approximate,CCN(CC)CCNC(=O)c1cccc(C)c1
HEXONZNIDPVUSU,6.44,pKaH1,1,6.44,6.44,Approximate,Cc1cccc2ccc(C)n12
HFACYLZERDEVSX,4.82,pKaH1,4,4.66,5.09,Approximate,Nc1ccc(-c2ccc(N)cc2)cc1
HFDLDPJYCIEXJP,5.03,pKaH1,1,5.03,5.03,Approximate,COc1ccc2ncccc2c1
HFDYMWORRGGBSZ,11.53,pKaH1,1,11.53,11.53,Approximate,CCN1CCCC=C1C
HFILKPNHATWAFS,7.62,pKaH1,1,7.62,7.62,Approximate,CN(C)c1nccc(N)n1
HFPXKSASPJFSOR,8.16,pKaH1,1,8.16,8.16,Uncertain,c1cc(CN2CCCC2)ccn1
HFYPXERYZGFDBD,3.2,pKaH1,1,3.2,3.2,Uncertain,Nc1cc(Br)c(O)c(Br)c1
HGEPGHZVPCCYQL,9.73,pKaH1,1,9.73,9.73,Approximate,COc1ccc(C(O)NC(C)(C)C)cc1OC
HGGXLEAHOVIYKT,4.89,pKaH1,1,4.89,4.89,Uncertain,CSc1nccc(N)n1
HGKFSYSKZCQWHP,8.16,pKaH1,2,7.49,8.83,Approximate,CC(CN1CCCCC1)C(C#N)(c1ccccc1)c1ccccc1
HGMKSJYBACCYJU,2.26,pKaH1,1,2.26,2.26,Approximate,COc1scc2c1CCCN2
HGSLTSUKNRLTAK,5.34,pKaH1,1,5.34,5.34,Approximate,Nc1nc(N)c2c(n1)NCC(=O)N2
HGSPIGUIRLDHSH,12.07,pKaH1,1,12.07,12.07,Approximate,CC(C)NC(=N)Cc1ccccc1
HGYJPISHUNHMKW,11.16,pKaH1,1,11.16,11.16,Approximate,CC(C)n1cccnc1=NCc1ccccc1
HHLIUUYYYZDKEU,5.35,pKaH1,1,5.35,5.35,Approximate,N=C(CCNc1ccccc1)NO
HHNIOXNNCHLLRG,2.68,pKaH1,1,2.68,2.68,Approximate,BrC1=NNC2(CCCC2)C1
HHRGNKUNRVABBN,9.14,pKaH1,2,9.09,9.19,Approximate,CC(C)N(CCO)CCO
HHTYCCCREBLDKG,2.75,pKaH1,1,2.75,2.75,Approximate,CCn1cc(C)cnc1=O
HHXWNEBSKMTKHO,4.06,pKaH1,1,4.06,4.06,Approximate,NNc1nc(Cc2ccccc2)nc(NN)c1[N+](=O)[O-]
HIELOSVDFDQKCW,2.2,pKaH1,1,2.2,2.2,Approximate,Cc1cncn(C)c1=O
HIJAYGQGZJIOQK,3.92,pKaH1,1,3.92,3.92,Uncertain,Clc1ccc(CNc2ncnc3[nH]ncc23)cc1
HIJMHAFOUAKOMS,9.41,pKaH1,1,9.41,9.41,Uncertain,Cc1cccc(C(C)N)c1
HJDKVRSWZYIPOY,7.56,pKaH1,1,7.56,7.56,Approximate,CNc1cc(C)nc(C)n1
HJFAGCYGDRKURZ,3.32,pKaH1,2,2.82,3.81,Approximate,Cc1cnc2ccncc2n1
HJFZAYHYIWGLNL,2.5,pKaH1,1,2.5,2.5,Uncertain,Cc1cncc(C)n1
HJJPJSXJAXAIPN,7.64,pKaH1,1,7.64,7.64,Approximate,COC(=O)C1=CCCN(C)C1
HJJRRHBSMQOZQH,5.27,pKaH1,1,5.27,5.27,Approximate,NNc1cccc2cccnc12
HJSJELVDQOXCHO,8.88,pKaH1,1,8.88,8.88,Approximate,OCC1=CCN2CC[C@@H](O)[C@@H]12
HKFNHXKHVGIJBA,8.85,pKaH1,1,8.85,8.85,Approximate,NCc1nnn(Cc2ccccc2)c1N
HKJNHYJTVPWVGV,7.08,pKaH1,2,7.03,7.13,Approximate,CCN(CC)c1ccc(C)cc1
HKOOXMFOFWEVGF,5.27,pKaH1,1,5.27,5.27,Approximate,NNc1ccccc1
HKOPJIUPEXCRTO,5.23,pKaH1,1,5.23,5.23,Approximate,CC(=O)N1CCNc2ncnc(C)c21
HKQOBAGKDBSVEQ,1.61,pKaH1,1,1.61,1.61,Uncertain,COc1ccc(OC)nn1
HKUFIYBZNQSHQS,11.0,pKaH1,1,11.0,11.0,Approximate,CCCCCCCCCCCCCCCCCCNCCCCCCCCCCCCCCCCCC
HLBGKDIKRBSUJQ,10.86,pKaH1,1,10.86,10.86,Approximate,Cc1ccnc(=N)n1C
HLCPWBZNUKCSBN,1.38,pKaH1,2,0.95,1.8,Uncertain,N#Cc1ccccc1N
HLMBXIDFRINSJY,4.64,pKaH1,1,4.64,4.64,Approximate,C[Si](C)(C)c1cccc(N)c1
HMNXRLQSCJJMBT,6.4,pKaH1,1,6.4,6.4,Approximate,CCOC(=O)C[C@H](N)C(=O)OCC
HMQGLWXGGPUQAV,9.67,pKaH1,1,9.67,9.67,Uncertain,CCC(C)N1CCC(c2ccccc2)(c2ccccc2)CC1
HMTSWYPNXFHGEP,9.45,pKaH1,2,9.36,9.54,Approximate,Cc1ccc(CN)cc1
HMVFITKXZCNKSS,8.96,pKaH1,1,8.96,8.96,Approximate,COCCN(C)C
HNFSIKPTLWPOBD,3.56,pKaH1,1,3.56,3.56,Approximate,CCCON=Cc1ccccn1
HNIWQUAQYLFEJW,7.82,pKaH1,1,7.82,7.82,Approximate,COc1cccc2c1N=CNC2O
HNNQIYXSTLIWEI,10.92,pKaH1,1,10.92,10.92,Approximate,CCn1cccnc1=N
HNOQAFMOBRWDKQ,3.8,pKaH1,1,3.8,3.8,Approximate,Cc1cc(C)n(C)n1
HNPAEWJKFXEUDW,10.02,pKaH1,1,10.02,10.02,Approximate,CC(C)NCCc1ccccc1
HOBCFUWDNJPFHB,3.94,pKaH1,1,3.94,3.94,Approximate,c1ccn2cccc2c1
HOHNPTRJQBGBJU,7.14,pKaH1,1,7.14,7.14,Uncertain,Cc1ccc(C#CC#CC(C)(C)N(C)C)cc1
HONARVMECIZMMD,9.08,pKaH1,1,9.08,9.08,Uncertain,CCN(CC)CCC(C#N)(c1ccccc1)c1ccccc1
HONIICLYMWZJFZ,11.29,pKaH1,1,11.29,11.29,Approximate,C1CNC1
HORKYAIEVBUXGM,4.84,pKaH1,1,4.84,4.84,Approximate,c1ccc2c(c1)NCCN2
HPCUGQWOBDSBBJ,6.57,pKaH1,1,6.57,6.57,Approximate,CC(C)(C)Nc1ccncn1
HPNMFZURTQLUMO,11.06,pKaH1,6,10.98,11.16,Reliable,CCNCC
HPPGITKXNKCYJS,6.19,pKaH1,1,6.19,6.19,Approximate,Nc1nc(N)c(-c2ccc(Cl)cc2)c(N)n1
HPTFTNYLTHJKQI,4.91,pKaH1,1,4.91,4.91,Approximate,CCOC1CN(C)c2c([N+](=O)[O-])c(=O)n(C)c(=N)n21
HPXDTLGUZWVEHU,4.33,pKaH1,1,4.33,4.33,Approximate,Cc1nc2ccncc2n(C)c1=O
HPYNZHMRTTWQTB,6.58,pKaH1,4,6.5,6.7,Approximate,Cc1cccnc1C
HQABUPZFAYXKJW,10.69,pKaH1,8,10.471,10.812,Reliable,CCCCN
HQDAJGNZGNZGCO,1.33,pKaH1,1,1.33,1.33,Uncertain,CC(C)=NNC(N)=O
HQFWVSGBVLEQGA,8.96,pKaH1,1,8.96,8.96,Uncertain,CCCCN(CCCC)CCCOC(=O)c1ccc(N)cc1
HQGSIFNFGXGLCW,6.71,pKaH1,1,6.71,6.71,Approximate,NNc1ccc2cccnc2c1
HQOXLKBFOCPYAE,13.4,pKaH1,1,13.4,13.4,Uncertain,CC1=CC(C)=NCCN1
HQRXOLPUVIGJHI,7.4,pKaH1,1,7.4,7.4,Approximate,CNc1nc(C)ncc1N
HRAAOQLDXBMDJS,3.57,pKaH1,1,3.57,3.57,Approximate,Cn1cnc(=O)c(N)c1N
HRAKEZCURWMLHT,0.77,pKaH1,1,0.77,0.77,Approximate,COc1ncc(-c2ccc(C)cc2)cn1
HRBASXKYUKFHKC,6.35,pKaH1,1,6.35,6.35,Unrated,CN(c1ccccc1)C1CCCCC1
HRFZBLRYMCCDPV,7.2,pKaH1,1,7.2,7.2,Approximate,c1ccc(C(CCN2CCOCC2)c2ccccc2)cc1
HRKASUQBUKADSP,3.18,pKaH1,1,3.18,3.18,Approximate,CN1CC=Cc2c(S)cccc21
HRKXQOBEXVFOTB,10.85,pKaH1,1,10.85,10.85,Uncertain,CNC(=N)Nc1ccc(Cl)cc1
HRLSMUFNLQGDHP,-0.05,pKaH1,1,-0.05,-0.05,Uncertain,Cc1nc2ncn(C)c(=O)c2nc1C
HRSANNODOVBCST,9.41,pKaH1,2,9.3,9.51,Approximate,CC(C)NCC(O)c1ccc2ccccc2c1
HRUAZBSVPMQJJL,5.87,pKaH1,1,5.87,5.87,Approximate,Cc1cc2ccccn2c1
HRUBXJBPLLZTAN,8.12,pKaH1,1,8.12,8.12,Uncertain,CN(C)Cc1ccccn1
HRWCWYGWEVVDLT,8.13,pKaH1,1,8.13,8.13,Uncertain,NC1Cc2ccccc2C1O
HRZILDBEGTXKCS,4.47,pKaH1,1,4.47,4.47,Approximate,Cc1nc(N)nc(C)c1-c1cccc([N+](=O)[O-])c1
HSDXVAOHEOSTFZ,6.0,pKaH1,1,6.0,6.0,Approximate,CCCCCc1ccccn1
HSJTXGIHVAZHGA,6.23,pKaH1,1,6.23,6.23,Uncertain,Cn1cnc(Cl)c1
HSOBREMHIAAEND,9.84,pKaH1,1,9.84,9.84,Approximate,CNc1ccncc1C
HSRVNTXNHCVCEG,10.11,pKaH1,1,10.11,10.11,Approximate,N=c1ncccn1Cc1ccccc1
HSSUQMDTTMMOGQ,4.14,pKaH1,1,4.14,4.14,Approximate,CCCCNc1ncccn1
HSTRBLADVQWITL,8.12,pKaH1,1,8.12,8.12,Uncertain,CCN(CC)CCOC(=O)c1ccc(Br)cc1
HSXHISLPCRQFNE,9.51,pKaH1,1,9.51,9.51,Uncertain,CCC1=CCNCC1
HTHWZAJWYCEIMU,4.28,pKaH1,1,4.28,4.28,Uncertain,Cc1cc(C)nc(NC(c2ccccc2)c2ccccc2)n1
HTIHRECSSRIKKJ,6.12,pKaH1,1,6.12,6.12,Uncertain,C1CCc2c(nnc3c2CCCC3)C1
HTJDQJBWANPRPF,9.1,pKaH1,1,9.1,9.1,Unrated,NC1CC1
HTLZVHNRZJPSMI,10.45,pKaH1,1,10.45,10.45,Approximate,CCN1CCCCC1
HTXCOTMLQXMWTH,10.09,pKaH1,1,10.09,10.09,Uncertain,CCN(CC)CCC(C1=NCCN1)c1ccccc1
HTYFFCPFVMJTKM,10.4,pKaH1,1,10.4,10.4,Uncertain,N=C(N)NC(=N)Nc1ccc(Cl)cc1
HUKMIFHEPZRLMM,0.3,pKaH1,1,0.3,0.3,Uncertain,Cc1cc(Cl)n[nH]1
HUQJWQVETOTHCM,3.31,pKaH1,1,3.31,3.31,Unrated,CC(=O)c1ccc(Sc2ccc(N)cc2)cc1
HUVAAOZUPLEYBH,4.63,pKaH1,1,4.63,4.63,Approximate,Cc1n[nH]c(C)c1C
HVAAHUDGWQAAOJ,9.64,pKaH1,1,9.64,9.64,Approximate,CCNCc1ccccc1
HVCNXQOWACZAFN,7.67,pKaH1,1,7.67,7.67,Approximate,CCN1CCOCC1
HVEQXZIFRYMVFL,9.64,pKaH1,1,9.64,9.64,Approximate,NCCNCc1cccnc1
HVIBJFDEUPZPPC,5.18,pKaH1(threo),1,5.18,5.18,Approximate,OC(c1ccccn1)C(O)c1ccccn1
HVJKLCOHVAENRQ,10.7,pKaH1,1,10.7,10.7,Approximate,CC1CCCC(C)(C)N1C
HVZQEZDKCBTTTL,3.67,pKaH1,1,3.67,3.67,Approximate,Cn1cnc2ccc([N+](=O)[O-])cc21
HVZWBVZEZZJOKQ,5.74,pKaH1,1,5.74,5.74,Approximate,Cc1ccc2nc3ccccc3cc2c1
HWPTWAFORDZZGE,11.03,pKaH1,1,11.03,11.03,Approximate,Cc1nc(=N)n(C)c(C)c1-c1ccc([N+](=O)[O-])cc1
HWWYDZCSSYKIAD,6.14,pKaH1,6,5.99,6.25,Approximate,Cc1cncc(C)c1
HXKKHQJGJAFBHI,9.47,pKaH1,2,9.324,9.619,Reliable,CC(O)CN
HXXLHKVJQHEUJE,6.7,pKaH1,1,6.7,6.7,Uncertain,O=C(O)CNC(=O)[C@H](Cc1cnc[nH]1)NC(=O)CNC(=O)OCc1ccccc1
HYCZDWGCJOEHBO,4.26,pKaH1,1,4.26,4.26,Approximate,Nc1ncc2nccnc2n1
HYMLYXZEQWBTBE,9.62,pKaH1,1,9.62,9.62,Uncertain,NCCCCCBr
HYVGFUIWHXLVNV,5.77,pKaH1,1,5.77,5.77,Uncertain,CCN(CCO)c1ccccc1
HYVLELBIMWJSDS,2.94,pKaH1,1,2.94,2.94,Approximate,CS(=O)c1ccncc1
HZARAZMHPAOOPN,9.37,pKaH1,1,9.37,9.37,Approximate,CN=c1nc(C)c(C#N)c(C)n1C
HZAXFHJVJLSVMW,9.5,pKaH1,16,9.3485,9.66,Reliable,NCCO
HZEHBAPKYPEFDS,5.6,pKaH1,1,5.6,5.6,Approximate,COc1ccc(N(C)N)cc1
HZNXIPDYYIWDNM,9.34,pKaH1,2,9.31,9.37,Approximate,N1CNC[C@@H]2CCCC[C@@H]12
HZUCGIFQFAMADM,2.46,pKaH1,2,2.1,2.83,Approximate,COc1ccc2ncncc2c1
HZZMAAQLRLRCAG,4.58,pKaH1,1,4.58,4.58,Approximate,COc1cccc2cnc(N)nc12
IAEGWXHKWJGQAZ,2.8,pKaH1,1,2.8,2.8,Uncertain,Cc1cnc(C)c(C)n1
IAPGOFICYOCHPX,7.67,pKaH1,1,7.67,7.67,Approximate,Nc1c2ccccc2nc2ccc(O)cc12
IAXSXTFCXZCPGQ,3.06,pKaH1,1,3.06,3.06,Approximate,CCC[As](=O)(CCC)c1ccc(C)cc1
IBBMAWULFFBRKK,2.1,pKaH1,1,2.1,2.1,Uncertain,NC(=O)c1ccccn1
IBGBOGKPIMZRRU,5.09,pKaH1,1,5.09,5.09,Uncertain,CCOC(=O)COc1ccc(N)cc1
IBNTYLTYDKBLRC,3.9,pKaH1,1,3.9,3.9,Uncertain,OC(c1ccccc1)(c1ccccc1)c1ccccn1
IBWHRWJEIRPDJQ,-0.75,pKaH1,1,-0.75,-0.75,Uncertain,Cc1nc(Cl)nc2ccccc12
ICBUOQBBEUSCAJ,9.06,pKaH1,1,9.06,9.06,Uncertain,c1cc(CCN2CCCCC2)ccn1
ICDOTLXZHXEZNU,10.0,pKaH1,1,10.0,10.0,Approximate,CCNCCN(CC)CCNCC
ICDPPJUBZNMHEP,8.21,pKaH1,1,8.21,8.21,Uncertain,Cc1ccc(C(c2ccccc2)N2CCN(C)CC2)cc1
ICFWAKHBPUVWHZ,9.35,pKaH1,1,9.35,9.35,Approximate,CC(C)NCC(O)c1ccc(F)cc1
ICFWLGYCUXWLGI,3.89,pKaH1,1,3.89,3.89,Approximate,CCNc1ncccn1
ICKAPSZGPPFOLD,6.28,pKaH1,1,6.28,6.28,Approximate,Cn1c(N)cnc2c(=O)ncnc1-2
ICKORTMJEWHCPX,2.42,pKaH1,1,2.42,2.42,Uncertain,Cc1nc2c(N(C)C)ncnc2n(C)c1=O
ICSMHHPNBLZOLB,7.81,pKaH1,1,7.81,7.81,Uncertain,N#CC1CN2CCC1CC2
ICSNLGPSRYBMBD,6.76,pKaH1,2,6.71,6.82,Approximate,Nc1ccccn1
ICVQWTIDLZHELN,4.99,pKaH1,1,4.99,4.99,Approximate,Nc1cccc2ccc3ncccc3c12
IDAICLIJTRXNER,6.6,pKaH1,1,6.6,6.6,Approximate,c1ncc2c(n1)NCCN2
IDAZVHMZFWXZDW,9.46,pKaH1,2,9.44,9.48,Approximate,CC(C)NCC(O)c1cccc(F)c1
IDHQZEYWWYINAQ,2.74,pKaH1,1,2.74,2.74,Approximate,Cn1cnc2cc(Cl)ncc21
IDLMYFGRSHZKML,8.91,pKaH1,1,8.912,8.912,Approximate,CCN(CC)CCNC(=O)c1cc(C)c(C)cc1C
IDPURXSQCKYKIJ,9.5,pKaH1,4,9.47,9.56,Approximate,COc1ccc(CN)cc1
IDQNBVFPZMCDDN,4.96,pKaH1,4,4.82,5.0,Approximate,Cc1cc(C)nc(N)n1
IDQVKNPXACWVEX,4.84,pKaH1,1,4.84,4.84,Approximate,Cc1cn(-c2ccc([N+](=O)[O-])cc2[N+](=O)[O-])cn1
IDWVTPLLYFMNEX,3.98,pKaH1,1,3.98,3.98,Approximate,NNc1ncnc2nccnc12
IEDVJHCEMCRBQM,7.12,pKaH1,1,7.12,7.12,Approximate,COc1cc(Cc2cnc(N)nc2N)cc(OC)c1OC
IEGVLAUQRYYJJV,9.02,pKaH1,1,9.02,9.02,Uncertain,CC(C)CCC(N)c1ccccc1
IENUHHADGQLQLU,9.04,pKaH1,1,9.04,9.04,Approximate,COc1cccc(CN(C)C)c1
IEQSQIQKKHJVLY,6.27,pKaH1,1,6.27,6.27,Approximate,CCc1nc(N)nc(N)c1Sc1ccc(Cl)cc1
IERWMZNDJGYCIA,7.69,pKaH1,1,7.69,7.69,Approximate,CCCCCN1CCOCC1
IEVJVQXLBZUEMH,10.24,pKaH1,2,10.1,10.37,Uncertain,NCCC1CCCCN1
IFHIAOJUYOXPRM,5.12,pKaH1,1,5.12,5.12,Approximate,Cc1nc(N)nc(C)c1-c1ccc(N)cc1
IFMCROIMZMUGRF,3.22,pKaH1,1,3.22,3.22,Approximate,Nc1nc(N)c([N+](=O)[O-])c(N)n1
IFXUSHCHGCXTED,5.57,pKaH1,1,5.57,5.57,Uncertain,Nc1nc(N)c(C=O)c(N)n1
IFZHGQSUNAKKSN,7.71,pKaH1,1,7.71,7.71,Uncertain,CCN(N)CC
IGAAJHYSUVREAU,12.2,pKaH1,1,12.2,12.2,Uncertain,CN=C(NC(=N)Nc1ccc(Cl)cc1)NC(C)C
IGDYNWKWXUCIJB,-0.09,pKaH1,1,-0.09,-0.09,Uncertain,Cc1ccc([N+](=O)[O-])c(N)c1
IGGSKKPPZAJIFN,8.2,pKaH1,1,8.2,8.2,Approximate,CN(C)Cc1cccc([N+](=O)[O-])c1
IGHOYJOUGQNIAB,3.62,pKaH1,1,3.62,3.62,Uncertain,Cn1ncc2c(NCc3ccccc3)ncnc21
IGJDIGJIINCEDE,10.0,pKaH1,2,9.99,10.0,Uncertain,CN1C[C@H](C[C@H](C1)C)C
IGMWUGWHEWEOEZ,2.72,pKaH1,1,2.72,2.72,Approximate,Cn1c([N+](=O)[O-])cnc1N1CCCCC1
IGONFFFOEMASIA,1.57,pKaH1,1,1.57,1.57,Uncertain,NC1=CC(=O)C(=O)c2ccccc21
IGSJLBUPRRXRDY,9.22,pKaH1,1,9.22,9.22,Approximate,CC(C)(C#N)N1CCCCC1
IGZMHVKSWKYTBR,9.37,pKaH1,1,9.37,9.37,Approximate,CC(C)NCC(O)c1cccc(Br)c1
IHBPDNNDNSNCOE,5.01,pKaH1,1,5.01,5.01,Uncertain,CCNc1nc(C)nc2nc[nH]c12
IHHSSHCBRVYGJX,8.94,pKaH1,1,8.94,8.94,Approximate,COc1ccc2nc3cc(Cl)ccc3c(N)c2c1
IHSBTHXDCVIBPF,2.94,pKaH1,1,2.94,2.94,Approximate,Cn1cccc(N)c1=O
IHSYIVAZIINDFR,4.01,pKaH1,1,4.01,4.01,Uncertain,CNc1ccc(Cl)nn1
IIFAONYUCDAVGA,3.97,pKaH1,1,3.97,3.97,Approximate,Nc1ncncc1Br
IIFGOKITMVUPEM,4.03,pKaH1,1,4.03,4.03,Approximate,Cc1nc(N)c([N+](=O)[O-])c(NN)n1
IIFVWLUQBAIPMJ,9.3,pKaH1,1,9.3,9.3,Approximate,NCc1ccc(F)cc1
IISWOHCLTBUICM,4.85,pKaH1,1,4.85,4.85,Approximate,NNc1cnc2ccccc2c1
IIVCRQCMHJPFNJ,10.5,pKaH1,1,10.5,10.5,Uncertain,CC1=C(C)C(C)(C)NC1(C)C
IIYZHLMGAJZSRH,5.45,pKaH1,1,5.45,5.45,Approximate,CC(=O)N1CCN(Cc2ccccc2)c2ncnc(C)c21
IJGLZSIHCAOGMD,7.11,pKaH1,1,7.11,7.11,Approximate,OC1NC=Nc2cc(F)ccc21
IJHNSHDBIRRJRN,9.23,pKaH1,3,8.83,9.29,Uncertain,CN(C)CCC(c1ccccc1)c1ccccn1
IJVCSMSMFSCRME,9.35,pKaH1,1,9.35,9.35,Approximate,CN1CC[C@]23c4c5ccc(O)c4O[C@H]2[C@@H](O)CC[C@H]3[C@H]1C5
IKBLUXKMPBAJPP,9.83,pKaH1,1,9.83,9.83,Approximate,CCCN(C)C1CCc2ccccc2C1
IKZBWLHVSOJIJV,9.78,pKaH1,1,9.78,9.78,Approximate,NCCNCCc1cccnc1
IKZPRXHVTFNIEK,4.57,pKaH1,1,4.566,4.566,Reliable,CN(C)c1ccc2ccccc2c1
ILAYXXDCXBWAPE,2.74,pKaH1,1,2.74,2.74,Approximate,CNc1ncnc2nnn(C)c12
ILBIXZPOMJFOJP,7.45,pKaH1,1,7.45,7.45,Approximate,C#CCN(C)C
ILEQWUZHPNITDE,5.45,pKaH1,1,5.45,5.45,Approximate,COCCN(CCCl)CCCl
ILHBRNLXKVETML,4.07,pKaH1,1,4.07,4.07,Approximate,CNc1cnc2ccccc2n1
ILJNEWQDWFOAGR,8.3,pKaH1,2,7.68,8.93,Approximate,CC(CC(C#N)(c1ccccc1)c1ccccc1)N1CCCCC1
ILWCYZIFMFHILV,10.65,pKaH1,1,10.65,10.65,Approximate,CNC1N=CC(Br)=CN1C
IMFACGCPASFAPR,9.93,pKaH1,1,9.93,9.93,Uncertain,CCCCN(CCCC)CCCC
IMFITIKLJMOTIW,2.54,pKaH1,1,2.54,2.54,Approximate,Clc1nc2ccc3c(c2[nH]1)CCCC3
IMHRMXJMEAPBMG,9.73,pKaH1,1,9.73,9.73,Approximate,OC(CN1CCCC1)CN1CCCC1
IMNIMPAHZVJRPE,8.5,pKaH1,2,8.19,8.82,Approximate,C1CN2CCN1CC2
IMOOAQCDMLZMME,11.5,pKaH1,1,11.5,11.5,Approximate,CC(C)N=c1ncccn1Cc1ccccc1
IMPAWVRZOFUWFL,-0.26,pKaH1,1,-0.26,-0.26,Uncertain,OC[C@H]1OC(Nc2ccc(Cl)cc2)[C@H](O)[C@@H](O)[C@@H]1O
IMPPGHMHELILKG,5.22,pKaH1,2,5.2,5.24,Approximate,CCOc1ccc(N)cc1
IMRBMVJXHAIYIP,11.84,pKaH1,1,11.84,11.84,Approximate,CCn1cccnc1=NC
IMRWILPUOVGIMU,0.71,pKaH1,1,0.71,0.71,Uncertain,Brc1ccccn1
IMUDHTPIFIBORV,9.52,pKaH1,2,9.4,9.63,Approximate,NCCN1CCNCC1
INAQVVVZBBUBGG,8.28,pKaH1,1,8.28,8.28,Approximate,Cn1cncc2ncc(=N)nc1-2
INMWVQLRRQQRKH,5.12,pKaH1,1,5.12,5.12,Approximate,CNc1nc(C)c(-c2ccccc2)c(C)n1
INTGUMWWADWLDF,2.57,pKaH1,1,2.57,2.57,Approximate,Cc1cnc(=O)n(C)c1
IOAOAKDONABGPZ,8.8,pKaH1,1,8.8,8.8,Approximate,CCC(N)(CO)CO
IOCXBXZBNOYTLQ,-4.1,pKaH2,1,-4.1,-4.1,Uncertain,Nc1cccc([N+](=O)[O-])c1N
IOJNPSPGHUEJAQ,4.5,pKaH1,1,4.5,4.5,Uncertain,CN(C)c1ccc(N=Nc2ccccn2)cc1
IONGEXNDPXANJD,4.39,pKaH1,1,4.395,4.395,Reliable,CN(C)c1ccc(Cl)cc1
IOOGYIDPVBCBQI,9.26,pKaH1,1,9.26,9.26,Approximate,CC(C)NCC(O)c1ccc2c(c1)CCCC2
IOQPZZOEVPZRBK,10.61,pKaH1,2,10.57,10.65,Approximate,CCCCCCCCN
IOSGHNSKXAXCPP,2.66,pKaH1,1,2.66,2.66,Approximate,N#Cc1cc(N)cc2ccccc12
IOUPHQSPQSPNIO,0.26,pKaH1,1,0.26,0.26,Approximate,Clc1c[nH]nc1-c1ccccc1
IPTARUUTZWATJU,2.6,pKaH1,1,2.6,2.6,Approximate,CSc1nc(C)c2ncn(C)c2n1
IPWSANYYLVGECF,9.51,pKaH1,1,9.51,9.51,Approximate,NCCNCCc1ccccn1
IPZQGRLGQRWVRV,3.26,pKaH1,1,3.26,3.26,Uncertain,N=C(N)Nc1nnn[nH]1
IQBWVBJLQKCMOW,5.54,pKaH1,1,5.54,5.54,Uncertain,CCOC(=O)c1cnc(C)nc1N(C)C
IQCHKMQERZPOIJ,3.89,pKaH1,1,3.89,3.89,Approximate,Cc1cnc2ncncc2n1
IQSCPUWHFOVMHF,13.51,pKaH1,1,13.51,13.51,Approximate,CN(C)c1nc(=N)ccn1C
IQUFSXIQAFPIMR,7.23,pKaH1,1,7.23,7.23,Approximate,CC(Cc1ccccc1)NCCC#N
IRSNBSGPKPZUDV,9.29,pKaH1,1,9.29,9.29,Approximate,Nc1c2ccccc2nc2cc(Cl)ccc12
IRYUWNFNGARGSM,9.7,pKaH1,1,9.7,9.7,Uncertain,CC1=CC(C)N(C)CC1
ISAQFJCVYKEERB,11.31,pKaH1,1,11.31,11.31,Approximate,N=C(N)Cc1cccc2ccccc12
ISFHAYSTHMVOJR,8.66,pKaH1,3,8.29,8.98,Uncertain,CN1CCC2=C(C1)C(c1ccccc1)c1ccccc12
ISIUXVGHQFJYHM,6.26,pKaH1,1,6.26,6.26,Approximate,Nc1cncc2ccccc12
ISJLTLKDRYBSFV,2.82,pKaH1,1,2.82,2.82,Approximate,CCCN(CC[N+]1(C)CCCCC1)c1ccccc1
ISNICOKBNZOJQG,13.8,pKaH1,1,13.8,13.8,Uncertain,CN=C(N(C)C)N(C)C
ISRULUJNENOMCW,3.44,pKaH1,1,3.44,3.44,Approximate,CSc1ccc(N)cc1I
ISZVFAGBGUCFPT,1.45,pKaH1,1,1.45,1.45,Approximate,CN(C)c1nc(O)cc(O)n1
ITAMEXWVHLBNFG,3.12,pKaH1,1,3.12,3.12,Approximate,COC(=O)c1cc(N)c2ccccc2c1
ITMNZMYUHMBOMN,8.49,pKaH1,1,8.49,8.49,Uncertain,c1ccc(NC2=NCCCS2)cc1
ITQTTZVARXURQS,5.68,pKaH1,14,5.52,5.8,Reliable,Cc1cccnc1
IUNMPGNGSSIWFP,10.23,pKaH1,3,10.08,10.37,Uncertain,CN(C)CCCN
IUNNCDSJWDQYPW,1.1,pKaH1,1,1.1,1.1,Uncertain,C/C=N/NC(N)=O
IUNQXIRPJXAGOM,5.02,pKaH1,1,5.02,5.02,Approximate,Nc1cc(Sc2ccc(Cl)cc2)nc(N)n1
IUONAHXIFONBJX,6.3,pKaH1,1,6.3,6.3,Uncertain,CCCCCCCCCCCCCCN(CCO)CC(C)O
IUOXGIFWBJTRBB,4.14,pKaH1,1,4.14,4.14,Uncertain,CC(C)CCNc1ncccn1
IUPPEELMBOPLDJ,5.04,pKaH1,1,5.04,5.04,Approximate,Nc1ccncc1[N+](=O)[O-]
IUQMWGWDJZHCOD,2.9,pKaH1,2,2.77,3.02,Approximate,CCc1ncnc2ccccc12
IUWVALYLNVXWKX,2.47,pKaH1,1,2.472,2.472,Approximate,CCCCOC(=O)c1ccc(N)cc1
IUYZOOQUHPCDIS,11.0,pKaH1,1,11.0,11.0,Uncertain,CC(C)NC(=N)NC(=N)Nc1ccc(I)cc1
IVAWJHQJDVWWMP,10.91,pKaH1,1,10.91,10.91,Approximate,CCCn1cccnc1=N
IWAYUHXWJZADCU,5.34,pKaH1,1,5.34,5.34,Approximate,Cc1ccn2c(C)ccc2c1
IWBFGVPMZFTCKQ,3.04,pKaH1,1,3.04,3.04,Approximate,COc1cc(C)c2c(n1)OCCC2
IWBGBYZGEQUDBT,6.31,pKaH1,1,6.31,6.31,Approximate,Cn1cnc2cc(N)ccc21
IWBOPFCKHIJFMS,9.73,pKaH1,2,9.57,9.88,Approximate,NCCOCCOCCN
IWCRZZKSGBFRSJ,5.41,pKaH1,1,5.41,5.41,Approximate,OCn1cnc2ccccc21
IWDFHWZHHOSSGR,7.3,pKaH1,1,7.3,7.3,Uncertain,CCn1ccnc1
IWGQGBLKTCQZKC,9.31,pKaH1,1,9.31,9.31,Approximate,CC(C)NCC(O)c1ccccc1C(F)(F)F
IWMKHKNNDDLRCC,9.87,pKaH1,1,9.87,9.87,Uncertain,CCOC(=O)C(CCN(C)C)(c1ccccc1)c1ccccc1
IWQQVNPOKBCZQL,8.93,pKaH1,1,8.93,8.93,Uncertain,CN(C)CCN(c1ccsc1)c1ccccn1
IWTFOFMTUOBLHG,3.26,pKaH1,4,3.06,3.4,Approximate,COc1ccccn1
IWVPIEGKWBOSSO,2.3,pKaH1,2,2.27,2.32,Approximate,O=[N+]([O-])c1cnc2ccncc2c1
IWXJNURGIZIAHS,10.2,pKaH1,1,10.2,10.2,Uncertain,CCC1=CCC(C)NC1
IXCIEYFFNCPRNQ,4.83,pKaH1,1,4.83,4.83,Approximate,Nc1ccc2ccnnc2c1
IXJSDKIJPVSPKF,0.18,pKaH1,1,0.18,0.18,Uncertain,Cn1cc(Br)cn1
IXLBKCICUWBZOQ,2.65,pKaH1,1,2.65,2.65,Uncertain,Cn1ncc2c(N)nc(Cl)nc21
IXQPRETWBGVNPJ,1.46,pKaH1,1,1.46,1.46,Approximate,Cc1n[nH]cc1Br
IXRBICDGFFXCBO,2.71,pKaH1,1,2.71,2.71,Unrated,CS(=O)(=O)c1ccc2cccc(N)c2c1
IXSZDASAMOFQFR,2.56,pKaH1,1,2.56,2.56,Uncertain,CC(=O)C(O)[C@H]1O[C@@H](Oc2cnc3cnc(N)nc3n2)[C@@](O)(C(C)=O)[C@](O)(C(C)=O)[C@@]1(O)C(C)=O
IXTPMNCRGZUKRE,5.75,pKaH1,1,5.75,5.75,Approximate,NC1=C(N)N(N)CN=C1
IXURPADOFINSDQ,3.42,pKaH1,1,3.42,3.42,Approximate,CCCC(C)N(CC[N+]1(C)CCCCC1)c1ccccc1
IXUYKIFODFFUGK,9.03,pKaH1,1,9.03,9.03,Uncertain,O=C(Cc1ccccc1)C(CN1CCCCC1)c1ccccc1
IXWOSGPCLPGRMP,6.45,pKaH1,1,6.45,6.45,Uncertain,C#CC(C)(C)NC(C)(C)C#C
IXYMAIWWENZFJV,2.0,pKaH1,1,2.0,2.0,Uncertain,COc1cnc2c(N(C)C)ncnc2n1
IXZXVQOMXSEEPO,3.44,pKaH1,1,3.44,3.44,Uncertain,CNc1ncc(OC)cn1
IYLVONJPEACUOZ,9.78,pKaH1,1,9.78,9.78,Uncertain,c1ccc(C(C2=NCCN2)c2ccccc2)cc1
IYRGXJIJGHOCFS,6.0,pKaH1,2,5.85,6.15,Approximate,Cc1ccc2ccc3ccc(C)nc3c2n1
IYWFDPOAZAPDRO,2.7,pKaH1,1,2.7,2.7,Approximate,Nc1ncnc2nc(Cl)cnc12
IZCIZOZBUHFBRC,10.23,pKaH1,1,10.23,10.23,Approximate,COc1cccc2nc(=N)n(C)cc12
IZEZAMILKKYOPW,-3.34,pKaH1,1,-3.34,-3.34,Uncertain,Nc1c(Cl)cc(Cl)cc1[N+](=O)[O-]
IZGVOANXLNJMDM,10.29,pKaH1,1,10.29,10.29,Uncertain,CC1=CCNCC1
IZKIWEYIOKPHLF,3.06,pKaH1,1,3.06,3.06,Uncertain,C#CCNc1ccccc1
IZKXQHUHWOZJQX,9.16,pKaH1,1,9.16,9.16,Approximate,CC(C)C1NC=Nc2ccccc21
IZMJWGJGVGRWBW,8.54,pKaH1,1,8.54,8.54,Approximate,CCOC(=O)CCN(C)C
IZOXUCWDGCFVHU,8.06,pKaH1,1,8.06,8.06,Approximate,CC(C)OP(=O)(OCCN(C)C)OC(C)C
IZPLHIBNYLLAOB,2.55,pKaH1,1,2.55,2.55,Approximate,CC(C)(C)Nc1ncncc1[N+](=O)[O-]
IZQAUUVBKYXMET,8.49,pKaH1,1,8.49,8.49,Uncertain,NCCBr
IZYBEGHUZQSYII,2.17,pKaH1,1,2.17,2.17,Uncertain,Oc1ccnc2c1ccc1cccnc12
JACMPVXHEARCBO,11.16,pKaH1,1,11.16,11.16,Uncertain,CCCCCNCCCCC
JAFJBSJQOPRFHM,7.7,pKaH1,1,7.7,7.7,Approximate,CC(C)OP(=O)(OC(C)C)SCCN(C)C
JAIYUIOGVNRXEW,2.49,pKaH1,1,2.49,2.49,Approximate,N#Cc1cncnc1N
JAOPKYRWYXCGOQ,9.22,pKaH1,1,9.22,9.22,Approximate,Cc1ccc(CN(C)C)cc1
JAOSYYPULNBONK,9.66,pKaH1,2,9.54,9.78,Approximate,NCCNCc1ccccn1
JATMIUSJTMOXNC,9.98,pKaH1,1,9.98,9.98,Approximate,CNc1ccncc1C(C)C
JAVXFKQNRRUYMG,9.1,pKaH1,1,9.1,9.1,Uncertain,CCC(N)c1ccc(Cl)cc1
JAWZAONCXMJLFT,6.05,pKaH1,1,6.05,6.05,Approximate,CCCc1ccncc1
JAYBQRKXEFDRER,8.7,pKaH1,1,8.7,8.7,Approximate,CC(N)C(O)c1ccc(O)cc1
JAYIKPQWYPFHNR,10.47,pKaH1,1,10.47,10.47,Uncertain,CC(C)=C1CCCNC1
JBFKTGKPNDZSPY,4.59,pKaH1,1,4.59,4.59,Approximate,Nc1ccc2cncnc2c1
JBIJLHTVPXGSAM,4.16,pKaH1,5,4.14,4.2,Approximate,Nc1ccc2ccccc2c1
JBMTUXVKTGBMLE,4.28,pKaH1,1,4.28,4.28,Approximate,Cn1ncc2c(N)ncnc21
JBNBYKWDFWNCFV,6.36,pKaH1,1,6.36,6.36,Approximate,C1=Nc2nccnc2CN1
JBRWPSRNDWASJF,3.9,pKaH1,1,3.9,3.9,Approximate,FC(F)(F)c1ccc2cncnc2c1
JCBPETKZIGVZRE,9.54,pKaH1,4,9.365,9.672,Reliable,CCC(N)CO
JCKMGDNUHJLYMJ,3.91,pKaH1,1,3.91,3.91,Approximate,Nc1ncncc1NC(=O)C(F)(F)F
JCONLMCPZNVECJ,7.02,pKaH1,1,7.02,7.02,Approximate,O=[N+]([O-])c1ccc2c(c1)C(O)NC=N2
JCRIVQIOJSSCQD,10.52,pKaH1,1,10.52,10.52,Uncertain,CNC(C)CC1CCCCC1
JCYPECIVGRXBMO,3.23,pKaH1,3,2.96,3.5,Approximate,CN(C)c1ccc(/N=N/c2ccccc2)cc1
JDEJGVSZUIJWBM,5.94,pKaH1,3,5.85,6.11,Approximate,Cc1ccccc1N(C)C
JDFXGSPUTOGATO,3.96,pKaH1,1,3.96,3.96,Approximate,c1n[nH]c2c1CCCCC2
JDGKTNNIXUKLEJ,9.01,pKaH1,1,9.01,9.01,Approximate,Cc1ccccc1C(O)CNC(C)C
JDHKVOPFSRGZMT,4.52,pKaH1,1,4.52,4.52,Approximate,Cc1ccc(C(=O)Nc2ccc(N)cc2)cc1
JDKNALCOFBJYBR,5.67,pKaH1,1,5.67,5.67,Uncertain,CCCN(C)c1ccccc1
JDMFXJULNGEPOI,0.42,pKaH1,1,0.422,0.422,Reliable,Nc1c(Cl)cccc1Cl
JDPOVKBMYKKAOS,0.21,pKaH1,1,0.21,0.21,Uncertain,COc1nc(N)nc2c1ncc(=O)n2C
JDSHMPZPIAZGSV,5.05,pKaH1,4,5.0,5.13,Approximate,Nc1nc(N)nc(N)n1
JDZQCVNSMIOFBW,8.7,pKaH1,1,8.7,8.7,Approximate,CC(=O)NNC1CCN(C)CC1
JEDHEXUPBRMUMB,6.46,pKaH1,2,6.45,6.46,Approximate,CN(C)c1cccnc1
JEGMWWXJUXDNJN,11.07,pKaH1,1,11.07,11.07,Approximate,C[C@H]1CCCNC1
JEGZRTMZYUDVBF,4.7,pKaH1,1,4.7,4.7,Uncertain,c1ccc2nc3ccc4ccccc4c3cc2c1
JEOUTNIKBRNBRL,8.79,pKaH1,1,8.79,8.79,Approximate,CCC#CC(C)(C)N(C)C
JEUAWMJVEYFVNJ,4.58,pKaH1,1,4.58,4.58,Approximate,Nc1ccc2c3c(cccc13)CC2
JFDARPRNBWSOHO,9.6,pKaH1,1,9.6,9.6,Approximate,CC(C)NCC(O)c1cccc(N)c1
JFFOUICIRBXFRC,9.28,pKaH1,3,9.2,9.7,Approximate,N[C@H]1[C@H](CCC1)O
JFHBTDZUTSWGRK,4.48,pKaH1,1,4.48,4.48,Approximate,Nc1ccc(NC(=O)c2ccc([N+](=O)[O-])cc2)cc1
JFIGSDCKINKCLS,9.02,pKaH1,1,9.02,9.02,Uncertain,CCC(CN1c2ccccc2Sc2ccccc21)N(C)C
JFILLLZWNHOVHV,4.38,pKaH1,2,4.36,4.39,Approximate,NNc1cccc([N+](=O)[O-])c1
JFJFUWJKPBIBHG,5.91,pKaH1,1,5.91,5.91,Approximate,Nc1nc(N)c2c(n1)NCCN2C(=O)c1ccccc1
JFMDVMJEMZLFKV,3.42,pKaH1,1,3.42,3.42,Approximate,Fc1ccc2ncncc2c1
JFODQDKKGQHJBB,9.46,pKaH1,2,9.31,9.62,Approximate,NCCSCCSCCN
JFOMNWVBOHVZGU,5.19,pKaH1,1,5.19,5.19,Approximate,CNc1ccncc1[N+](=O)[O-]
JFQKGZMJASBPNU,4.62,pKaH1,1,4.62,4.62,Approximate,COc1ccc(C(=O)Nc2ccc(N)cc2)cc1
JFRKXOHXINEMCO,3.46,pKaH1,1,3.46,3.46,Approximate,CCCCc1nc(N)c2ncsc2n1
JFTBZRLPFLOMHC,4.61,pKaH1,1,4.61,4.61,Approximate,Cc1nc(NCc2ccco2)c2cn[nH]c2n1
JGFFIQSOYIZEHY,5.53,pKaH1,1,5.53,5.53,Approximate,CCNc1nc(N)nc(NCC)n1
JGTUBTJLRQIMAB,2.22,pKaH1,1,2.22,2.22,Approximate,Cc1n[nH]c(C)c1Cl
JGXHLQFDILZDAY,8.08,pKaH1,1,8.08,8.08,Approximate,CNc1ccnc(N(C)C)n1
JHHCQWBYIIKQGT,8.2,pKaH1,1,8.2,8.2,Uncertain,C=CCN(CC(C)O)CC(C)O
JHLLJSGDILFEPQ,6.85,pKaH1,1,6.85,6.85,Unrated,C[NH+]1CCCCC1CCN(C1CCCCC1)C1CCCCC1
JHPNVNIEXXLNTR,3.94,pKaH1,1,3.94,3.94,Uncertain,C[N+](C)(C)CCCC(=O)[O-]
JHTLTNIGWZGFGM,9.47,pKaH1,1,9.47,9.47,Uncertain,CN(C)CCC(C(=O)c1ccccc1)(c1ccccc1)c1ccccc1
JIBKLXUBAFVICQ,9.3,pKaH1,1,9.3,9.3,Uncertain,CCN(CC)CCNc1nc(C)nc(Nc2ccc(Cl)cc2)n1
JIBRFXMUEQDPGO,9.08,pKaH1,1,9.08,9.08,Approximate,CN(C)c1c2ccccc2nc2ccccc12
JIHOVGXINXMLLR,4.65,pKaH1,1,4.65,4.65,Approximate,Nc1nc(N)nc(Nc2ccccc2)n1
JILXUIANNUALRZ,10.3,pKaH1,1,10.3,10.3,Uncertain,CCN(CC)CCCCN
JIPSHGIBKGDJHE,13.9,pKaH1,1,13.9,13.9,Uncertain,Cc1ccn(C)c(=N)c1
JIVLDFFWTQYGSR,5.94,pKaH1,1,5.94,5.94,Approximate,Cc1ccnc2c1ccc1c(C)ccnc12
JIVZKJJQOZQXQB,10.37,pKaH1,1,10.37,10.37,Approximate,c1ccc(CC2=NCCN2)cc1
JJHHWCQQAOZVKQ,9.45,pKaH1,1,9.45,9.45,Uncertain,CCCc1ccc(C(C)N)cc1
JJPSZKIOGBRMHK,5.78,pKaH1,2,5.46,6.1,Uncertain,Cc1ccc2nc(C)ccc2c1
JJTYBCMUQDCVCF,7.81,pKaH1,1,7.81,7.81,Uncertain,Cc1nc2c(OC(C)C)nc(=N)nc-2n(C)c1C
JJWXIZWEJIQNDL,5.15,pKaH1,1,5.15,5.15,Approximate,Nc1nc(N(CCO)CCO)nc(N(CCO)CCO)n1
JJYPMNFTHPTTDI,4.7,pKaH1,13,4.623,4.804,Reliable,Cc1cccc(N)c1
JKELWZXAVUOKIQ,7.12,pKaH1,1,7.12,7.12,Uncertain,CCC(=O)C(c1ccccc1)(c1ccccc1)C(C)CN1CCOCC1
JKLWLHQDZJWQCR,10.6,pKaH1,1,10.6,10.6,Uncertain,NCCCCCCBr
JKNXMPSMAZUQMJ,10.56,pKaH1,1,10.56,10.56,Approximate,CCN1CCCC1C
JLEIRAYWBMNMKU,10.59,pKaH1,1,10.59,10.59,Approximate,CCC(N)(CC)CC
JLKRJHPQNYVSGM,8.59,pKaH1,2,8.54,8.63,Unrated,CNCc1ccc([N+](=O)[O-])cc1
JLPYUDJJBGYXEZ,3.58,pKaH1,1,3.58,3.58,Approximate,Cc1cc([N+](=O)[O-])cnc1N
JLTDJTHDQAWBAV,5.12,pKaH1,7,5.05,5.178,Reliable,CN(C)c1ccccc1
JLVBSBMJQUMAMW,5.43,pKaH1,1,5.43,5.43,Approximate,Cc1cccc(CO)n1
JLZXSFPSJJMRIX,2.13,pKaH1,1,2.13,2.13,Approximate,Cn1cncc1[N+](=O)[O-]
JMANUKZDKDKBJP,5.54,pKaH1,1,5.54,5.54,Approximate,c1ccn2cncc2c1
JMJXZCVZSCWVDV,6.84,pKaH1,1,6.84,6.84,Approximate,CCc1c(N)nc(N)nc1N
JMNBSUNJDNVCFG,4.62,pKaH1,1,4.62,4.62,Approximate,Cc1ccc(N(C)N)cc1Br
JMOYUDXVINOCCT,4.34,pKaH1,1,4.34,4.34,Approximate,c1ccc(CCNc2ncnc3[nH]ncc23)cc1
JMRWVHXGVONXEZ,10.3,pKaH1,1,10.3,10.3,Approximate,C1CCC(NCCNC2CCCCC2)CC1
JMVZCLDUVZZXCQ,2.88,pKaH1,1,2.88,2.88,Approximate,CS(=O)c1ccnc2ccccc12
JMZHLHDJFDBIKZ,6.07,pKaH1,1,6.07,6.07,Approximate,CNc1c(C)ncnc1N
JNEAWFSSFYRAMO,2.39,pKaH1,1,2.39,2.39,Approximate,CNc1ncc(I)cn1
JNESDTOADUUVAL,5.17,pKaH1,1,5.17,5.17,Approximate,Nc1nc(N)c(Br)c(N)n1
JNFIGILOMLKHPP,2.25,pKaH1,1,2.25,2.25,Approximate,CN1C=CC=C(S)C1
JNLYJTIJWMFCCQ,4.93,pKaH1,1,4.93,4.93,Approximate,CC(=O)NC(=N)NC(C)=O
JNSXYQZZOPXSTI,3.22,pKaH1,1,3.22,3.22,Uncertain,Clc1nc2cncnc2nc1Cl
JNWGFQCTJCIODS,-0.85,pKaH1,1,-0.85,-0.85,Approximate,Nc1ccc2ccccc2c1[N+](=O)[O-]
JNZGAKJBZUGXCU,1.94,pKaH1,1,1.94,1.94,Uncertain,CN1NC(=O)CC1c1ccccc1
JONGQLYRVBHHDM,5.12,pKaH1,1,5.12,5.12,Approximate,CCC(C)Nc1nc(C)cc(C)n1
JONTXEXBTWSUKE,9.64,pKaH1,1,9.64,9.64,Uncertain,NCCSCCN
JOPQKJRLGRFCRS,11.7,pKaH1,1,11.7,11.7,Approximate,CC(C)NC(=N)Cc1cccc2ccccc12
JOTJGOWIMWFXFS,13.7,pKaH1,1,13.7,13.7,Uncertain,Cc1cccc(=N)n1C
JPBGLQJDCUZXEF,-1.96,pKaH(R pseudo-base),1,-1.96,-1.96,Uncertain,c1ccc2[o+]cccc2c1
JPBLHOJFMBOCAF,3.7,pKaH1,1,3.7,3.7,Approximate,Nc1nc2ccccc2o1
JPFCCCDVVRPQQF,2.41,pKaH1,1,2.41,2.41,Approximate,CSc1ccncn1
JPJPPIBIZQCWDH,10.34,pKaH(ax-ax),1,10.34,10.34,Approximate,C[C@H]1C[C@H](O)C2CCCCC2N1 
JPPNPJJKGOYLBH,11.12,pKaH1,1,11.12,11.12,Unrated,CCNC[Si](C)(C)C
JPVKCHIPRSQDKL,2.9,pKaH1,3,2.84,2.9,Approximate,Nc1cccc(S(N)(=O)=O)c1
JPVMCSXKFPMWDB,4.21,pKaH1,1,4.21,4.21,Approximate,CCCNc1ncnc2c1cnn2C
JPZYXGPCHFZBHO,10.61,pKaH1,1,10.61,10.61,Approximate,CCCCCCCCCCCCCCCN
JQIAQQPCXOVULG,1.21,pKaH1,1,1.21,1.21,Approximate,CC(=O)Nc1ncnc2nccnc12
JQULXIOYDDCNGR,5.3,pKaH1,1,5.3,5.3,Uncertain,CC(C)(N)C#N
JQVDAXLFBXTEQA,11.32,pKaH1,2,11.25,11.39,Approximate,CCCCNCCCC
JRBPAEWTRLWTQC,10.63,pKaH1,1,10.63,10.63,Approximate,CCCCCCCCCCCCN
JRFLIJXBMJNZQP,3.34,pKaH1,1,3.34,3.34,Approximate,Nc1cccc2c(Cl)cccc12
JRJWQRVOKXUXNY,4.42,pKaH1,1,4.42,4.42,Approximate,CNc1cc(SC)ncn1
JRLTTZUODKEYDH,4.82,pKaH1,2,4.6,5.05,Approximate,Cc1cccc2cccnc12
JROJMNVZOCKYJI,6.03,pKaH1,1,6.03,6.03,Approximate,Cc1ccc(N(C)N)c(C)c1
JRVJHABTKLLVHJ,10.28,pKaH1,1,10.28,10.28,Approximate,Cc1nc(=N)n(C)cc1Br
JRZGPXSSNPTNMA,9.63,pKaH1,1,9.63,9.63,Approximate,NC1CCCc2ccccc21
JSKOLQWFMXYJAF,4.3,pKaH1,1,4.3,4.3,Uncertain,Nc1ccccc1C1CC1
JSYBAZQQYCNZJE,5.5,pKaH1,1,5.5,5.5,Uncertain,Nc1ccc(N)c(N)c1
JSZDBNSBFWYPFV,2.19,pKaH1,1,2.19,2.19,Approximate,Cc1n[nH]c(N)nc1=O
JSZWPHKEGJUPBP,2.15,pKaH1,1,2.15,2.15,Uncertain,CC[As](=O)(CC)c1ccccc1[N+](=O)[O-]
JTDGKQNNPKXKII,9.47,pKaH1,1,9.47,9.47,Uncertain,COc1ccc(C(C)N)cc1
JTIHSSVKTWPPHI,4.4,pKaH1,1,4.4,4.4,Approximate,N#CC(N)c1ccccc1
JTLVWUCHTKGHRI,1.9,pKaH1,1,1.9,1.9,Approximate,Cc1nn(C)c(N)nc1=O
JTNCEQNHURODLX,11.57,pKaH1,1,11.57,11.57,Approximate,N=C(N)Cc1ccccc1
JTTIOYHBNXDJOD,6.76,pKaH1,2,6.72,6.81,Approximate,Nc1cc(N)nc(N)n1
JUCSNAMHVJOWAV,4.45,pKaH1,1,4.45,4.45,Uncertain,Nc1nc(N)c2cnn(-c3ccccc3)c2n1
JUHZIHYGDUXTFJ,10.28,pKaH1,1,10.28,10.28,Uncertain,CCN1CCC(C)CC1
JUIQOABNSLTJSW,5.3,pKaH1,2,5.22,5.37,Approximate,CC1=NCCS1
JUJWROOIHBZHMG,5.22,pKaH1,27,5.11,5.38,Reliable,c1ccncc1
JUMCQVYEUPBFGH,9.75,pKaH1,1,9.75,9.75,Uncertain,CC1=CCN(C)C(C)C1
JURKNVYFZMSNLP,9.4,pKaH1,1,9.4,9.4,Uncertain,CN(C)CCC=C1c2ccccc2C=Cc2ccccc21
JUTQNBHFMNYDTI,5.87,pKaH1,1,5.87,5.87,Uncertain,CS(=O)(=O)CCNC(CC(=O)O)c1ccccc1
JUWWVCSNLLWQBL,9.21,pKaH1,1,9.21,9.21,Approximate,Cc1nc(N)[nH]c1C
JUXXCHAGQCBNTI,9.49,pKaH1,1,9.49,9.49,Approximate,CC(CN(C)C)N(C)C
JVDFHGQPUOICBZ,8.33,pKaH1,1,8.33,8.33,Approximate,Cc1ccc(C2CC2N)cc1
JVQBFZMPFQQOMQ,6.8,pKaH1,1,6.8,6.8,Approximate,NNCCOc1ccccc1
JVYIBLHBCPSTKF,4.37,pKaH1,1,4.37,4.37,Approximate,CC(=O)Nc1cccnc1
JVZRCNQLWOELDU,5.35,pKaH1,1,5.35,5.35,Approximate,c1ccc(-c2ccncc2)cc1
JVZSPTGVZGDDRM,11.59,pKaH1,1,11.59,11.59,Uncertain,CCOC(=O)C(CCN(CC)CC)(c1ccccc1)c1ccccc1
JWAWEQBUZOGIBZ,1.25,pKaH1,1,1.25,1.25,Approximate,Cn1ccnn1
JWEOEZZCZCCPJL,2.6,pKaH1,4,2.35,2.78,Approximate,Cc1ncnc2ccccc12
JWMHRAUUHFSEJO,0.53,pKaH1,1,0.53,0.53,Approximate,CCOC(=O)CNc1ncccc1[N+](=O)[O-]
JWTVWQUUKNZIHH,12.5,pKaH1,1,12.5,12.5,Uncertain,Cn1ccc(=N)cc1
JWUFETBJSSRYID,4.88,pKaH1,1,4.88,4.88,Uncertain,CSc1cccc2c(C)cc(C)nc12
JWVCLYRUEFBMGU,3.43,pKaH1(eq),1,3.43,3.43,Approximate,c1ccc2ncncc2c1
JWVNPUBYKCSIKR,2.96,pKaH1,2,2.96,2.96,Approximate,CN(C)c1cncnc1
JWYUFVNJZUSCSM,7.51,pKaH1,1,7.51,7.51,Approximate,Nc1nc2ccccc2[nH]1
JXBLZDYHEXHSLA,3.89,pKaH1,1,3.89,3.89,Approximate,CSc1nccc2ccccc12
JXBWTBGYZOVCJH,4.63,pKaH1,1,4.63,4.63,Uncertain,CCn1nc(C)c(N)c1C
JXDFEQONERDKSS,9.61,pKaH1,1,9.61,9.61,Approximate,NCCc1cc[nH]n1
JXEWYZSMWABVMN,8.06,pKaH1,1,8.06,8.06,Uncertain,CC1=Nc2ccc(F)cc2C(O)N1
JXJPYHDHJZJWRI,8.91,pKaH1,1,8.91,8.91,Approximate,c1ccc(C(CCN2CCCCC2)c2ccccc2)cc1
JXKUCNDDDQEMSS,3.0,pKaH1,1,3.0,3.0,Approximate,CN(C)c1ncc2nccnc2n1
JXQCVKCHXCEYSQ,9.11,pKaH1,1,9.11,9.11,Approximate,CNCC(O)c1ccc(Cl)c(Cl)c1
JXSVVVHXXCTBTK,2.61,pKaH1,1,2.61,2.61,Unrated,CS(=O)(=O)c1cc(N)cc2ccccc12
JXXFSIHOOKDVMW,9.4,pKaH1,1,9.4,9.4,Approximate,CCOP(=O)(OCC)OCCCN(CC)CC
JYAQYXOVOHJRCS,-6.9,pKaH1,1,-6.9,-6.9,Uncertain,CC(=O)c1cccc(Br)c1
JYDYHSHPBDZRPU,10.58,pKaH1,2,10.56,10.61,Uncertain,N[C@@H]1C[C@@H](CCC1)C
JYFFIUHBHGZXBG,4.82,pKaH1,1,4.82,4.82,Approximate,CCOC(=O)c1ncnc(N)c1N
JYGAKLIZCLELQR,9.23,pKaH1,1,9.23,9.23,Approximate,CNCC(O)c1ccc(F)c(F)c1
JYGOFGJNWGAPAN,3.32,pKaH1,1,3.32,3.32,Approximate,Nc1ncc(-c2ccccc2)cn1
JYIKDSAFJVGVAH,3.25,pKaH1,1,3.25,3.25,Uncertain,COc1nc(N)c2nccnc2n1
JYMNQRQQBJIMCV,1.78,pKaH1,1,1.777,1.777,Reliable,CN(C)c1ccc(C#N)cc1
JYYNAJVZFGKDEQ,6.74,pKaH1,6,6.63,6.99,Approximate,Cc1ccnc(C)c1
JYYSHYNALCBIQU,6.15,pKaH1,1,6.15,6.15,Approximate,CN(C)c1ncc(Br)c(N)n1
JZCIUMVCWIEEQX,2.19,pKaH1,1,2.19,2.19,Approximate,CCOC(=O)CNc1cccc(C)c1
JZJXKEWVUBVOEH,7.97,pKaH1,1,7.97,7.97,Approximate,C#CCN(CC)CC
JZRMOFFUDLPSGK,9.54,pKaH1,1,9.54,9.54,Approximate,COc1cccc(C(O)CNC(C)C)c1
JZXULSCEKVOFNR,10.45,pKaH1,1,10.45,10.45,Approximate,Cn1cc(-c2ccc(Br)cc2)cnc1=N
KAFHLYIMFOUYGL,8.78,pKaH1,1,8.78,8.78,Approximate,NCC(O)c1ccc(Cl)c(Cl)c1
KAJZYANLDWUIES,10.6,pKaH1,1,10.6,10.6,Approximate,CCCCCCCCCCCCCCCCCN
KARNFFCWBOOONH,1.56,pKaH1,1,1.56,1.56,Uncertain,CSc1nc(N)c2ncc(O)nc2n1
KAZMCIGKULUUMR,5.29,pKaH1,1,5.29,5.29,Approximate,Cc1ccc(N)nn1
KAZPHAGSWZTKDW,9.6,pKaH1,1,9.6,9.6,Approximate,COc1ccc(CC(C)N)cc1OC
KBOPLILFJIQJSS,2.8,pKaH1,1,2.8,2.8,Uncertain,Cn1c(N)nc(=O)c([N+](=O)[O-])c1N
KBPBOWBQRUXMFV,0.55,pKaH1,1,0.55,0.55,Uncertain,CSc1cnccn1
KBUAIYNCJIUJLR,4.49,pKaH1,1,4.49,4.49,Approximate,C#CCc1c(C)nc(N)nc1C
KBYZNWMNXPSOFI,7.15,pKaH1,1,7.15,7.15,Approximate,OC1NC=Nc2ccc(Cl)cc21
KCCOKUSVNPDIBJ,1.04,pKaH1,1,1.04,1.04,Uncertain,COc1ncnc2nccnc12
KCHLDNLIJVSRPK,4.0,pKaH1,1,4.0,4.0,Approximate,CSc1cccc(N)c1
KCJWSPAGPQAMAD,8.02,pKaH1,2,8.0,8.03,Approximate,CCOP(=O)(OCC)OCCN(C)C
KCNRNELGFXGPEY,4.96,pKaH1,1,4.96,4.96,Approximate,CCCCNc1nc(C)nc2c1ncn2C
KCOITMFSLVDOGO,2.88,pKaH1,1,2.88,2.88,Uncertain,Cc1cccc(/N=N/c2ccc(N)cc2)c1
KCUNTYMNJVXYKZ,7.29,pKaH1,1,7.29,7.29,Uncertain,COC(=O)[C@@H](N)Cc1c[nH]c2ccccc12
KDDITOVEJPNECU,7.64,pKaH1,1,7.64,7.64,Approximate,Nc1nc2cc3c(cc2[nH]1)CCCC3
KDFFXYVOTKKBDI,4.19,pKaH1,1,4.19,4.19,Uncertain,CCNc1cccc2ccccc12
KDFGMGWMNRUAFZ,8.11,pKaH1,1,8.11,8.11,Approximate,NCC(=O)NCC(=O)N[C@@H](Cc1cnc[nH]1)C(N)=O
KDRUIMNNZBMLJR,10.62,pKaH1,1,10.62,10.62,Approximate,CC(C)NCCN
KDSNLYIMUZNERS,10.5,pKaH1,4,10.43,10.72,Approximate,CC(C)CN
KDSVFHHWZXLIOM,4.21,pKaH1,1,4.21,4.21,Approximate,CNc1ncn(C)c1C(=O)OC
KDTSAMBCRXSULF,4.3,pKaH1,1,4.3,4.3,Approximate,CC1CC=NN1
KDUWWQCGLSYDIY,7.49,pKaH1,1,7.49,7.49,Uncertain,Cc1nccc(N(C)C)n1
KDVBYUUGYXUXNL,3.41,pKaH1,1,3.41,3.41,Approximate,N#Cc1ccc(N)nc1
KDYVCOSVYOSHOL,5.21,pKaH1,2,5.08,5.34,Approximate,Cc1ccc2cccnc2c1
KDYVPZLBTSYTIT,2.53,pKaH1,1,2.53,2.53,Approximate,CCOc1ncc2ncn(C)c2n1
KEABNFLSDJZPEP,3.25,pKaH1,1,3.25,3.25,Approximate,Cn1cnc2cccc([N+](=O)[O-])c21
KEBIZMQVCXHCGN,5.18,pKaH1,1,5.18,5.18,Approximate,Cc1ccnc2[nH]ccc12
KEFQXDIEUHYWEF,7.86,pKaH1,1,7.86,7.86,Uncertain,CN1CCCSC1=Nc1ccccc1
KEJFADGISRFLFO,3.99,pKaH1,1,3.99,3.99,Approximate,Nc1ccc2cn[nH]c2c1
KFBOUJZFFJDYTA,-0.62,pKaH1,1,-0.62,-0.62,Approximate,CNc1ccccc1[N+](=O)[O-]
KFDVPJUYSDEJTH,5.62,pKaH1,1,5.62,5.62,Uncertain,C=Cc1ccncc1
KFGVDCBVGNMCJC,3.45,pKaH1,1,3.45,3.45,Approximate,NNc1ccccc1C(=O)O
KFIGICHILYTCJF,10.14,pKaH1,4,9.9,10.4,Approximate,CNCCN
KFMZIMHUODHCIH,8.14,pKaH1,1,8.14,8.14,Approximate,CCOP(C)(=O)OCCN(C)C
KFVZQKRRHZRADW,6.83,pKaH1,1,6.83,6.83,Approximate,Cc1cc2cccc(C)n2c1
KGIGUEBEKRSTEW,4.95,pKaH1,2,4.92,4.98,Approximate,C=Cc1ccccn1
KHFUKCUSJQDHKN,10.92,pKaH1,1,10.92,10.92,Approximate,CC#Cc1c(C)nc(=N)n(C)c1C
KIBVVPMJDCDHMT,8.95,pKaH1,3,8.84,8.97,Approximate,CO[C@H]1O[C@H](CN)[C@@H](O)[C@@H](N)[C@@H]1O
KIDHWZJUCRJVML,10.8,pKaH1,5,10.19,10.82,Approximate,NCCCCN
KIPSRYDSZQRPEA,5.59,pKaH1,1,5.59,5.59,Approximate,NCC(F)(F)F
KJCZIGIPLGGJRT,4.04,pKaH1,1,4.04,4.04,Approximate,c1cnc(NC2CCCCC2)nc1
KJFSPOVZVRDQAX,3.9,pKaH1,1,3.9,3.9,Uncertain,N=C1CC(=O)C=CC1=O
KJKJUXGEMYCCJN,8.96,pKaH1,1,8.96,8.96,Uncertain,c1ccc2c(c1)Sc1ccccc1N2CCN1CCCC1
KJVGXOHRFWZQJB,2.2,pKaH1,2,2.2,2.21,Approximate,Nc1cnc2cncnc2n1
KKASWOGQJXWOHK,2.65,pKaH1,2,2.12,3.18,Approximate,Cc1cccc2cncnc12
KKDPIZPUTYIBFX,3.85,pKaH1,1,3.85,3.85,Approximate,Nc1ncnc2c1cnn2-c1ccccc1
KKEAPVZPIPXIFP,2.95,pKaH1,1,2.95,2.95,Approximate,CCC(C)n1cccnc1=O
KKKDZZRICRFGSD,6.66,pKaH1,1,6.66,6.66,Approximate,c1ccc(Cn2ccnc2)cc1
KKTAZLGJUGYPMA,2.73,pKaH1,1,2.73,2.73,Approximate,CCOC(=O)c1ncc2nccnc2n1
KKTBUCVHSCATGB,10.85,pKaH1,1,10.85,10.85,Uncertain,CNC1CCCC1
KLBQZWRITKRQQV,9.5,pKaH1,1,9.5,9.5,Uncertain,CSc1ccc2c(c1)N(CCC1CCCCN1C)c1ccccc1S2
KLLREYQZEOLXHA,4.82,pKaH1,1,4.82,4.82,Approximate,CCOc1ccc(N)c(N)c1
KLYKJMYVRMIKGX,4.45,pKaH1,1,4.45,4.45,Approximate,CCOC(=O)c1cccc(N(C)N)c1
KMBPCQSCMCEPMU,10.54,pKaH1,2,10.33,10.74,Approximate,CN(CCCN)CCCN
KMVPXBDOWDXXEN,3.94,pKaH1,1,3.94,3.94,Uncertain,NNc1ccc([N+](=O)[O-])cc1
KMVWNDHKTPHDMT,3.1,pKaH1,1,3.1,3.1,Approximate,c1ccc(-c2nc(-c3ccccn3)nc(-c3ccccn3)n2)nc1
KMXKJDVIHKFCAZ,1.97,pKaH1,1,1.97,1.97,Approximate,CN(C)c1nccc(=S)n1C
KMYYUEOTHDFXLA,4.2,pKaH1,1,4.2,4.2,Approximate,Cc1nc2ccc([N+](=O)[O-])cc2n1C
KNAFJKZEKZZHRU,9.1,pKaH1,1,9.1,9.1,Uncertain,CCCCCN(CC(C)O)CC(O)CC
KNCRZFKAJKVZAN,3.74,pKaH1,1,3.74,3.74,Approximate,CC(=O)N1CCN(C(C)=O)c2c(N(C)C)nc(N(C)C)nc21
KNCYRTOZAIAEPJ,8.65,pKaH1,1,8.65,8.65,Uncertain,CN1CCC(c2ccccc2)(c2ccccc2)CC1
KNIKXRHJCUWYNL,9.4,pKaH1,1,9.4,9.4,Uncertain,CCC(=O)C(c1ccccc1)(c1ccccc1)C(C)CN1CCCCC1
KNMBSJCWXZMBIJ,7.17,pKaH1,1,7.17,7.17,Approximate,Nc1ncc(Cc2ccc(Cl)cc2)c(N)n1
KNUWNVWSWFCZPM,3.42,pKaH1,1,3.42,3.42,Approximate,CNc1ncc(-c2ccccc2)cn1
KOAOERVORSOTKI,3.28,pKaH1,1,3.28,3.28,Approximate,Clc1cccc2cncnc12
KOEZKCIAZAPJLY,2.31,pKaH1,1,2.31,2.31,Uncertain,CC(C)CCNc1ncc(Br)cn1
KOFIDSXHWGFEMO,10.38,pKaH1,1,10.38,10.38,Uncertain,CC(C)CN1CCCC1
KOGDFDWINXIWHI,5.2,pKaH1,1,5.2,5.2,Uncertain,Nc1ccc(C=Cc2ccc(N)cc2)cc1
KOLPWZCZXAMXKS,7.4,pKaH1,3,7.4,7.49,Approximate,Cn1c(N)ccnc1=O
KONSGDUJYXXYMT,9.62,pKaH1,1,9.62,9.62,Uncertain,CCCC(N)c1ccc(C)cc1
KOTSAGHCUMHESG,4.2,pKaH1,1,4.2,4.2,Approximate,CNc1ncnc2c1cnn2C
KPIOFCJOKUHZPF,5.3,pKaH1,1,5.3,5.3,Approximate,COc1cccc(NN)c1
KPJZHOPZRAFDTN,6.62,pKaH1,1,6.62,6.62,Approximate,CC[C@@H](CO)NC(=O)[C@@H]1C=C2c3cccc4c3c(cn4C)C[C@H]2N(C)C1
KPZYUYBOQZLCJZ,9.09,pKaH1,1,9.09,9.09,Uncertain,C=C1CCN(C)CC1C
KQCMTOWTPBNWDB,2.08,pKaH1,2,2.016,2.14,Reliable,Nc1ccc(Cl)cc1Cl
KQPYVUBSOWFUHV,4.72,pKaH1,1,4.72,4.72,Approximate,COc1ccc2nc(N)ncc2c1
KQRIMQCNNAKEME,4.47,pKaH1,1,4.47,4.47,Approximate,Nc1nc(N)c2c(-c3ccc(Br)cc3)csc2n1
KQSABULTKYLFEV,4.21,pKaH2,1,4.21,4.21,Uncertain,Nc1cccc2c(N)cccc12
KQSSATDQUYCRGS,7.62,pKaH1,4,7.44,7.73,Approximate,COC(=O)CN
KQUCUUMTUKZYAI,5.16,pKaH1,1,5.16,5.16,Approximate,Nc1cccc2c1ccc1ncccc12
KQXMFKQKVIPXIM,9.25,pKaH1,1,9.25,9.25,Uncertain,CC(C)CC(N)c1ccc(F)cc1
KRAFFEQXOLVGMI,8.35,pKaH1,1,8.35,8.35,Approximate,NCC(=O)NCCNC(=O)CN
KRDJEDYHEZANIE,10.03,pKaH1,1,10.03,10.03,Approximate,N=C(N)OCCc1ccccc1
KRDXTHSSNCTAGY,10.76,pKaH1,1,10.76,10.76,Approximate,C1CCC(C2CCCN2)CC1
KRHGMPUYSBHCPE,3.1,pKaH1,1,3.1,3.1,Approximate,Nc1ccc2ccc([N+](=O)[O-])cc2c1
KRKCAVIROZKONS,9.0,pKaH1,1,9.0,9.0,Uncertain,CCCN(CC(C)O)CC(O)CC
KRKPYFLIYNGWTE,4.75,pKaH1,1,4.75,4.75,Approximate,CNOC
KRUHTUDNYPGJDP,2.56,pKaH1,1,2.56,2.56,Approximate,CSc1ccc(N)c(Cl)c1
KRZCOLNOCZKSDF,4.64,pKaH1,6,4.53,4.73,Approximate,Nc1ccc(F)cc1
KSGKDNUWPMCTAB,3.24,pKaH1,1,3.24,3.24,Approximate,CSc1ccnnc1
KSGVMYLLZLMYDY,10.39,pKaH1,1,10.39,10.39,Uncertain,CCC(CNCCN)(CNCCN)CNCCN
KSISYWKRGRATSK,5.11,pKaH1,1,5.11,5.11,Approximate,CNc1ccc(Cl)cn1
KSJZYHGTWRFPEQ,8.91,pKaH1,1,8.91,8.91,Approximate,CC#CC(C)(C)N(C)C
KSMVBYPXNKCPAJ,10.48,pKaH1,1,10.48,10.48,Uncertain,C[C@H]1CC[C@H](N)CC1
KSRSEUOJMZPSFL,0.98,pKaH1,1,0.98,0.98,Uncertain,Cn1cnc(N)cc1=O
KSTDULLCBVQJFJ,2.6,pKaH1,1,2.6,2.6,Approximate,Cc1nc(N)ncc1C(N)=O
KTGYDKACJATEDM,5.78,pKaH1,1,5.78,5.78,Approximate,Cn1cnc(-c2ccccc2)c1
KTLIZDDPOZZHCD,9.67,pKaH1,1,9.67,9.67,Approximate,NCCNCCCO
KTMJYEXQVZXYKE,3.53,pKaH1,1,3.53,3.53,Approximate,OCCNc1ncccn1
KTXLDFXGPHVDFV,8.51,pKaH1,1,8.51,8.51,Uncertain,c1ccc(CN2CCCCC2)nc1
KUBQKMWSFYWNRE,4.18,pKaH1,1,4.18,4.18,Approximate,CCCCNc1ncnc2c1cnn2C
KUINWQCTJSBMBA,7.96,pKaH1,1,7.96,7.96,Approximate,CN=C1NCC(=O)N1C
KUPBRPHILHFHNK,4.67,pKaH1,1,4.67,4.67,Approximate,CCCCNc1ccnc(O)n1
KUYKYOVIYGLSFD,4.4,pKaH1,1,4.4,4.4,Uncertain,Nc1ccc(C(O)(c2ccccc2)c2ccccc2)cc1
KUZNXSHSKATPSR,9.3,pKaH1,1,9.3,9.3,Approximate,CC(C)NCC(O)c1cccc(C(F)(F)F)c1
KVFNGDWCKBHIMM,3.64,pKaH1,1,3.64,3.64,Approximate,CC(=O)NC(C1=NCCS1)C(C)C
KVHHMYZBFBSVDI,4.2,pKaH1,1,4.2,4.2,Approximate,Nc1cccc2ccc(O)cc12
KVKFRMCSXWQSNT,10.09,pKaH1,4,9.88,10.29,Approximate,CNCCNC
KVQGGLZHHFGHPU,9.84,pKaH1,1,9.839,9.839,Approximate,COC(=O)CCCN
KVVADMQNEJRAOO,11.71,pKaH1,1,11.71,11.71,Approximate,Cc1nc(=N)n(C)c(C)c1-c1ccc(N)cc1
KWAYEPXDGHYGRW,-1.88,pKaH1,1,-1.88,-1.88,Uncertain,NC(=O)c1cccc([N+](=O)[O-])c1
KWEWNOOZQVJONF,4.28,pKaH1,1,4.28,4.28,Approximate,Nc1ccc(F)cc1N
KWFQLEGOEWMCCK,5.0,pKaH1,1,5.0,5.0,Approximate,CCc1cccnc1O
KWGOKOFSPBXMSX,3.97,pKaH1,1,3.97,3.97,Approximate,c1coc(CNc2ncnc3[nH]ncc23)c1
KWGRBVOPPLSCSI,9.47,pKaH1,2,9.38,9.565,Approximate,CN[C@@H](C)[C@H](O)c1ccccc1
KWHDQPVGKVPPPS,3.56,pKaH1,1,3.56,3.56,Approximate,Nc1cccc2ncncc12
KWHPWBXOLZTZMJ,10.89,pKaH1,1,10.89,10.89,Uncertain,CCC1CCNCC1
KWIUHFFTVRNATP,1.83,pKaH1,1,1.833,1.833,Approximate,C[N+](C)(C)CC(=O)[O-]
KWMDHCLJYMVBNS,-6.58,pKaH1,1,-6.58,-6.58,Uncertain,Nc1c(Br)cc([N+](=O)[O-])cc1[N+](=O)[O-]
KWTSXDURSIMDCE,9.98,pKaH1,5,9.77,10.13,Approximate,CC(N)Cc1ccccc1
KWVPRPSXBZNOHS,4.38,pKaH1,2,4.37,4.38,Approximate,Cc1cc(C)c(N)c(C)c1
KWXDPVBKJYKQIM,4.64,pKaH1,2,4.61,4.67,Approximate,CSCc1ccccn1
KWYHDKDOAIKMQN,9.12,pKaH1,4,8.97,9.15,Approximate,CN(C)CCN(C)C
KXDRTSOIVASYNC,8.85,pKaH1,1,8.85,8.85,Uncertain,CCCCC(N)c1ccc(Cl)cc1
KXIWQXNPRJMJNE,2.89,pKaH1,1,2.89,2.89,Approximate,COc1c(N)ccccc1=O
KXQWQYBKUMVBIB,4.3,pKaH1,1,4.3,4.3,Approximate,CN(C)c1ncnc2nccnc12
KXRQQPIHUMSJSS,9.1,pKaH1,1,9.1,9.1,Approximate,c1ccc(C2CCCCN2)nc1
KXZQYLBVMZGIKC,7.28,pKaH1,2,7.27,7.3,Approximate,c1ccc(CNCc2ccccn2)nc1
KYCGURZGBKFEQB,10.43,pKaH1,3,10.33,10.6,Uncertain,CCCCN(CCCC)CCCN
KYDLWVBNCQERCD,5.62,pKaH1,3,5.53,5.71,Approximate,C(=NNc1ccccn1)c1ccccn1
KYGMSGYKSGNPHM,9.64,pKaH1,2,9.63,9.65,Approximate,C=CCN1CCCCC1
KYOOVMQHUPHBNL,8.9,pKaH1,1,8.9,8.9,Uncertain,CCN(CCO)CC(C)O
KYQCOXFCLRTKLS,0.8,pKaH1,2,0.51,1.1,Uncertain,c1cnccn1
KYVBNYUBXIEUFW,13.6,pKaH1,1,13.6,13.6,Uncertain,CN(C)C(=N)N(C)C
KZUCBEYDRUCBCS,3.74,pKaH1,1,3.74,3.74,Approximate,Nc1nc(-c2ccccc2)cc(-c2ccccc2)n1
LABGTPFYJJKABW,0.11,pKaH1,1,0.11,0.11,Uncertain,Cc1nc(C(Cl)Cl)nc2ccccc12
LAHNVGJTYOXVCZ,5.78,pKaH1,1,5.78,5.78,Approximate,Cn1ccc2cccc(=O)c-2c1
LANBPXHLIUYXOT,2.68,pKaH1,1,2.68,2.68,Approximate,Cc1c[nH]nc1-c1ccccc1
LARPKBYKCBGIEF,3.89,pKaH1,1,3.89,3.89,Unrated,CC(C)Sc1ccc(N)cc1
LAWOZCWGWDVVSG,11.01,pKaH1,1,11.01,11.01,Approximate,CCCCCCCCNCCCCCCCC
LBGIGGMVIMAJJX,2.51,pKaH1,1,2.51,2.51,Approximate,CNc1cnc2cncnc2n1
LBLAULIXMUWWDZ,10.11,pKaH1,1,10.11,10.11,Approximate,CC(C)CCOC(=N)N
LBTGXNJGEAITMT,8.3,pKaH1,1,8.3,8.3,Uncertain,CCCCOc1ccc(C(=O)OCCN2CCCCC2)cc1
LCBWVSXXUHPCBK,7.71,pKaH1,1,7.71,7.71,Approximate,CCCc1nc(N)nc(N)c1Cc1ccc(Cl)cc1
LCDKUXJKMAFCTI,1.42,pKaH1,1,1.42,1.42,Approximate,Cc1n[nH]cc1Cl
LCFRYFXEODXQHS,2.55,pKaH1,1,2.55,2.55,Approximate,Nc1cccc2ccc([N+](=O)[O-])cc12
LCLVUHFRYGQDKV,9.41,pKaH1,1,9.41,9.41,Approximate,CSc1ccccc1C(O)CNC(C)C
LCOFVCJZEGARPK,9.55,pKaH1,1,9.55,9.55,Uncertain,CCN(CC)CCNc1cc(C)nc(N)n1
LCPMNWKFCKLXGU,4.44,pKaH1,1,4.44,4.44,Approximate,CCCCNc1ncncc1Br
LCUFLMBFUQIMBO,4.46,pKaH1,1,4.46,4.46,Uncertain,c1ccc2c(c1)C1CCN2c2ccccc21
LCZPIRFDMBEGAZ,3.51,pKaH1,1,3.51,3.51,Uncertain,Clc1ccc(N2CCCCC2)nn1
LCZUOKDVTBMCMX,2.1,pKaH1,1,2.1,2.1,Uncertain,Cc1cnc(C)cn1
LDEZBLNLSFIJGZ,8.9,pKaH1,1,8.9,8.9,Uncertain,CCCN(CCCO)CC(C)O
LDNVPQKCEHSZRB,8.49,pKaH1,1,8.49,8.49,Approximate,NC1=Nc2nccnc2C(c2c(O)ncnc2O)N1
LDYNBVPLSJDHBH,2.25,pKaH1,1,2.25,2.25,Approximate,CCOC1CNc2c([N+](=O)[O-])c(=O)nc(N)n21
LEDWXWWLPLRJHX,11.97,pKaH1,1,11.97,11.97,Approximate,CCCNC(=N)Cc1ccccc1
LENNRXOJHWNHSD,8.42,pKaH1,1,8.42,8.42,Uncertain,CCC(N)C(O)c1ccc(O)c(O)c1
LENVRVUQOXYSDH,5.3,pKaH1,1,5.301,5.301,Reliable,CCC1CSC(C)=N1
LENZDBCJOHFCAS,8.08,pKaH1,14,7.9336,8.8553,Reliable,NC(CO)(CO)CO
LETVJWLLIMJADE,5.19,pKaH1,1,5.19,5.19,Uncertain,Nc1cccnn1
LFAVEINQLWIXRA,7.76,pKaH1,6,7.68,7.92,Approximate,CCOC(=O)CNC(=O)CN
LFEPPILEVCKNJN,10.47,pKaH1,1,10.47,10.47,Approximate,NCCNCC1CCCCC1
LFFKXGFSDGRFQA,7.62,pKaH1,2,7.6,7.65,Approximate,CCN(CC)CCC#N
LFIWXXXFJFOECP,8.52,pKaH1,1,8.52,8.52,Uncertain,N#Cc1ccc(CN)cc1
LFMTUFVYMCDPGY,5.13,pKaH1,1,5.13,5.13,Unrated,CC[N+]([O-])(CC)CC
LFNLLDUMALGRID,3.64,pKaH1,1,3.64,3.64,Approximate,CN(N=O)c1cncnc1N
LFSXCDWNBUNEEM,3.47,pKaH1,2,3.47,3.47,Approximate,c1ccc2cnncc2c1
LGACUMPRRMLUFZ,9.17,pKaH1,1,9.17,9.17,Approximate,C1=Nc2ccccc2CN1
LGPSLLWOXCAWFM,3.5,pKaH1,2,3.38,3.62,Approximate,Cc1nc2c(N)nc(=O)n(C)c2nc1C
LGRBPONYKYJGGL,2.4,pKaH1,1,2.4,2.4,Approximate,Cc1nc(C)c(-c2ccccc2)o1
LGVJIYCMHMKTPB,9.19,pKaH2(erythro),1,9.19,9.19,Approximate,CCC(O)[C@H](N)C(=O)O
LGXAEMPRIKCIOF,3.42,pKaH1,1,3.42,3.42,Approximate,CCn1c(C)ccnc1=O
LHDMZJQTJZMWHC,7.12,pKaH1,1,7.12,7.12,Approximate,O=C(NC1=NCCCN1)c1ccccc1
LHFKGLFUORNWMI,3.97,pKaH1,1,3.97,3.97,Approximate,Nc1nc(N)nc(Cc2ccc(Cl)cc2)n1
LHIJANUOQQMGNT,9.56,pKaH1,3,9.52,9.82,Approximate,NCCNCCO
LHNHOGZBQDXYQK,2.61,pKaH1,1,2.61,2.61,Approximate,CCOC(=O)CNc1nc(Cl)ncc1N
LHQIZBXMYLGLMV,3.69,pKaH1,1,3.69,3.69,Approximate,CCOC(=O)c1ncnc2ncc(C)nc12
LHRPKQMNCPCVQL,4.13,pKaH1,1,4.13,4.13,Approximate,NC(=O)c1cncnc1N
LHYIWYMOHCIQRH,5.93,pKaH1,1,5.93,5.93,Approximate,NC(CCC(N)=NO)=NO
LIBZHYLTOAGURM,8.87,pKaH1,1,8.87,8.87,Uncertain,CC(N)c1cccc(Br)c1
LICHZOBEUWVYSY,10.57,pKaH1,1,10.57,10.57,Uncertain,C1CC2CCC1CNC2
LIGIARLVFBHRJF,9.8,pKaH1,1,9.8,9.8,Approximate,CCN(CC)CCN(CC)CCN(CC)CC
LINZZISWCNKFEM,-0.32,pKaH1,1,-0.32,-0.32,Approximate,CC(C)(C)CC(N)=O
LIRSRODJYLUFOX,2.88,pKaH1,1,2.88,2.88,Approximate,CC(C)n1cccnc1=O
LITRNITWYASMHZ,5.9,pKaH1,1,5.9,5.9,Uncertain,CN(C)c1nc2c(o1)CCCC2
LIUKLAQDPKYBCP,3.21,pKaH1,1,3.21,3.21,Approximate,Nc1ccc(Br)c2ccccc12
LIVMWFMGYWDWTR,9.36,pKaH1,1,9.36,9.36,Approximate,CC(C)NCC(O)c1ccc(F)c(F)c1
LIZSALYXEPCUDW,7.61,pKaH1,1,7.61,7.61,Approximate,CN(C)c1nc2cc3c(cc2[nH]1)CCCC3
LJCQYUDQGVDYNS,4.37,pKaH1,1,4.37,4.37,Approximate,C#CCNc1nc(C)cc(C)n1
LJXQPZWIHJMPQQ,3.54,pKaH1,3,3.45,3.66,Approximate,Nc1ncccn1
LKEJIJKPOVIMDF,6.47,pKaH1,4,6.4013,6.5665,Reliable,OCC(CO)(CO)NCC(O)O
LKLZPIURRRSAAU,2.7,pKaH1,1,2.7,2.7,Uncertain,CCOC(=O)c1cnc(C)nc1OCC
LKQUDAOAMBKKQW,4.21,pKaH1,1,4.21,4.21,Unrated,C[N+](C)([O-])c1ccccc1
LKZGXPMJCWRGTC,0.42,pKaH1,1,0.42,0.42,Uncertain,OC[C@H]1OC(Nc2ccccc2)[C@H](O)[C@@H](O)[C@@H]1O
LLAMGYUWYUMHCH,2.32,pKaH1,1,2.32,2.32,Uncertain,CNc1ccc(C(=O)OC)cc1
LLNQWPTUJJYTTE,0.82,pKaH1,1,0.82,0.82,Approximate,Ic1cn[nH]c1
LLOVZIWCKUWRTA,5.62,pKaH1,1,5.62,5.62,Approximate,CCN(CC)c1nc(N)nc(N)n1
LLPKQRMDOFYSGZ,8.38,pKaH1,3,8.359,8.45,Reliable,Cc1cnc(C)[nH]1
LLTOSQHBEVPJLD,6.3,pKaH1,1,6.3,6.3,Uncertain,CCCC(C)(C)Nc1ccccc1
LLXRDKQDXBNFLO,3.1,pKaH1,1,3.1,3.1,Uncertain,COn1c(C)cc(C)nc1=O
LLZPCNVFCXAZKL,4.11,pKaH1,1,4.11,4.11,Approximate,Cc1cccc2ncnc(C)c12
LMHHFZAXSANGGM,9.57,pKaH1,1,9.57,9.57,Approximate,NC1Cc2ccccc2C1
LMLUMAXYHUEBJH,2.22,pKaH1,1,2.22,2.22,Approximate,C[N+](C)(C)c1cccc(N)c1
LMTGCJANOQOGPI,-0.5,pKaH1,1,-0.5,-0.5,Uncertain,CC(=O)N(C)c1ccccc1
LMTOWNMJYBIWTI,2.12,pKaH1,1,2.12,2.12,Approximate,CSc1nc(C)cc(C)n1
LMYVCXSKCQSIEQ,4.91,pKaH1,2,4.62,5.2,Approximate,Cc1cccc2ncccc12
LNACFMWTPWUKBN,3.98,pKaH1,1,3.98,3.98,Approximate,O=[N+]([O-])c1cccc2cncnc12
LNBWFRVYWKBTME,12.17,pKaH1,1,12.17,12.17,Approximate,CCCCN=c1ncccn1C
LNCCBHFAHILMCT,5.84,pKaH1,1,5.84,5.84,Approximate,CCNc1nc(NCC)nc(NCC)n1
LNOQURRKNJKKBU,8.24,pKaH1,2,8.23,8.25,Approximate,CCOC(=O)N1CCNCC1
LNPDEHKZNADLLG,9.56,pKaH1,1,9.56,9.56,Approximate,CCCCNC(O)c1ccc(OC)c(OC)c1
LNQOUOBCJLESNU,7.95,pKaH1,1,7.95,7.95,Uncertain,NC(CBr)Cc1c[nH]cn1
LNTIYIWIZZKGKR,7.36,pKaH1,1,7.36,7.36,Uncertain,CN(C)c1ncc(N)c(N[C@@H]2O[C@H](CO)[C@@H](O)[C@H](O)[C@H]2O)n1
LNTLWEUAGAFRJR,2.2,pKaH1,1,2.2,2.2,Uncertain,CSc1ncc2nccnc2n1
LNYJXDMWSMEVGQ,2.62,pKaH1,1,2.62,2.62,Approximate,Nc1ccc2cc([N+](=O)[O-])ccc2c1
LOESQHDZILVEPF,7.85,pKaH1,1,7.85,7.85,Approximate,Cc1cccc2c1N=CNC2O
LOFDEIYZIAVXHE,10.83,pKaH1,1,10.83,10.83,Approximate,OC[C@H]1CCN2CCC[C@@H]12
LOLQOGZQULMGDU,4.48,pKaH1,1,4.48,4.48,Approximate,c1ccc2c(c1)ccc1ncc3ccccc3c12
LOMMDWBTANPFEJ,6.0,pKaH1,1,6.0,6.0,Approximate,Nc1cccc2nc3ccccc3cc12
LOONFISFCQERDM,6.02,pKaH1,1,6.02,6.02,Approximate,CN(C)c1ccnc(=O)n1C
LOUPRKONTZGTKE,8.4,pKaH1,3,8.34,8.52,Approximate,C=C[C@H]1CN2CC[C@H]1C[C@H]2[C@H](O)c1ccnc2ccc(OC)cc12
LOXCOAXRHYDLOW,7.19,pKaH1,2,6.68,7.7,Approximate,CCC(=O)C(CC(C)N1CCOCC1)(c1ccccc1)c1ccccc1
LOZMWNGDZJWPDR,10.36,pKaH1,1,10.36,10.36,Approximate,C1CCC(NCCNC2CCCC2)C1
LPBAQFKQPJQMEZ,3.54,pKaH1,1,3.54,3.54,Approximate,Cc1nc(N)c2ncsc2n1
LPCWDBCEHWHJGX,10.66,pKaH1,2,10.66,10.66,Approximate,CCN1CCCCC1C
LPKHCRYSAZRFQR,2.0,pKaH1,1,2.0,2.0,Uncertain,COc1cnc2c(N)ncnc2n1
LPOSDRDCHBRQLT,5.59,pKaH1,1,5.59,5.59,Approximate,CCOc1ccc(NN)cc1
LPQVTZJEIXYDQA,2.61,pKaH1,1,2.61,2.61,Approximate,Cc1nc(N)ncc1Br
LPRQSQCAHSRGRZ,10.2,pKaH1,1,10.2,10.2,Approximate,COc1ccc(C2=NCCN2)cc1
LPYCQQYPETVERS,3.79,pKaH1,1,3.79,3.79,Approximate,CCCCc1ccc(N(CC[N+]2(C)CCCCC2)C2CCCCC2)cc1
LQFLWKPCQITJIH,4.17,pKaH1,1,4.17,4.17,Approximate,C=CCNc1ccccc1
LQGKDMHENBFVRC,10.54,pKaH1,2,10.46,10.61,Approximate,NCCCCCO
LQKMCBPMBNUKSU,2.45,pKaH1,1,2.45,2.45,Approximate,Cn1cccnc1=O
LQUVVWBTBOYJAU,9.45,pKaH1,1,9.45,9.45,Uncertain,CCCCC(N)c1ccccc1
LQZDYPHFVGRHKD,5.42,pKaH1,3,5.39,5.45,Approximate,Cc1ccc2ccc3cccnc3c2n1
LRTFPLFDLJYEKT,4.85,pKaH1,1,4.85,4.85,Approximate,CC(C)c1ccc(N)cc1
LRUDTHYTKINLOF,2.09,pKaH1,1,2.09,2.09,Approximate,Cn1c(N)cccc1=O
LRYHJKILSRMGPC,3.13,pKaH1,1,3.13,3.13,Approximate,Nc1cc2nccnc2cn1
LSCYTCMNCWMCQE,9.65,pKaH1,1,9.65,9.65,Approximate,CNc1ccncc1
LSJSNHMPOFTNDC,10.11,pKaH1,1,10.11,10.11,Approximate,CCOC(CN(CC)CC)N(CC)CC
LSNSXDXBNYNZQH,5.74,pKaH1,1,5.74,5.74,Approximate,CCC1(c2ccccc2)C(=O)N(C)C(=O)N(CCN2CCOCC2)C1=O
LSVIPFKLSMZCPW,0.8,pKaH1,1,0.8,0.8,Unrated,CS(=O)(=O)c1ccc(N)c2ccccc12
LSZQMSSIUQNTDX,2.89,pKaH1,1,2.89,2.89,Approximate,Cc1ccnn1C
LTEPGIINKCRXHL,10.58,pKaH1,1,10.58,10.58,Approximate,c1ccc(CC2NCCN2)cc1
LTLUFTPFPWSLSB,3.49,pKaH1,1,3.49,3.49,Approximate,Cn1ncc2c(Nc3ccccc3)ncnc21
LTROKMZJOJZVBF,5.44,pKaH1,1,5.44,5.44,Approximate,CSc1cc(N)nc(N)n1
LUABKMSIUURSRU,9.0,pKaH1,1,9.0,9.0,Uncertain,CCCCCCN(CCO)CC(O)CC
LUBJCRLGQSPQNN,-0.3,pKaH1,1,-0.3,-0.3,Uncertain,NC(=O)Nc1ccccc1
LUBKAFBSMFSKFD,3.85,pKaH1,1,3.85,3.85,Approximate,Fc1cccc2ncncc12
LUCGBEPEAUHERV,6.65,pKaH1,1,6.65,6.65,Approximate,Nc1ccnnc1
LUDZVVVPVCUUBP,4.68,pKaH1,1,4.68,4.68,Approximate,Nc1nc2ccccc2nc1N
LUMJHBSNEYGPRV,2.27,pKaH1,1,2.27,2.27,Approximate,Cn1nncc1N
LUNWJKXZDYXTDB,9.02,pKaH1,2,8.56,9.47,Approximate,CCN1[C@H](C)[C@@H]1C
LUPNIRJYAIMGST,11.4,pKaH1,1,11.4,11.4,Approximate,C[Si](C)(C)CN[Si](C)(C)C
LURMIKVZJSMXQE,9.06,pKaH1,1,9.06,9.06,Uncertain,CCN(CC)CCN1c2ccccc2Sc2ccccc21
LUYISICIYVKBTA,5.07,pKaH1,2,4.92,5.22,Approximate,Cc1ccc2ncccc2c1
LUZRJRNZXALNLM,6.9,pKaH1,1,6.9,6.9,Uncertain,CN1C[C@H](C(=O)N[C@]2(C)O[C@@]3(O)[C@@H]4CCCN4C(=O)[C@H](Cc4ccccc4)N3C2=O)C[C@@H]2c3cccc4[nH]cc(c34)C[C@H]21
LVFCOUOEFJARRM,8.49,pKaH2,1,8.49,8.49,Approximate,O=C(O)C1CSCCO1
LVILGAOSPDLNRM,1.91,pKaH1,1,1.91,1.91,Approximate,Cc1ccncn1
LVMPWFJVYMXSNY,9.41,pKaH1,1,9.41,9.41,Approximate,COc1cccc(CN)c1OC
LVPZSMIBSMMLPI,4.53,pKaH1,2,4.5,4.55,Approximate,CCN(CC)CC#N
LWCQGKZOFRYVCC,9.65,pKaH1,1,9.65,9.65,Approximate,CC(C)N1CCC(NN)CC1
LWJPWDJGAMYQGF,-1.01,pKaH1,1,-1.01,-1.01,Uncertain,Cn1cnc([N+](=O)[O-])c1CC(=O)NN
LXBGSDVWAMZHDD,7.86,pKaH1,2,7.851,7.86,Reliable,Cc1ncc[nH]1
LXHGIGAROAJZRR,5.14,pKaH1,1,5.14,5.14,Approximate,CCOc1cccc(NN)c1
LXHOGENDFZKPSF,6.87,pKaH1,2,6.84,6.9,Uncertain,CN(C)c1ccc(C(O)(c2ccccc2)c2ccc(N(C)C)cc2)cc1
LXJSTVUBHWUAOY,7.32,pKaH1,1,7.32,7.32,Approximate,Cc1cn2ccccc2c1C
LXNGLGDIPZGTHE,7.58,pKaH1,1,7.58,7.58,Approximate,Cc1nc(N)nc(N)c1Cc1ccc(Cl)cc1
LXQMHOKEXZETKB,9.25,pKaH1,1,9.25,9.25,Approximate,CC(C)(O)CN
LXQOQPGNCGEELI,-4.53,pKaH1,1,-4.53,-4.53,Uncertain,Nc1ccc([N+](=O)[O-])cc1[N+](=O)[O-]
LXUJVYUUTCHLQV,0.17,pKaH1,1,0.17,0.17,Uncertain,CC(C)Oc1nc(N)nc2c1ncc(=O)n2C
LXWFIXIVBZXVLN,4.6,pKaH1,1,4.6,4.6,Approximate,CCc1n[nH]c(C)c1C
LXYFCEQWZRDWDC,11.8,pKaH1,1,11.8,11.8,Uncertain,CN=C(NC(=N)NC(C)C)Nc1ccc(Cl)cc1
LXZGUUDIJIOTJB,8.2,pKaH1,1,8.2,8.2,Approximate,NCCn1cnc2ccccc21
LYAKPJQVGQCFAR,1.25,pKaH1,1,1.25,1.25,Uncertain,CCOc1nc(N(C)C)ncc1[N+](=O)[O-]
LYBHBTARORLEEW,11.12,pKaH1,1,11.12,11.12,Approximate,Cn1cccnc1=NCc1ccccc1
LYBKPDDZTNUNNM,9.69,pKaH1,1,9.69,9.69,Approximate,CC(C)NCc1ccccc1
LYMQTLGEUGQDKU,2.76,pKaH1,2,2.13,3.39,Approximate,Cc1ccc2ncncc2c1
LYRQUIOCXDKHAF,2.32,pKaH1,1,2.32,2.32,Approximate,CC[As](=O)(CC)c1ccc([N+](=O)[O-])cc1
LYUQWQRTDLVQGA,10.16,pKaH1,1,10.16,10.16,Approximate,NCCCc1ccccc1
LYXOWKPVTCPORE,-6.31,pKaH1,1,-6.31,-6.31,Uncertain,O=C(c1ccccc1)c1ccc(-c2ccccc2)cc1
LYXZTYXDCZQKSS,6.62,pKaH1,1,6.62,6.62,Approximate,Nc1nc(N)c2cccnc2n1
LZCNWAXLJWBRJE,3.85,pKaH1,1,3.85,3.85,Uncertain,CNc1ccn([C@@H]2O[C@H](CO)[C@@H](O)[C@H]2O)c(=O)n1
LZHFZYWXIKMMBM,10.5,pKaH1,1,10.5,10.5,Approximate,C[C@@H]1CCC[C@H](C)N1CC(C)(C)O
LZKJSMXFCLJVEL,4.03,pKaH1,1,4.03,4.03,Approximate,CCCCCNc1ncccn1
LZKWWERBNXLGLI,4.44,pKaH1,1,4.44,4.44,Approximate,NNc1cc(Cl)ccc1Cl
LZUVIELFLONRSS,5.44,pKaH1,1,5.44,5.44,Approximate,CCCn1cnc2ccccc21
LZXXNPOYQCLXRS,2.46,pKaH1,4,2.404,2.5,Approximate,COC(=O)c1ccc(N)cc1
LZYNHEOVZMLXIO,1.79,pKaH1,1,1.79,1.79,Approximate,Nc1cccc(S(=O)(=O)C(F)(F)F)c1
MAFQLJCYFMKEJJ,9.71,pKaH1,1,9.71,9.71,Approximate,CCOC(=O)CCCN
MAGVJLLHDZWQFM,0.46,pKaH1,1,0.46,0.46,Approximate,CN(C)Cl
MANFWSKJPOXKJZ,5.07,pKaH1,1,5.07,5.07,Approximate,CCOC(=O)c1cnc(N)nc1N
MAORQWZHGHOAOK,3.49,pKaH1,3,1.93,3.51,Approximate,COc1cccc2cncnc12
MBAWOGBKQILQSL,2.27,pKaH1,1,2.27,2.27,Approximate,COc1nc(C)c2ccccc2n1
MBBZMMPHUWSWHV,9.5,pKaH1,2,9.39,9.62,Approximate,CNC[C@H](O)[C@@H](O)[C@H](O)[C@H](O)CO
MBCTVGDPZNCEII,7.89,pKaH1,1,7.89,7.89,Uncertain,Cc1cccc2c1C(O)NC=N2
MBJBAEJPGXZCJH,11.5,pKaH1,1,11.5,11.5,Uncertain,CC(C)NC(=N)NC(=N)Nc1ccccc1
MBNPJRQKQLLRIS,2.57,pKaH1,2,2.561,2.58,Approximate,CS(=O)(=O)c1cccc(N)c1
MCGBIXXDQFWVDW,4.62,pKaH1,1,4.62,4.62,Approximate,C1=NNCC1
MCLXGVNIBMHMNS,2.46,pKaH1,1,2.46,2.46,Approximate,Cn1ncc2cncnc21
MCRPKBUFXAKDKI,3.45,pKaH1,1,3.45,3.45,Approximate,CCOC(=O)c1ccncc1
MCTWTZJPVLRJOU,7.2,pKaH1,3,6.95,7.25,Approximate,Cn1ccnc1
MCUUKQCKNKUMBP,3.7,pKaH1,1,3.7,3.7,Uncertain,Cc1cccc(N)c1-c1c(C)cccc1N
MDAOMTRNTRIGOV,8.9,pKaH1,1,8.9,8.9,Uncertain,CCC(N)c1cccc(Br)c1
MDDCEKDRZKESGN,2.39,pKaH1,1,2.39,2.39,Approximate,COc1ccccc(N)c1=O
MDELYEBAXHZXLZ,3.26,pKaH1,1,3.26,3.26,Approximate,Nc1cccc2[nH]ncc12
MDFWRLUVKNZWCK,7.18,pKaH1,1,7.18,7.18,Approximate,CN(C)c1cc(N(C)C)nc(N)n1
MDFWXZBEVCOVIO,10.09,pKaH1,2,10.01,10.17,Approximate,CC1(C)C2CCC1(C)C(N)C2
MDHLUPGPSGUEAV,3.5,pKaH1,3,3.46,3.53,Approximate,CSc1cccc2cccnc12
MDINHBONPFDPJS,3.7,pKaH1,1,3.7,3.7,Uncertain,CNc1nc(N(C)C)ncc1[N+](=O)[O-]
MDMDFBIZHQBALW,9.09,pKaH1,1,9.09,9.09,Uncertain,CCCCNC(C)(C)C(C)=NO
MDODMMABKXPUEN,3.78,pKaH1,1,3.78,3.78,Approximate,Nc1ccc(OC(F)(F)C(F)(F)F)cc1
MDWDJOLWSWLIHT,11.42,pKaH1,1,11.42,11.42,Approximate,C=CCN=c1ncccn1CCC
MECMWFXKIGOLKV,8.3,pKaH1,1,8.3,8.3,Uncertain,CN(C)CCC(=O)Cc1ccccc1
MEISPSUQMACRLO,3.57,pKaH1,1,3.57,3.57,Uncertain,COc1ncncc1C
MEVTUZFUVAZEPY,5.19,pKaH1,1,5.19,5.19,Approximate,CC1=NNC(C)(C)C1
MFDFERRIHVXMIY,8.94,pKaH1,2,8.91,8.98,Uncertain,CCN(CC)CCOC(=O)c1ccc(N)cc1
MFEIKQPHQINPRI,5.7,pKaH1,4,5.56,5.81,Approximate,CCc1cccnc1
MFGQUMAXNNHCNG,11.9,pKaH1,1,11.9,11.9,Approximate,CC1=CCCN1C
MFIGJRRHGZYPDD,10.4,pKaH1,1,10.4,10.4,Approximate,CC(C)NCCNC(C)C
MGDIZQXZNAILTO,1.2,pKaH1,1,1.2,1.2,Approximate,Cc1cc(Br)n(C)n1
MGFVVGJVNOPTID,3.82,pKaH1,1,3.82,3.82,Approximate,Cc1nc(C(C)(C)C)nc2ccccc12
MGHFDXONSDNKIT,9.08,pKaH1,1,9.08,9.08,Approximate,Cn1cc(C(N)=O)cnc1=N
MGIAKYQGSBSNMG,0.59,pKaH1,1,0.59,0.59,Uncertain,C/C(=N\NC(N)=O)C(=O)O
MGYSDBYQHFTESR,10.03,pKaH1,1,10.03,10.03,Approximate,OC1(O)CN=CNC1
MHINQFDHBTUNQW,9.54,pKaH1,1,9.54,9.54,Uncertain,CC1CC(OCc2ccccc2)CC(C)(C)N1
MHNDBZLZYGCLCA,3.89,pKaH1,1,3.89,3.89,Approximate,O[C@@H]1[C@@H](O)[C@H](n2cnc3ccccc32)OC[C@H]1O
MHZGKXUYDGKKIU,10.64,pKaH1,1,10.64,10.64,Approximate,CCCCCCCCCCN
MIEIUAXMZHUVFO,9.15,pKaH1,1,9.15,9.15,Approximate,CC1NC=Nc2ccccc21
MIGSCUPQHOWPHZ,7.48,pKaH1,1,7.48,7.48,Approximate,OCCCNCCCl
MIJDSYMOBYNHOT,9.85,pKaH1,3,9.822,10.102,Reliable,CCNCCO
MIJQMGBQCRWZJQ,4.48,pKaH1,1,4.48,4.48,Approximate,Cc1nc(N)c2cnn(-c3ccccc3)c2n1
MIKONFKVUFZXPJ,3.38,pKaH1,1,3.38,3.38,Approximate,Nc1cc(Cl)c2ccccc2c1
MIROPXUFDXCYLG,6.48,pKaH1,1,6.48,6.48,Approximate,Nc1ccc(N)nc1
MISVBCMQSJUHMH,5.99,pKaH1,1,5.99,5.99,Approximate,Nc1cc(N)ncn1
MISVVRDOUNLNJJ,10.61,pKaH1,1,10.61,10.61,Approximate,CCCCN1CCCC1C
MIZIOHLLYXVEHJ,7.73,pKaH1,2,7.68,7.78,Approximate,OCCN(CCO)Cc1ccccc1
MIZVTZKADSKIDN,9.16,pKaH1,1,9.16,9.16,Approximate,CNCC(O)c1ccc2c(c1)CCCC2
MJAMVEJILQIVJT,10.84,pKaH1,1,10.84,10.84,Approximate,CCCCCCCn1cccnc1=N
MJCJUDJQDGGKOX,11.0,pKaH1,1,11.0,11.0,Approximate,CCCCCCCCCCCCNCCCCCCCCCCCC
MJDBETNCJHUQEO,9.1,pKaH1,1,9.1,9.1,Uncertain,CCCCCN(CCO)CC(O)CC
MJKNHXCPGXUEDO,4.97,pKaH1,1,4.97,4.97,Approximate,CC(C)(C)c1cc(N)cc(C(C)(C)C)c1
MJLVHTAIORJJEH,7.1,pKaH1,1,7.1,7.1,Approximate,Cc1cc(N)nc2ccc3ccccc3c12
MJOYHZDDYRVRCN,2.62,pKaH1,1,2.62,2.62,Uncertain,Cc1nc2cnc(N(C)C)nc2n(C)c1=O
MJWDIGUUVRCTFY,4.64,pKaH1,1,4.64,4.64,Approximate,COc1ccc2cc(N)ccc2c1
MKARNSWMMBGSHX,4.81,pKaH1,4,4.677,4.91,Reliable,Cc1cc(C)cc(N)c1
MKAWAZIPOVAZKN,5.03,pKaH1,3,4.937,5.092,Approximate,CC1CN=C(C(C)(C)C)S1
MKDYQLJYEBWUIG,9.92,pKaH1,1,9.92,9.92,Unrated,CCN(CC)CCNC
MKMWKTSSQJCBPV,10.05,pKaH1,1,10.05,10.05,Approximate,Cn1cc(-c2ccc([N+](=O)[O-])cc2)cnc1=N
MKQMXDXAVXXRSB,-0.6,pKaH1,1,-0.6,-0.6,Uncertain,CCOC(=O)c1nc2c(OC)nc(N)nc2n(C)c1=O
MLFFPCMQWLVVLM,2.67,pKaH1,1,2.67,2.67,Approximate,CN(C)c1ccc(C(F)(F)F)cc1
MLHBDHJHNDJBLI,9.4,pKaH1,1,9.4,9.4,Uncertain,CCN(CC)C(COC(=O)c1ccc(N)cc1)CC(C)C
MLHBZVFOTDJTPK,10.64,pKaH1,1,10.64,10.64,Approximate,CNCCCc1ccccc1
MLPVBIWIRCKMJV,4.37,pKaH1,1,4.37,4.37,Approximate,CCc1ccccc1N
MLSGRWDEDYJNER,2.08,pKaH1,1,2.08,2.08,Approximate,CCOC(=O)CNc1ccccc1
MLUUZUJIIRYWBJ,10.18,pKaH1,1,10.18,10.18,Approximate,CCC(C)NCCNC(C)CC
MMDMKCSWEDDFOC,5.23,pKaH1,1,5.23,5.23,Approximate,CNc1nc(C)cc(C)n1
MMFBQHXDINNBMW,5.68,pKaH1,1,5.68,5.68,Uncertain,CCCN(CCC)c1ccccc1
MMWKKMHFSBKVKR,2.93,pKaH1,1,2.93,2.93,Approximate,CC(C)(C)c1cc(N)cc(C(C)(C)C)c1[N+](=O)[O-]
MMWOVFHJBBFTOX,6.62,pKaH1,1,6.62,6.62,Approximate,CN=c1ncnc2n(C)c(C)c(C)nc1-2
MNGSQDSFUODZAR,5.2,pKaH1,1,5.2,5.2,Approximate,OCCNc1nc(NCCO)nc(NCCO)n1
MNLNQEMXGZMOEI,12.8,pKaH1,1,12.8,12.8,Uncertain,c1ccc(C2=NCCCN2)cc1
MNTJNZWUFABNDE,5.42,pKaH1,1,5.42,5.42,Approximate,Cc1ncnc2c1N(C=O)CCN2
MNXGWKHGKABNQN,9.15,pKaH1,1,9.15,9.15,Approximate,CC(N)C(N)=NO
MOBMMLPXRRUKSG,4.03,pKaH1,1,4.03,4.03,Unrated,CN(c1ccc(N)cc1)c1ccc([N+](=O)[O-])cc1
MOEZDHDBWWXTTG,11.84,pKaH1,1,11.84,11.84,Approximate,CCN1CCC=C1C
MOIIKFADSYWNNN,4.65,pKaH1,1,4.648,4.648,Reliable,CCC(N)CCCCCCCCC(=O)O
MOLWAOMHCZKLQK,8.41,pKaH1,1,8.41,8.41,Uncertain,CCC1=Nc2ccccc2C(O)N1
MONMJBWWGLAKCC,5.04,pKaH1,1,5.04,5.04,Approximate,Cc1cccc2cccn12
MOOOPNRPJGZXPE,-4.44,pKaH1,1,-4.44,-4.44,Uncertain,Cc1cc([N+](=O)[O-])c(N)c([N+](=O)[O-])c1
MOTVEZFDTNKBMP,5.45,pKaH1,1,5.45,5.45,Uncertain,CC1=Nc2nccnc2C(O)N1
MOXVBALFGLIXMM,6.6,pKaH1,1,6.6,6.6,Uncertain,Cc1cn(-c2ccc([N+](=O)[O-])cc2)c(C)n1
MPAIPSONJNJTIN,9.22,pKaH1,1,9.22,9.22,Approximate,C1COC(CNCCNC2CCCO2)C1
MPAMIJSIOJSUNV,4.02,pKaH1,1,4.02,4.02,Approximate,COc1ncc(-c2ccc(N)cc2)cn1
MPFYYACMNFMYOO,2.08,pKaH1,1,2.08,2.08,Approximate,COc1ccc(-c2cnc(=O)n(C)c2)cc1
MPQHRPVQJUEINF,9.61,pKaH1,1,9.61,9.61,Approximate,COc1ccc2nc3ccccc3c(N)c2c1
MPTKEBUBIGZGJH,2.5,pKaH1,1,2.5,2.5,Approximate,CN(C)c1cnc2cncnc2n1
MQDYFDJRDDUYAL,7.91,pKaH1,1,7.91,7.91,Approximate,C1=C(C2CCCCC2)NCC1
MQFYUZCANYLWEI,4.37,pKaH1,1,4.37,4.37,Approximate,Cc1ccc(N)c2ccccc12
MQTFFLSRYUSVOP,2.22,pKaH1,2,2.14,2.3,Uncertain,CCn1c(=O)cnc2cnc(N(C)C)nc21
MQUDTNRJGJCGHO,6.95,pKaH1,1,6.95,6.95,Approximate,OC1NC=Nc2cccc(Cl)c21
MRAHJNBEDVDQOQ,9.59,pKaH1,1,9.59,9.59,Approximate,N=c1ncccn1Cc1ccc([N+](=O)[O-])cc1
MRDBSIJSYBNWLE,6.07,pKaH1,1,6.07,6.07,Approximate,Cc1cc(C)n2cc(C)nc2n1
MRIQHZIWLUPGTD,14.0,pKaH1,1,14.0,14.0,Uncertain,CNc1nc(=N)ccn1C
MROOHWCFDJDKDP,3.34,pKaH1,1,3.34,3.34,Approximate,Cc1ccc(-c2cnc(N)nc2)cc1
MRTKNXVLFPFMNO,10.26,pKaH1,1,10.26,10.26,Approximate,Cn1cc2ccccc2nc1=N
MRXIZAUOVUYGBM,9.32,pKaH1,1,9.32,9.32,Approximate,CC(C)NCC(O)c1ccccc1I
MSCBMZBTKCZQQE,7.07,pKaH1,1,7.07,7.07,Uncertain,CN1C=CCC1c1cccnc1
MSGRFBKVMUKEGZ,2.92,pKaH1,1,2.92,2.92,Approximate,Nc1ccc2nccnc2c1
MSHCKSVJNGHBAD,3.15,pKaH1,1,3.15,3.15,Uncertain,CC[As](=O)(CC)c1ccc(C)cc1
MSHIGWWCLPELSB,2.44,pKaH1,1,2.44,2.44,Approximate,C[N+](C)(C)c1ccc(N)cc1
MSWZFWKMSRAUBD,7.67,pKaH1,7,7.42,7.8,Approximate,N[C@H]1C(O)O[C@H](CO)[C@H](O)[C@@H]1O
MSXIOWULDXZJLX,6.35,pKaH1,2,6.32,6.37,Approximate,CN(C)c1ccncn1
MSZUTGCWHVSRJB,4.52,pKaH1,1,4.52,4.52,Approximate,CC(=O)Nc1c(C)ncnc1N
MTAODLNXWYIKSO,-0.44,pKaH1,1,-0.44,-0.44,Uncertain,Fc1ccccn1
MTBJVJDJYWPKIG,12.13,pKaH1,1,12.13,12.13,Uncertain,CCN=C1C=C(NCC)CC(C)(C)C1
MTEAUBISQMFXCE,3.96,pKaH1,1,3.96,3.96,Approximate,Cc1cc(N)c2ccccc2c1
MTEIIMUEMOUYFA,4.15,pKaH1,1,4.15,4.15,Approximate,Cc1ccc2c(c1)ncn2[C@@H]1OC[C@@H](O)[C@H](O)[C@H]1O
MTEWAFVECQBILW,11.28,pKaH1,2,11.23,11.34,Approximate,CC(C)(C)NC1CCCCC1
MTFNAGYUTIELAQ,2.09,pKaH1,1,2.09,2.09,Uncertain,CNc1nccnc1C(N)=O
MTKXIQKKONQTQJ,0.79,pKaH1,1,0.79,0.79,Approximate,O=c1cnc2cncnc2n1Cc1ccccc1
MTPJEFOSTIKRSS,7.0,pKaH1,1,7.0,7.0,Uncertain,CN(C)CCC#N
MTWHRQTUBOTQTE,-6.2,pKaH1,1,-6.2,-6.2,Uncertain,O=[N+]([O-])c1ccc(Nc2ccc([N+](=O)[O-])cc2)cc1
MTXSIJUGVMTTMU,3.21,pKaH2,1,3.21,3.21,Approximate,c1cncc([C@@H]2CCCCN2)c1
MUAVBOFIASTERE,4.08,pKaH1,1,4.08,4.08,Uncertain,Cn1nc(-c2ccccc2)oc1=Nc1ccccc1
MUAXPFSVHKOQIP,6.46,pKaH1,1,6.46,6.46,Approximate,OC1NC=Nc2cccnc21
MUDSDYNRBDKLGK,5.44,pKaH1,2,5.2,5.67,Approximate,Cc1ccnc2ccccc12
MUEKWICBOBNDDL,0.34,pKaH1,1,0.34,0.34,Uncertain,Nc1nnnn1-c1ccc([N+](=O)[O-])cc1
MUYXXSFTSDPSQP,10.35,pKaH1,1,10.35,10.35,Approximate,c1ccc2c(CC3NCCN3)cccc2c1
MVCZKPMTGFFULA,2.71,pKaH1,1,2.71,2.71,Approximate,CC(=O)Nc1ccncn1
MVQVNTPHUGQQHK,4.9,pKaH1,1,4.9,4.9,Approximate,OCc1cccnc1
MVSWPVFMSKKBAW,2.25,pKaH1,1,2.25,2.25,Uncertain,C1=NNC=NN1
MVTHUHYTFNDNEO,9.58,pKaH1,1,9.58,9.58,Approximate,COc1ccc(C(O)CNC(C)C)cc1OC
MVVQNBYRSDXHRF,9.13,pKaH1,2,9.07,9.19,Approximate,CC(C)CN(CCO)CCO
MVXVYAKCVDQRLW,4.57,pKaH1,1,4.57,4.57,Approximate,c1cnc2[nH]ccc2c1
MVZOCQCWSANBLU,9.86,pKaH1,1,9.86,9.86,Approximate,NCCNCc1ccoc1
MWBDWDHRIBETQN,6.07,pKaH1,1,6.07,6.07,Approximate,Nc1nc(N)c2c(Cl)ccc(Cl)c2n1
MWCHLFKQTXSQJV,5.57,pKaH1,2,5.55,5.6,Approximate,CC1=NNCC1
MWDKYKBINNWFON,4.67,pKaH1,1,4.67,4.67,Approximate,CN(C)c1ccc(-c2cnc(N)nc2)cc1
MWDPEBMCVXNSPL,3.38,pKaH1,1,3.38,3.38,Approximate,Nc1cccc(OC(F)(F)C(F)F)c1
MWFIYTHIZQQGES,4.13,pKaH1,1,4.13,4.13,Approximate,CCCCCCNc1ncccn1
MWFJEMDAQUMOKD,8.74,pKaH1,1,8.74,8.74,Approximate,COC(=O)C(N)CCN
MWGATWIBSKHFMR,4.22,pKaH1,1,4.22,4.22,Approximate,OCCNc1ccccc1
MWOODERJGVWYJE,4.98,pKaH1,1,4.98,4.98,Approximate,CN(N)c1ccccc1
MWOUGPLLVVEUMM,4.96,pKaH1,2,4.96,4.96,Approximate,CCNc1ccccc1C
MWUISCCBFHLWLY,10.22,pKaH1,1,10.22,10.22,Approximate,C[C@@H]1CCCCN1C
MWVTWFVJZLCBMC,4.82,pKaH1,2,4.82,4.82,Approximate,c1cc(-c2ccncc2)ccn1
MWZWHCLVRKJORL,4.54,pKaH1,1,4.54,4.54,Approximate,CCCNc1ncnc2[nH]ncc12
MWZWPAQVKZLONL,11.4,pKaH1,1,11.4,11.4,Uncertain,CC(C)NC(=N)NC(=N)Nc1ccc(Br)cc1
MXBVNILGVJVVMH,3.61,pKaH1,1,3.61,3.61,Approximate,c1cnc2cnccc2c1
MXIFHVBAEAMGIV,2.98,pKaH1,2,1.79,4.16,Approximate,Cc1ccc2nc(C)nc(C(N)=O)c2c1
MXKZSCXYMSXOAO,2.4,pKaH1,1,2.4,2.4,Approximate,O=[N+]([O-])c1ccc2cccnc2c1
MXTNBUZJIXEDRG,8.7,pKaH1,1,8.705,8.705,Approximate,CCN(CC)CCNC(=O)c1c(C)cc(C)cc1C
MYAZXORQEYGMKN,11.9,pKaH1,1,11.9,11.9,Approximate,CCCCn1cccnc1=NC
MYDKGRAWYIGOGE,7.94,pKaH1,1,7.94,7.94,Approximate,CN(C)c1ccnc(N)n1
MYGFXCLXHGITIQ,8.85,pKaH1,1,8.85,8.85,Approximate,NNc1ccnc2ccccc12
MYTFUNQXIYYDQV,12.25,pKaH1,1,12.25,12.25,Approximate,C=CCn1cccnc1=NCCC
MYWUZJCMWCOHBA,9.87,pKaH1,1,9.87,9.87,Approximate,CNC(C)Cc1ccccc1
MZCADUPKRWWBPG,9.05,pKaH1,1,9.046,9.046,Approximate,CCN(CC)CCNC(=O)c1cc(C)cc(C)c1
MZGZUHNSMNNSRJ,2.17,pKaH1,1,2.17,2.17,Approximate,Nc1ccc(S(F)(F)(F)(F)F)cc1
MZHBRRRMAOTHNT,5.48,pKaH1,1,5.48,5.48,Approximate,OCCCNc1nc(NCCCO)nc(NCCCO)n1
MZIXRLXRSAZTQG,2.06,pKaH1,2,1.99,2.14,Uncertain,Cc1nc2cnc(N(C)C)nc2n([C@@H]2O[C@H](CO)[C@H](O)[C@H](O)[C@H]2O)c1=O
MZJNLFJJQLRMAJ,9.53,pKaH1,1,9.53,9.53,Approximate,CC1=CCCCN1
MZLBNLHWUHMOOM,7.49,pKaH1,1,7.49,7.49,Approximate,Cc1cccc2nc(N)c3ccccc3c12
MZLPHHBGYHPFRO,4.77,pKaH1,1,4.77,4.77,Approximate,CCCCCCNc1nc(C)c2c(ncn2C)n1
MZUVSEUBIHDXMY,7.75,pKaH1,1,7.75,7.75,Uncertain,Cc1cc(O)c2c(O)cc3c(C)nccc3c2n1
MZVWHHHWWDNLON,10.3,pKaH1,1,10.3,10.3,Approximate,CN=c1ncn(C)c2nccnc12
MZZXIXHKDJNBJQ,2.36,pKaH1,1,2.36,2.36,Approximate,Cc1n[nH]c(C)c1I
NAEMSLGKIOLKRI,-0.12,pKaH1,1,-0.12,-0.12,Uncertain,Cc1ccc[n+](-c2nc(O)nc(O)c2[N+](=O)[O-])c1
NAFCTXVXMUDIFW,4.58,pKaH1,1,4.58,4.58,Approximate,CC1C=NNC1
NAJUDRRVPFDWRJ,6.71,pKaH1,1,6.71,6.71,Approximate,Cc1ncnc2c1NCCN2
NALMPLUMOWIVJC,4.32,pKaH1,1,4.32,4.32,Unrated,Cc1ccc([N+](C)(C)[O-])cc1
NAQMVNRVTILPCV,10.98,pKaH1,4,10.763,11.105,Reliable,NCCCCCCN
NASMJMJQAAQVHI,3.15,pKaH(R pseudo-base),1,3.15,3.15,Unrated,c1ccc2[s+]cccc2c1
NBAVAMMTIMSDKB,4.48,pKaH1,1,4.48,4.48,Approximate,COc1cc(C(=O)c2cnc(N)nc2N)cc(Br)c1OC
NBFQYHKHPBMJJV,2.49,pKaH1,1,2.487,2.487,Approximate,CCCOC(=O)c1ccc(N)cc1
NBIUCDPMOWCGIG,7.76,pKaH2,1,7.76,7.76,Approximate,O=C(O)c1cccc2cc3ccccc3nc12
NBJGZCOYHMHAAP,5.6,pKaH1,1,5.6,5.6,Unrated,CCCCCCCCCCCCCCCCCCN(CC(O)CC)CC(O)CC
NBJXAXJXUVWWCN,9.67,pKaH1,1,9.673,9.673,Approximate,CCN(CC)CCCNC(=O)c1cc(C)cc(C)c1C
NBLOKQVJTMLMRG,4.71,pKaH1,1,4.71,4.71,Approximate,COc1cc(C)nc(C)n1
NBPBXPDHAYOPBS,6.0,pKaH1,1,6.0,6.0,Approximate,OC1NC=Nc2c1cccc2C(F)(F)F
NBPGPQJFYXNFKN,5.32,pKaH1,1,5.32,5.32,Approximate,Cc1ccnc(-c2cc(C)ccn2)c1
NBTOOLSGRCJERA,4.12,pKaH1,1,4.12,4.12,Approximate,Cn1cnc2c(N3CCCCC3)ncnc21
NBXGIIMMSBYDKU,4.54,pKaH1,1,4.54,4.54,Approximate,NN(Br)c1ccccc1
NCBUQXBVXVADEP,6.89,pKaH1,1,6.89,6.89,Approximate,CNc1nc(C)nc(NC)c1N
NCBZRJODKRCREW,4.23,pKaH1,9,4.117,4.3,Reliable,COc1cccc(N)c1
NCOVMJHPLAYTJS,8.31,pKaH1,1,8.31,8.31,Approximate,CCCC(=O)OCCN(C)C
NCSVEMZXVDRIRO,5.2,pKaH1,1,5.2,5.2,Approximate,Cc1cc(NN)ccc1Br
NCSXOMQDXHCTOY,13.9,pKaH1,1,13.9,13.9,Uncertain,CN=C(NC)N(C)C
NDBXGHSBNSJMBZ,10.44,pKaH1,1,10.44,10.44,Approximate,Cc1nc2c(=N)ncn(C)c2nc1C
NDDKEDQKCHIHMI,4.36,pKaH1,1,4.36,4.36,Uncertain,Cc1cc(Br)cc(C)c1N(C)C
NDDZXHOCOKCNBM,2.69,pKaH1,1,2.69,2.69,Approximate,O=[N+]([O-])c1cccc2ncccc12
NDFWQZWHEUVQPA,2.02,pKaH1,1,2.02,2.02,Approximate,COC(=O)c1c(NC(=O)N(C)C)ncn1C
NDGRWYRVNANFNB,3.36,pKaH1,1,3.36,3.36,Uncertain,O=C1CCNN1
NDMWRWICFFKKDR,3.59,pKaH1,1,3.59,3.59,Approximate,Nc1cc[n+]([O-])cc1
NDPIURGXNIHJBG,9.61,pKaH1,1,9.61,9.61,Approximate,CCNCC(O)c1ccc(OC)c(OC)c1
NDRZSRWMMUGOBP,8.23,pKaH1,1,8.23,8.23,Approximate,Nc1ccnc2cc(Cl)ccc12
NEDHXUZHZBDWPK,7.58,pKaH1,1,7.58,7.58,Approximate,CN(C)c1ccc2ccccc2n1
NEGYEDYHPHMHGK,9.53,pKaH1,1,9.53,9.53,Approximate,COc1ccc(CC(C)N)cc1
NEHWMOKJEUOJQR,0.7,pKaH1,1,0.7,0.7,Approximate,CCSc1ncccn1
NEIKBNYERRGVTR,9.15,pKaH1,1,9.15,9.15,Approximate,N=C(CCN)NO
NEJMFSBXFBFELK,3.33,pKaH1,1,3.33,3.33,Approximate,O=[N+]([O-])c1cccc2[nH]cnc12
NENLYAQPNATJSU,11.34,pKaH1,2,11.32,11.35,Approximate,C1NCC[C@@H]2CCCC[C@@H]12
NEOGFKRNHOLOSY,9.73,pKaH1,1,9.73,9.73,Approximate,CCCCOc1ccc(C(O)NC(C)(C)C)cc1OC
NEUUKNOWLMWRLF,9.43,pKaH1,1,9.43,9.43,Approximate,CCOC(=O)c1ccc(C(O)CNC(C)C)cc1
NFQGQMBFMIIIOR,3.73,pKaH1,1,3.73,3.73,Approximate,COc1ccc(C)cn1
NFZCRPUUDKQCQI,4.27,pKaH1,1,4.27,4.27,Approximate,CC(C)c1ncc2ccccc2n1
NGBBVGZWCFBOGO,9.67,pKaH1,1,9.67,9.67,Approximate,CC(N)Cc1ccc2c(c1)OCO2
NGBPTTMEDUDCAG,8.46,pKaH1,2,8.45,8.48,Approximate,CCC12CCCN3CCC4(c5cccc(OC)c5NC4CC1)C32
NGELHFCRZYMVNZ,4.97,pKaH1,1,4.97,4.97,Approximate,Nc1nc(N)c(N=Nc2ccccc2)c(N)n1
NGFCTYXFMDWFRQ,7.16,pKaH1,1,7.16,7.16,Approximate,Nc1ccc2cnccc2c1
NGHFGUANEAUNJB,9.3,pKaH1,1,9.3,9.3,Approximate,CCCCOc1ccc(CCNC(C)(C)CO)cc1OC
NHAURMKXZLKLPE,6.37,pKaH1,1,6.37,6.37,Approximate,CNc1cc(N(C)C)ncn1
NHBNAVLHRAPNKY,3.84,pKaH1,1,3.84,3.84,Uncertain,COC(=O)C1CSCN1
NHKVPYHQEIYTJO,3.97,pKaH1,1,3.97,3.97,Approximate,OC[C@H]1O[C@@H](n2cnc3ccccc32)[C@H](O)[C@@H](O)[C@@H]1O
NHOWLEZFTHYCTP,6.83,pKaH1,1,6.83,6.83,Approximate,NNCc1ccccc1
NHWKHNPRDPAXLM,9.13,pKaH1,1,9.13,9.13,Approximate,NCCNC(=O)c1ccccc1
NIBXVTMWHMMKGV,10.97,pKaH1,1,10.97,10.97,Approximate,C[Si](C)(C)CCN
NIIPNAJXERMYOG,6.56,pKaH1,1,6.56,6.56,Uncertain,CNN(C)C
NIKFLRLLYKEJJK,0.24,pKaH1,1,0.24,0.24,Uncertain,Cc1c[nH]nc1Br
NIKKSNUDXYPTRO,2.1,pKaH1,1,2.1,2.1,Uncertain,COc1ncc2nccnc2n1
NIKVHWBXZUKFDO,10.29,pKaH1,1,10.29,10.29,Uncertain,CCN(CC)CCCCCNc1c2ccc(Cl)cc2nc2ccc(OC)cc12
NIMAFSFVBYEOTB,11.27,pKaH1,1,11.27,11.27,Approximate,CC(C)(C)NCCCNC(C)(C)C
NINCMKJQHKDMPH,3.67,pKaH1,1,3.67,3.67,Approximate,CSc1ccc2ccccc2n1
NIPDVSLAMPAWTP,2.49,pKaH1,1,2.49,2.49,Approximate,COc1ccc([N+](=O)[O-])cc1N
NISGSNTVMOOSJQ,10.65,pKaH1,1,10.65,10.65,Approximate,NC1CCCC1
NIWIJCJDEPEAJY,10.0,pKaH1,1,10.0,10.0,Uncertain,CN=c1sc2c(n1C)CCCC2
NJAZMVHNQVGYBR,9.3,pKaH1,1,9.3,9.3,Uncertain,Cn1cc([N+](=O)[O-])ccc1=N
NJBCRXCAPCODGX,10.91,pKaH1,1,10.91,10.91,Approximate,CC(C)CNCC(C)C
NJBFZAATFFVYFQ,5.43,pKaH1,1,5.43,5.43,Uncertain,COc1cccc2c1NC1CCCCC21
NJGOYIWDCISTKJ,9.2,pKaH1,1,9.2,9.2,Uncertain,CCCCCN(CC(O)CC)CC(O)CC
NJNQDCIAOXIFTB,10.3,pKaH1,1,10.3,10.3,Approximate,CCOC(=O)CCCCCN
NJXPYZHXZZCTNI,2.75,pKaH1,4,2.7,2.81,Reliable,N#Cc1cccc(N)c1
NJYZCEFQAIUHSD,4.6,pKaH1,1,4.6,4.6,Approximate,Cc1nc(N)nc(N)n1
NJZSHTXRAKXPHN,-1.7,pKaH1,1,-1.7,-1.7,Uncertain,CN(C)c1ccc(Cc2ccc3cccccc2-3)cc1
NKALDNSJPZWINP,4.42,pKaH1,1,4.42,4.42,Approximate,Cc1cccc2c(N)ccc(C)c12
NKHMSOXIXROFRU,10.31,pKaH1,1,10.31,10.31,Approximate,c1ccc(CC2CCCN2)cc1
NKJXMLIWSJATEE,5.1,pKaH1,1,5.1,5.1,Approximate,Cc1ccc(C(N)=NO)cc1
NKVCWXBOVUSSMU,2.44,pKaH1,1,2.44,2.44,Approximate,Cc1cn(C)cnc1=O
NKXSJFUIFJMXED,9.4,pKaH1,1,9.4,9.4,Approximate,Nc1cc(N)c2ccccc2n1
NLGKRVNANIZGNI,6.12,pKaH1,1,6.12,6.12,Approximate,CNc1c(C)cccc1C
NLGWROLEWGVGSB,2.69,pKaH1,1,2.69,2.69,Approximate,Nc1cc(Cl)cc2ccccc12
NLJCDBUOTWWIPX,2.59,pKaH1,1,2.59,2.59,Approximate,Cc1cnc2c(C)nc(N)nc2n1
NLJYRBBAGNJCRN,5.4,pKaH1,1,5.4,5.4,Approximate,CCCCNc1nc2cnc(C)nc2n1C
NLPHCBNWHHFZOI,6.92,pKaH1,1,6.92,6.92,Approximate,COC[C@H]1OC(O)[C@H](N)[C@@H](OC)[C@@H]1OC
NLVRGUUNRBNCGX,9.1,pKaH1,1,9.1,9.1,Uncertain,CCC(O)CN(CC)CCO
NMCHMNHSIHVTDC,8.67,pKaH1,1,8.67,8.67,Approximate,CN(C)Cc1cccc(Cl)c1
NMMIHXMBOZYNET,2.21,pKaH1,1,2.21,2.21,Approximate,COC(=O)c1ccccn1
NMUFTXMBONJQTC,4.08,pKaH1,1,4.08,4.08,Uncertain,COc1ccc(N)cc1Br
NMUINCUJOZFODB,1.64,pKaH1,1,1.64,1.64,Approximate,COc1cnc2cncnc2n1
NMWKOBZHKWXQFS,3.75,pKaH1,1,3.75,3.75,Approximate,CN(C)c1nc(N)cc(Cl)n1
NNCRUAFWARRPOT,4.53,pKaH1,1,4.53,4.53,Uncertain,CCOC(=O)c1nc(N(C)C)nc2c1N=C(O)CN2
NNDATQSUZGLGQT,8.87,pKaH1,1,8.87,8.87,Uncertain,CN1CCC[C@@H]2c3cccc4[nH]cc(c34)C[C@H]21
NNGSFBDCUNKGIM,4.97,pKaH1,1,4.97,4.97,Approximate,Cc1ccc2c(c1)NCCN2
NNHRVRJFHLVIIV,3.39,pKaH1,1,3.39,3.39,Uncertain,Nc1cccc2c1-c1ccccc1C2
NNMLFXRXFMJSNQ,2.7,pKaH1,1,2.7,2.7,Uncertain,O=[N+]([O-])c1cc([N+](=O)[O-])c(-n2ccnc2)c([N+](=O)[O-])c1
NNNCDYDQBKUQBR,3.44,pKaH1,1,3.44,3.44,Approximate,CSc1nncc2ccccc12
NNWUEBIEOFQMSS,11.02,pKaH1,5,10.92,11.15,Approximate,CC1CCCCN1
NOAQPXGENVPDLH,9.1,pKaH1,1,9.1,9.1,Uncertain,CCN(CC)CCCn1c2nc(=O)[nH]c(=O)c-2nc2cc(Cl)c(Cl)cc21
NODGJSNKUCVLNN,8.24,pKaH1,1,8.24,8.24,Approximate,CNCC(=O)NC
NODLZCJDRXTSJO,2.96,pKaH1,2,2.82,3.11,Approximate,Cc1ccn(C)n1
NOHYIPRJOCCNMG,4.46,pKaH1,1,4.46,4.46,Uncertain,Cc1ncc(C=O)c(N)n1
NOIQZLIGXCQSEV,5.47,pKaH1,1,5.47,5.47,Approximate,COc1ccc2nc3ccccc3cc2c1
NOPJCGPBOMSMLC,2.98,pKaH1,1,2.98,2.98,Approximate,COc1ccc(CO)c(CO)n1
NOUOSAZUOXMSHD,-6.8,pKaH1,1,-6.8,-6.8,Uncertain,N#Cc1ccc2cccccc1-2
NOWKCMXCCJGMRR,8.0,pKaH1,4,7.9,8.04,Approximate,C1CN1
NOXHNAYUTJEYNN,11.4,pKaH1,1,11.4,11.4,Uncertain,CC1C(C)C(C)(C)NC1(C)C
NPMGKAJEKWZCIO,7.5,pKaH1,1,7.5,7.5,Uncertain,CC(O)CN(Cc1ccccc1)CC(C)O
NPYYXUYLIHZYOU,1.18,pKaH1,1,1.18,1.18,Approximate,COc1ccc(Cl)cn1
NQCJWEXYVVFKBT,8.65,pKaH1,1,8.65,8.65,Approximate,Cn1ccnc1N
NQEYILMDTQQRKT,3.39,pKaH1,1,3.39,3.39,Uncertain,Nc1ncnc2ncc(O)nc12
NQRYJNQNLNOLGT,11.11,pKaH1,11,10.974,11.28,Reliable,C1CCNCC1
NQSIARGGPGHMCG,5.16,pKaH1,1,5.16,5.16,Approximate,CCN(N)c1ccccc1
NRBRWJALLVRRDZ,0.4,pKaH1,1,0.4,0.4,Uncertain,Cc1nc2c(OC(C)C)nc(N)nc2n(C)c1=O
NRESDXFFSNBDGP,5.05,pKaH1,1,5.05,5.05,Approximate,NNc1ccc(Br)cc1
NRGGMCIBEHEAIL,5.97,pKaH1,3,5.89,5.99,Approximate,CCc1ccccn1
NSBSVUUVECHDDX,0.98,pKaH1,1,0.98,0.98,Uncertain,Cc1cc([N+](=O)[O-])cc(C)c1N
NSGNREBTEFKPIL,3.66,pKaH1,1,3.66,3.66,Approximate,COc1ccnnc1
NSHMKXVHJBBKTN,9.43,pKaH1,1,9.43,9.43,Approximate,CC(CC(c1ccccc1)c1ccccc1)N(C)C
NSMWYRLQHIXVAP,9.66,pKaH1,1,9.66,9.66,Approximate,C[C@@H]1CN[C@@H](C)CN1
NSOXQYCFHDMMGV,8.8,pKaH1,2,8.75,8.84,Approximate,CC(O)CN(CCN(CC(C)O)CC(C)O)CC(C)O
NTEKBMJZHRGNCK,9.46,pKaH1,1,9.46,9.46,Uncertain,CCN(CC)CCC(C(=O)Cc1ccccc1)c1ccccc1
NTNZTEQNFHNYBC,7.72,pKaH1,7,7.64,7.84,Approximate,CCOC(=O)CN
NTPAPKLGADEFAM,8.77,pKaH1,1,8.77,8.77,Unrated,CNCc1cccc([N+](=O)[O-])c1
NTSLROIKFLNUIJ,6.51,pKaH1,1,6.51,6.51,Approximate,CCc1ccc(C)nc1
NTXRNCUPGYOZCN,1.51,pKaH1,1,1.51,1.51,Approximate,COc1ccc(I)cn1
NTYJJOPFIAHURM,9.75,pKaH1,17,6.02,10.01,Reliable,NCCc1c[nH]cn1
NUFLICUHOXHWER,2.82,pKaH1,1,2.82,2.82,Approximate,Nc1cccc(S(F)(F)(F)(F)F)c1
NUIURNJTPRWVAP,4.5,pKaH1,1,4.5,4.5,Uncertain,Cc1cc(-c2ccc(N)c(C)c2)ccc1N
NUIYHMRBFZOEES,5.07,pKaH1,1,5.07,5.07,Approximate,O=[N+]([O-])c1cccc(-n2ccnc2)c1
NUKYPUAOHBNCPY,9.13,pKaH1,7,8.9783,9.29,Reliable,Nc1ccncc1
NUNIWXHYABYXKF,8.64,pKaH1,1,8.64,8.64,Uncertain,CN(C)CCOC(c1ccccc1)c1ccc(Br)cc1
NURQLCJSMXZBPC,6.48,pKaH1,5,6.46,6.57,Approximate,Cc1ccncc1C
NUVVGLXJJPTXRJ,9.29,pKaH1,1,9.29,9.29,Approximate,CCN(CC)CCCC#N
NUWRDXMXYDWUAN,7.12,pKaH1,1,7.12,7.12,Approximate,CCOC(=O)C[C@@H](N)c1ccccc1
NVGKDSPRJRTRFP,3.32,pKaH1,1,3.32,3.32,Approximate,CCCCCCCCN(CC[N+]1(C)CCCCC1)c1ccccc1
NVYFQSOCGYVXQR,2.7,pKaH1,1,2.7,2.7,Approximate,COc1nc(C)cc(C)n1
NWGAGZKSPUGTKW,-0.55,pKaH1,1,-0.55,-0.55,Unrated,CS(=O)(=O)c1c(N)ccc2ccccc12
NWGQYVPKLZYCOS,7.35,pKaH1,1,7.35,7.35,Approximate,COc1ccc2c(c1)N=CNC2O
NWGZGYROJSLPCW,5.32,pKaH1,1,5.32,5.32,Approximate,COC(=O)c1cc(N)nc(N)n1
NWLPRJINWFMRHH,1.91,pKaH1,2,1.8,2.02,Approximate,Cn1ccc(=O)nc1
NWOANCZCVIUCTG,-0.62,pKaH1,1,-0.62,-0.62,Uncertain,Nn1nnnc1-c1ccccc1
NWYLKNPCHAYMIM,6.77,pKaH1,1,6.77,6.77,Approximate,CNc1cncnc1NC
NXBVNGJFXKPUKW,9.7,pKaH1,1,9.7,9.7,Uncertain,CCN(CC)CCNc1nc(N)nc(C)c1C
NXGAVJIPMVVLHS,8.84,pKaH1,1,8.84,8.84,Approximate,Cn1ccnc2c(N)nc(=N)nc1-2
NXSAXOJMBFFHSG,5.54,pKaH1,1,5.54,5.54,Approximate,Nc1nc(N)c2cn[nH]c2n1
NXSXUDDOONSUJV,9.6,pKaH1,1,9.6,9.6,Uncertain,CCN(CC)CCC(C)Cn1c2nc(=O)[nH]c(=O)c-2nc2cc(Cl)c(Cl)cc21
NXUWBLCHWYQCPR,4.68,pKaH1,1,4.68,4.68,Approximate,CC1=NN(C)C(C)(C)C1
NYHHIPIPUVLUFF,3.57,pKaH1,1,3.57,3.57,Approximate,O=[N+]([O-])c1ccc2ccncc2c1
NYPYPOZNGOXYSU,2.88,pKaH1,2,2.85,2.91,Approximate,Brc1cccnc1
NYRVOAUEWUHCPA,11.17,pKaH1,1,11.17,11.17,Approximate,Cn1cc(Br)c(C(C)(C)C)nc1=N
NYULESZISGVPJK,3.46,pKaH1,1,3.46,3.46,Approximate,Oc1ncc2c(n1)NCC=N2
NYUNCLAUJUYCOW,8.9,pKaH1,1,8.9,8.9,Approximate,CC(C)=NNC1CCN(C)CC1
NYYRZNUHYNAJIK,6.23,pKaH1,1,6.23,6.23,Uncertain,CC(=O)C(CN1CCOCC1)c1ccccc1
NYZKYLRZVDRIJB,0.2,pKaH1,1,0.2,0.2,Uncertain,Cc1cnn(-c2ccc([N+](=O)[O-])cc2[N+](=O)[O-])c1C
NZLJDTKLZIMONR,5.95,pKaH1,1,5.95,5.95,Approximate,CCCCCCc1ccccn1
NZLPYKIROACPGB,9.16,pKaH1,1,9.16,9.16,Approximate,CCC1NC=Nc2ccccc21
NZPFQOXRHLUPRT,8.76,pKaH1,2,8.7,8.83,Approximate,Cc1ccc(CN)cn1
NZQVJIFWJATCIT,4.36,pKaH1(eq),1,4.36,4.36,Approximate,Cc1nc(C(N)=O)c2ccccc2n1
NZWJTYKVIKTLIC,7.5,pKaH1,1,7.5,7.5,Approximate,CN=C(NC)NC(C)=O
OALXTMWCXNPUKJ,6.96,pKaH1,1,6.96,6.96,Approximate,c1cnc2c(c1)NCCC2
OBDSVYOSYSKVMX,9.4,pKaH1,1,9.4,9.4,Approximate,CC(Cc1ccccc1)N(C)C
OBMQIIDRCOXNQN,3.54,pKaH1,1,3.54,3.54,Approximate,CNc1ncc(-c2ccc(OC)cc2)cn1
OBSIQMZKFXFYLV,7.22,pKaH1,1,7.22,7.22,Approximate,NC(=O)[C@@H](N)Cc1ccccc1
OBSLLHNATPQFMJ,3.95,pKaH1,2,3.92,3.98,Approximate,Cc1csc(C)n1
OBTUHOVIVLDLLD,-2.98,pKaH1,1,-2.98,-2.98,Uncertain,Nc1c(Br)cc(Br)cc1[N+](=O)[O-]
OBYDYFKZLKCNOC,6.79,pKaH1,1,6.79,6.79,Approximate,Nc1ncc(-c2ccc(Cl)cc2)c(N)n1
OBYVIBDTOCAXSN,10.91,pKaH1,1,10.91,10.91,Approximate,CCC(C)NC(C)CC
OCESZSGMAAGZGO,7.22,pKaH1,1,7.22,7.22,Approximate,Nc1ccc2cc3ccc(Cl)cc3nc2c1
OCEVVYAYSOQJPH,4.1,pKaH1,1,4.1,4.1,Approximate,Cn1cnc2cnc(N3CCCCC3)nc21
OCIDXARMXNJACB,9.44,pKaH1,1,9.44,9.44,Approximate,NCCNc1ccccc1
OCKNQNYVCLPHCI,9.35,pKaH1,1,9.35,9.35,Approximate,CCOP(=O)(CCCN(CC)CC)OCC
OCWBGKZFOYMCCN,2.75,pKaH1,1,2.75,2.75,Approximate,Nc1ncc(Cl)cc1Cl
ODGIMMLDVSWADK,2.6,pKaH1,2,2.45,2.75,Approximate,Nc1ccc(C(F)(F)F)cc1
ODJAMMJWPPTQSR,0.78,pKaH1,1,0.78,0.78,Uncertain,Nc1nnnn1-c1ccc(Cl)cc1
ODKNKXQVRUFTPT,9.49,pKaH1,1,9.49,9.49,Approximate,CCc1cnccc1N
ODONRXLJBJTMBP,4.81,pKaH1,1,4.81,4.81,Approximate,Cc1ccc2cccn2c1
ODPACOSFGOJIQY,9.21,pKaH1,1,9.21,9.21,Approximate,CC(C)NCC(O)c1ccc(Cl)cc1
ODVBBZFQPGORMJ,8.5,pKaH1,3,8.38,8.51,Approximate,NCc1ccc([N+](=O)[O-])cc1
ODVVJKFPWKUYTL,7.15,pKaH1,1,7.15,7.15,Approximate,N=C(NO)C(N)c1ccccc1
ODZXRBRYQGYVJY,8.77,pKaH1,1,8.77,8.77,Uncertain,CC(N)c1cccc(C(F)(F)F)c1
OEDUIFSDODUDRK,2.13,pKaH1,1,2.13,2.13,Uncertain,c1ccc(-c2cc[nH]n2)cc1
OEFLOIIPWWSINC,9.67,pKaH1,1,9.67,9.67,Uncertain,NC(=O)C1CN2CCC1CC2
OEZKSNAMPUQHNQ,8.83,pKaH1,1,8.83,8.83,Approximate,CN(C)Cc1ccc(Cl)cc1
OFDVABAUFQJWEZ,4.6,pKaH1,1,4.6,4.6,Approximate,c1cncc(-c2cccnc2)c1
OFRAUYMHVBXZFA,6.82,pKaH1,1,6.82,6.82,Approximate,Nc1nc(N)c2nc(N)c(N)nc2n1
OFSKRTKHVNTGLE,7.11,pKaH1,1,7.11,7.11,Approximate,C[SH]=C(N)Nc1ccccc1
OGDMMBJEIIAVIC,2.95,pKaH1,1,2.95,2.95,Approximate,CC[As](=O)(CC)c1ccccc1
OGDVXRGNENAADD,5.77,pKaH1,1,5.77,5.77,Approximate,COc1cc(C(=O)N2CCNc3nc(N)nc(N)c32)cc(OC)c1OC
OGKKUIKWDGAUDX,10.24,pKaH1,1,10.24,10.24,Approximate,Cn1cc(I)cnc1=N
OGLOZAOTVVGSCI,9.65,pKaH1,1,9.65,9.65,Uncertain,CCN(CC)CC(C)Nc1c2ccc(Cl)cc2nc2ccc(OC)cc12
OGVAFDAWNOHFQR,9.21,pKaH1,1,9.21,9.21,Approximate,CC(C)NCC(O)c1ccc(I)cc1
OGWKQNFHPMONHA,5.22,pKaH1,2,5.15,5.3,Approximate,NC=Nc1nccnc1C=O
OHHHTUXVBNGOGI,2.78,pKaH1,1,2.78,2.78,Approximate,Nc1ccc(SC(F)(F)F)cc1
OHOXUWZWLCKZQT,10.23,pKaH1,2,10.09,10.37,Uncertain,CN1[C@H](C[C@H](CC1)C)C
OHSZSXYJPNSOII,2.58,pKaH1,1,2.58,2.58,Approximate,NNc1ncncc1[N+](=O)[O-]
OIALIKXMLIAOSN,5.97,pKaH1,1,5.97,5.97,Approximate,CCCc1ccccn1
OIBZFXSCEVREBU,8.9,pKaH1,1,8.9,8.9,Uncertain,CCC(O)CN(C)CC(C)O
OIQJXFKEZPJGIK,7.2,pKaH1,1,7.2,7.2,Uncertain,CCCCCCCCCCN(CCO)CC(O)CC
OIRQOQJIPWAZAB,10.3,pKaH1,1,10.3,10.3,Approximate,CC1CCCCC1CNCCN
OISVCGZHLKNMSJ,6.66,pKaH1,8,6.42,6.77,Approximate,Cc1cccc(C)n1
OIVVYBQOLDSIRQ,-0.28,pKaH1,1,-0.28,-0.28,Unrated,NC1(F)C=C(F)C(F)=C(F)C1F
OIWWMSWHIKYEHE,7.07,pKaH1,1,7.07,7.07,Uncertain,COc1ccc(C#CC#CCN(C)C)cc1
OJFOMASDMLDWEX,9.07,pKaH1,1,9.07,9.07,Approximate,CC(C)NNC1CCN(C)CC1
OJGMBLNIHDZDGS,5.12,pKaH1,3,5.12,5.12,Approximate,CCNc1ccccc1
OJGSYPBZJQHCIN,2.3,pKaH1,1,2.3,2.3,Approximate,Nc1nc(C=Cc2ccccc2)ncc1[N+](=O)[O-]
OJICAGOARSTCMM,7.39,pKaH1,1,7.39,7.39,Approximate,CC(C)Cc1nc(N)nc(N)c1-c1ccc(Cl)cc1
OJPDDQSCZGTACX,4.2,pKaH1,4,4.07,4.3,Approximate,OCCN(CCO)c1ccccc1
OJRPPBXHGGSZIV,4.19,pKaH1,1,4.19,4.19,Approximate,COc1ccc2ccc(N)cc2c1
OJYQYDTYUWXLSE,2.89,pKaH1,1,2.89,2.89,Approximate,Nc1cccc2cc([N+](=O)[O-])ccc12
OKBVMLGZPNDWJK,5.87,pKaH1,1,5.87,5.87,Uncertain,Nc1ccc(N)c2ccccc12
OKDGRDCXVWSXDC,0.6,pKaH1,2,0.49,0.72,Uncertain,Clc1ccccn1
OKLCUAJEYYCSLQ,4.93,pKaH1,1,4.93,4.93,Approximate,CNc1ncc2cc(OC)ccc2n1
OKLVXPSKPCTBGL,4.58,pKaH1,1,4.58,4.58,Approximate,CC(C)(C)c1ccnc(N)n1
OKMNJBKBYMHMQK,4.3,pKaH1,1,4.3,4.3,Approximate,CCc1[nH]nc(C2CC2)c1C
OLGPUINRHZRSSK,8.99,pKaH1,1,8.99,8.99,Uncertain,CN(C)CCC(C(=O)Cc1ccccc1)c1ccccc1
OLMPWLZYXNAVBS,8.34,pKaH1,1,8.34,8.34,Approximate,CC(=NO)C(C)(C)C(N)C(N)C(C)(C)C(C)=NO
OLQIKGSZDTXODA,1.62,pKaH1,2,1.59,1.65,Uncertain,Cc1cc(O)ccc1C1(c2ccc(O)cc2C)OS(=O)(=O)c2ccccc21
OLWCTDSSMHOOOC,3.52,pKaH1,1,3.52,3.52,Approximate,C=CCNc1ncccn1
OLXYLDUSSBULGU,3.38,pKaH1,2,3.26,3.49,Approximate,COC(=O)c1ccncc1
OLXZPDWKRNYJJZ,3.79,pKaH1,1,3.79,3.79,Uncertain,Nc1ncnc2c1ncn2[C@H]1C[C@H](O)[C@@H](CO)O1
OMBVLJSHPJLTKD,6.7,pKaH1,1,6.7,6.7,Approximate,COC(=O)[C@@H](N)CSC
OMGCVNHAFYEVRU,1.2,pKaH1,1,1.2,1.2,Uncertain,Cc1n[nH]c(-c2ccccc2)c1Br
OMILONVYAUZURK,3.83,pKaH1,1,3.83,3.83,Approximate,NCc1cccc(CC(=O)O)c1
OMXVPPKIGHREJO,10.14,pKaH1,1,10.14,10.14,Approximate,CC1=Nc2ccccc2CN1
ONMSBNJJCUCYED,4.31,pKaH1,1,4.31,4.31,Approximate,CN(C)c1ccccc1Br
ONQLCPDIXPYJSS,10.02,pKaH1,1,10.02,10.02,Uncertain,CC1CCCN(C)C1
ONTYPWROJNTIRE,9.22,pKaH2(threo),1,9.22,9.22,Approximate,CCCC(O)[C@H](N)C(=O)O
OOCFZXAIPSMXEL,8.18,pKaH1,1,8.18,8.18,Approximate,CCC1CN1CC
OOGXXKVDQXBTEZ,2.7,pKaH1,1,2.7,2.7,Approximate,Nc1ncc(-c2ccc([N+](=O)[O-])cc2)cn1
OONVMEUUWGEINX,9.4,pKaH1,1,9.403,9.403,Approximate,CN(C)CCN1CCCCC1
OOTKJPZEEVPWCR,8.96,pKaH1,2,8.82,9.1,Approximate,CNCc1ccccn1
OOXSBCNDKNBCBH,8.41,pKaH1,1,8.41,8.41,Approximate,CC(C)C1=Nc2ccccc2C(O)N1
OPBJFWASRUHSHW,5.74,pKaH1,1,5.74,5.74,Approximate,CNc1nccc(OC)n1
OPCJOXGBLDJWRM,9.82,pKaH1,3,9.42,10.0,Approximate,CC(C)(N)CN
OPCKLVUGDUBVIC,8.88,pKaH1,1,8.875,8.875,Approximate,CCN(CC)CCNC(=O)c1ccccc1C
OPKOKAMJFNKNAS,9.82,pKaH1,2,9.77,9.88,Approximate,CNCCO
OPMFFAOEPFATTG,5.38,pKaH1,1,5.38,5.38,Approximate,NNCC(F)(F)F
OPNBTSKUGJGWRV,4.06,pKaH1,1,4.06,4.06,Approximate,CC(C)CCC(C)Nc1ncccn1
OPNMYBVJMKLJQS,4.06,pKaH1,1,4.06,4.06,Approximate,Cn1c(N2CCCCC2)nc2cncnc21
OPQDQDZJKGWRSK,6.39,pKaH1,1,6.39,6.39,Uncertain,O=C(CCN1CCOCC1)C(c1ccccc1)c1ccccc1
OPSLADCWNZWOGP,3.53,pKaH1,1,3.53,3.53,Approximate,CC(C)(C)n1cccnc1=O
OPUVWTMPLSEWQX,4.83,pKaH1,1,4.83,4.83,Uncertain,CCCCCn1nc(C)cc1N
OPYLJLAJVLGJNV,2.45,pKaH1,1,2.45,2.45,Uncertain,Cn1c(N)nc(NCC=O)c([N+](=O)[O-])c1=O
OPYSJMNXDRFQHK,7.18,pKaH1,2,6.98,7.39,Approximate,c1nc(Cc2c[nH]cn2)c[nH]1
OQHHSGRZCKGLCY,2.55,pKaH1,1,2.55,2.55,Approximate,O=[N+]([O-])c1cccc2cccnc12
OQHLYZTVUZZSRR,3.8,pKaH1,1,3.8,3.8,Approximate,Cn1cc(N)ccc1=O
OQLZINXFSUDMHM,12.25,pKaH1,2,12.1,12.4,Uncertain,CC(=N)N
OQRXBXNATIHDQO,4.79,pKaH1,1,4.79,4.79,Approximate,Nc1cnc(Cl)cc1N
OQVUVVRIWAAMKW,2.61,pKaH1,1,2.61,2.61,Approximate,CN(CC[N+]1(C)CCCCC1)c1ccccc1
ORBFAMHUKZLWSD,5.48,pKaH1,1,5.48,5.48,Approximate,CCOC(=O)c1ccccc1N(C)C
OROGSEYTTFOCAN,8.23,pKaH1,2,8.21,8.25,Approximate,COc1ccc2c3c1O[C@H]1[C@@H](O)C=C[C@H]4[C@@H](C2)N(C)CC[C@@]341
ORRQJZMYQQDYDX,7.82,pKaH1,1,7.82,7.82,Approximate,CCOC(=O)CN(CC)CC
OSBMJXWHJWWZJP,5.48,pKaH1,1,5.48,5.48,Approximate,COc1cc(N)nc(N)n1
OSILBMSORKFRTB,7.59,pKaH1,1,7.59,7.59,Approximate,Nc1nccc2ccccc12
OSSRSZWLOIZNHD,4.27,pKaH1,1,4.27,4.27,Uncertain,CSc1cccc2c(C)ccnc12
OTBHHUPVCYLGQO,10.65,pKaH1,1,10.65,10.65,Approximate,NCCCNCCCN
OTFDNDOKUZPFGN,2.11,pKaH1,1,2.11,2.11,Uncertain,CSc1cccc2ccc(-c3ccccc3)nc12
OTFFCAGPSWJBDK,3.02,pKaH1,1,3.02,3.02,Approximate,Nc1cccc2cn[nH]c12
OTIPUJJPMXLPDF,8.94,pKaH1,1,8.94,8.94,Approximate,CN(C)Cc1ccc(F)cc1
OTUQNLNRDLAORA,2.7,pKaH1,1,2.7,2.7,Approximate,BrC1=NNC2(CCC2)C1
OTWJRAWXTDGSDT,7.83,pKaH1,1,7.83,7.83,Approximate,OCCNC(CO)(CO)CO
OTZHRXQVKGGAMH,7.97,pKaH1,1,7.97,7.97,Approximate,CNC(=N)Nc1nn(C)nc1C(=O)NC
OUKGYFNHAKOXRQ,9.31,pKaH1,1,9.31,9.31,Uncertain,C=C1CCCN(C)C1
OUKKBWXBBAOSPG,8.05,pKaH1,1,8.05,8.05,Uncertain,COc1ccc2c(c1)C(O)NC=N2
OUMBFMLKPJUWDQ,9.58,pKaH1,1,9.58,9.58,Approximate,CCCNCc1ccccc1
OUMGIYIBWRLOAF,3.93,pKaH1,3,3.87,4.15,Approximate,CN(C)c1ncccn1
OURPMTOBAZWCJH,2.12,pKaH1,1,2.12,2.12,Uncertain,CC(=O)Nc1nc(NC(C)=O)c2c(n1)N(C(C)=O)CCN2C(C)=O
OVFSGBXDUGGLTQ,2.64,pKaH1,1,2.64,2.64,Approximate,Clc1nc2cc3c(cc2[nH]1)CCCC3
OVNUJIAMZODLRD,9.85,pKaH1,1,9.85,9.85,Uncertain,CNC1CCCCC1Cl
OVRWUZYZECPJOB,7.09,pKaH1,1,7.09,7.09,Approximate,NCC(F)F
OVSARSKQWCLSJT,7.37,pKaH1,1,7.37,7.37,Approximate,CC(C)N(c1ccccc1)C(C)C
OVTJHGIWYOOHFS,9.4,pKaH1,1,9.4,9.4,Approximate,C=C1CCN2CC[C@@H](O)C12
OVXVCMVJJWYHMF,1.9,pKaH1,1,1.9,1.9,Uncertain,Cc1ncc(C(=O)O)c(N(C)C)n1
OVZKQZBFKPAHPI,7.99,pKaH1,1,7.99,7.99,Uncertain,O=C(Nc1ccccc1)Nc1ccc(CC(CN2CCCCC2)c2ccc(NC(=O)Nc3ccccc3)cc2)cc1
OWAYVVLCHUWASK,1.55,pKaH1,1,1.55,1.55,Approximate,Nc1nc(=O)cn[nH]1
OWHSQUDSJWIYDC,6.3,pKaH1,1,6.3,6.3,Approximate,CNc1cc(N)ncn1
OWJGVWFUEZOFLF,6.17,pKaH1,1,6.17,6.17,Uncertain,CN(C)c1nc2c(s1)CCCC2
OWKYZAGJTTTXOK,10.45,pKaH1,3,10.32,10.57,Uncertain,CCCNCCCN
OWTDCNVOLHLAEC,4.55,pKaH1,1,4.55,4.55,Approximate,CNc1nccc(C)n1
OWUNMSGLMUPGEZ,4.44,pKaH1,1,4.44,4.44,Approximate,c1ccc2c(c1)ccc1cnc3ccccc3c12
OXEFHEYEQUISKC,9.39,pKaH1,1,9.39,9.39,Uncertain,c1ccc(CCN2CCCC2)nc1
OXQMIXBVXHWDPX,10.69,pKaH1,1,10.69,10.69,Unrated,CN(C)C(C)(C)C
OYBISWNYXFMYNS,9.45,pKaH1,1,9.45,9.45,Uncertain,CC(C(=O)C(c1ccccc1)c1ccccc1)N1CCCCC1
OYKWCMYOWBZXFX,7.68,pKaH1,1,7.68,7.68,Approximate,NC1=Nc2nccnc2CN1
OYPBUQASUUMJKG,3.29,pKaH1,1,3.29,3.29,Approximate,Cn1ccc(=O)cc1
OYRRZWATULMEPF,5.69,pKaH1,1,5.69,5.69,Approximate,Nc1ccncn1
OYTKINVCDFNREN,9.07,pKaH1,2,9.01,9.14,Approximate,Nc1ccncc1N
OYUQCQCQLDTRHQ,3.75,pKaH1,1,3.75,3.75,Approximate,N#Cc1cnc(N)nc1N
OYZJQXIQTJRRCG,6.14,pKaH1,1,6.14,6.14,Approximate,Nc1ccc2nc3ccc(N)cc3cc2c1
PAFMQHKQCADZRG,2.81,pKaH1,1,2.81,2.81,Approximate,CC[As](=O)(CC)c1ccc(Br)cc1
PAFZNILMFXTMIY,10.66,pKaH1,3,10.63,10.68,Approximate,NC1CCCCC1
PAMIQIKDUOTOBW,10.14,pKaH1,4,10.07,10.38,Approximate,CN1CCCCC1
PAONYMABMOGOFD,6.77,pKaH1,1,6.77,6.77,Approximate,Cn1cnc2nc(=N)cnc-2c1
PAQQFNLWFJLFNP,10.48,pKaH1,1,10.48,10.48,Approximate,C=CCn1cccnc1=N
PAQYIEZTLSDLQO,4.7,pKaH1(eq),1,4.7,4.7,Approximate,c1cc2cncnc2cn1
PARUFWNEPYVKHF,7.0,pKaH1,1,7.0,7.0,Approximate,OC1NC=Nc2cc(Cl)ccc21
PAXNHQZTZQFBPC,8.77,pKaH1,2,8.7,8.84,Uncertain,CC(C)=CN1CCCC1
PAYRUJLWNCNPSJ,4.61,pKaH1,26,4.499,4.737,Reliable,Nc1ccccc1
PAZVJIOFFOOQLQ,6.4,pKaH1,2,6.39,6.4,Uncertain,CCCN(CC)c1ccccc1
PBGKNXWGYQPUJK,-1.03,pKaH1,1,-1.03,-1.03,Approximate,Nc1ccc(Cl)cc1[N+](=O)[O-]
PBHLPNNLGFOKEQ,4.51,pKaH1,1,4.51,4.51,Approximate,Cc1cccc2cc3cccc(C)c3nc12
PBKCJNOFHGLNEZ,3.04,pKaH1,1,3.04,3.04,Uncertain,Cc1ccc(/N=N/c2ccc(N)cc2)cc1
PBMFSQRYOILNGV,2.6,pKaH1,2,2.24,2.96,Approximate,c1ccnnc1
PBUNVLRHZGSROC,6.89,pKaH1,1,6.89,6.89,Uncertain,CC(C)C[C@H]1C(=O)N2CCC[C@H]2[C@]2(O)O[C@](NC(=O)[C@@H]3C[C@@H]4c5cccc6[nH]cc(c56)C[C@H]4N(C)C3)(C(C)C)C(=O)N12
PBVWPFPRYIFFKN,8.22,pKaH1,1,8.22,8.22,Approximate,NCCOP(=O)(c1ccccc1)c1ccccc1
PCFUWBOSXMKGIP,5.13,pKaH1,1,5.13,5.13,Approximate,c1ccc(Cc2ccccn2)cc1
PCHBPPDCBTYPKN,8.12,pKaH1,1,8.12,8.12,Approximate,Cc1cncc(C)c1N(C)C
PCHYYOCUCGCSBU,3.58,pKaH1,1,3.58,3.58,Uncertain,Cc1cc(Br)ccc1N
PCMZOBJZBLCMBV,5.99,pKaH1,1,5.99,5.99,Approximate,Cn1ccc2cc(=O)ccc-2c1
PCNDJXKNXGMECE,1.2,pKaH1,2,1.19,1.21,Uncertain,c1ccc2nc3ccccc3nc2c1
PCNFLKVWBDNNOW,4.13,pKaH1,1,4.13,4.13,Approximate,NNc1ccc(C(=O)O)cc1
PCNHIOIZEGPWGX,9.35,pKaH1,1,9.35,9.35,Approximate,CC(C)NCC(O)c1ccccc1[N+](=O)[O-]
PCPHNMZJBOYGSR,3.49,pKaH1,1,3.49,3.49,Approximate,Nc1nc2cncnc2nc1N
PCQNVVRPRJGQCA,6.12,pKaH1,1,6.12,6.12,Uncertain,CCOC(=O)CNc1nc(N(C)C)nc(C(=O)OCC)c1N
PCWUQBLPEJBFQP,11.3,pKaH1,1,11.3,11.3,Uncertain,CC1CC2CCN1C(C)(C)C2
PCXHOCOIQHXJLH,8.63,pKaH1,1,8.63,8.63,Uncertain,CN(C)CCN(c1ccccn1)c1ccc(Br)s1
PDCWQPWJLDVKEE,9.48,pKaH1,1,9.48,9.48,Approximate,Cn1cnc(=N)c2nccnc21
PDDBTWXLNJNICS,3.33,pKaH1,1,3.33,3.33,Approximate,O=[N+]([O-])c1cc2cccnc2c2ncccc12
PDLQGOYYXRNZOD,2.8,pKaH1,1,2.8,2.8,Approximate,Nc1cccc2cncnc12
PENRYFPQHOTBJV,7.25,pKaH1,1,7.25,7.25,Uncertain,C(CN1CCOCC1)CN1CCOCC1
PENVYHXKYYCYML,2.5,pKaH1,1,2.5,2.5,Uncertain,COc1ccncn1
PESJTQQZJJTNOC,4.84,pKaH1,1,4.84,4.84,Approximate,NNc1cccc(Br)c1
PEVFOJAVHPZOBJ,7.41,pKaH1,1,7.41,7.41,Approximate,CC(C=C(c1cccs1)c1cccs1)N1CCCCC1C
PFAXACNYGZVKMX,8.66,pKaH1,1,8.66,8.66,Uncertain,CN(C)CCN1c2ccccc2Sc2ccccc21
PFDVKKKTXVWALR,2.7,pKaH1,1,2.7,2.7,Approximate,CC(C)Cn1cccnc1=O
PFEWPDAXEFOJMK,5.16,pKaH1,3,5.087,5.222,Approximate,CC1CN=C(C(C)C)S1
PFEXPYNWRBAXLA,10.75,pKaH1,1,10.75,10.75,Approximate,Cn1cc(-c2ccccc2)cnc1=N
PFKFCGHAGOLFNW,9.35,pKaH1,1,9.35,9.35,Approximate,Cc1ccc(C(O)CNC(C)C)cc1
PFPBWKKKMJUJRD,3.49,pKaH1,1,3.49,3.49,Approximate,Cn1nc2ncnc(N)c2n1
PFRLCKFENIXNMM,10.73,pKaH1,1,10.73,10.73,Approximate,C[Si](C)(C)CCCN
PFVCOSUGIGNBDJ,3.96,pKaH1,1,3.96,3.96,Approximate,FC(F)(F)c1ccc2ncncc2c1
PFVYSURSVXECJA,8.82,pKaH1,2,8.79,8.84,Approximate,CNc1cccc(C)n1
PFYPDUUXDADWKC,5.83,pKaH1,1,5.83,5.83,Approximate,CC(C)c1ccccn1
PGERUXBLYIRESD,9.77,pKaH1,1,9.77,9.77,Uncertain,CN1CCCC(C)(C)C1
PGJHAXAIVJIVSM,8.47,pKaH1,1,8.47,8.47,Uncertain,NCC(O)c1ccc2ccccc2c1
PGMBNUMLNAJSJR,10.88,pKaH1,1,10.88,10.88,Approximate,C[C@H]1CCN2CC[C@@H](O)[C@@H]12
PGWGGHJHFDCJDR,8.47,pKaH1,1,8.47,8.47,Uncertain,CC(C)CC(N)c1ccc(Cl)cc1
PGWHWYBRRVQFCI,3.41,pKaH1,1,3.41,3.41,Approximate,COC(=O)c1c2ccccc2nc2ccccc12
PGZDIEHHDIEGFT,2.8,pKaH1,1,2.8,2.8,Uncertain,O=C1C=CC(=O)C(=NCc2ccccc2)C1
PHGNGVYUHOARGF,8.93,pKaH1,1,8.93,8.93,Approximate,COc1ccc2nccc(N)c2c1
PHLTYBSRSKCOOU,10.7,pKaH1,1,10.7,10.7,Approximate,CCCCN1CCCCC1C
PHRUWATXNWJXMZ,9.6,pKaH1,1,9.6,9.6,Approximate,CNCCC(=N)NO
PHVZSBHKCCVSIA,11.01,pKaH1,1,11.01,11.01,Approximate,Cc1nc(=N)n(C)c(C)c1Cl
PIAPIGSUODCCKI,4.65,pKaH1,1,4.65,4.65,Approximate,CN(N)c1ccc(Br)cc1Br
PIFWHXMJDQPBGZ,3.86,pKaH1,1,3.86,3.86,Uncertain,CSc1cc(C)cc2cccnc12
PIHAUZGWAXLKCA,9.36,pKaH1,1,9.36,9.36,Approximate,C1CNC2NCCCC2C1
PIICEJLVQHRZGT,9.93,pKaH1,10,9.784,10.18,Reliable,NCCN
PIJQKHPEUKEMRD,5.39,pKaH1,1,5.39,5.39,Approximate,CN1CC(=O)Cc2ccccc21
PIKGILGQDLQKPD,2.99,pKaH1,1,2.99,2.99,Approximate,Cc1nc2nc(N)nc(C)c2nc1C
PIMZGCVPOYOYGE,4.3,pKaH1,1,4.3,4.3,Approximate,CN(N)c1cccc(Br)c1
PINPOEWMCLFRRB,9.1,pKaH1,1,9.1,9.1,Uncertain,CC(N)c1ccc(Cl)cc1
PIOPKWFBKZTUMS,2.24,pKaH1,1,2.24,2.24,Approximate,Nc1cccccc1=O
PITFRAJPMICVRD,3.76,pKaH1,1,3.76,3.76,Uncertain,CCN1CCNc2c(C)nc(Cl)nc21
PIVHTROGBTZWBU,11.64,pKaH1,1,11.64,11.64,Approximate,Cn1ccc(C(C)(C)C)nc1=N
PJBCPBFLRUDLKH,10.27,pKaH1,1,10.27,10.27,Approximate,C1CCC(CNCCNCC2CCCCC2)CC1
PJEDNLOSNNXKKU,3.23,pKaH1,1,3.23,3.23,Uncertain,Nc1cccc(-c2cc(=O)c3c(ccc4ccccc43)o2)c1
PJVLLQLTHVMGHX,3.34,pKaH1,1,3.34,3.34,Approximate,Cn1nnc2c(NN)ncnc21
PJYLMJPIIRVFHB,1.08,pKaH1,1,1.08,1.08,Approximate,Cc1cnn(-c2ccc([N+](=O)[O-])cc2)c1C
PJZQBDLIOYTRCB,8.89,pKaH1,1,8.893,8.893,Approximate,CCN(CC)CCNC(=O)c1ccc(C)c(C)c1C
PKDPUENCROCRCH,7.94,pKaH1,1,7.94,7.94,Approximate,CC(=O)N1CCNCC1
PKDTYQLYIIUBDT,5.02,pKaH1,1,5.02,5.02,Approximate,CSc1ccnc(N(C)C)n1
PKDYQTANBZBIRM,7.8,pKaH1,1,7.8,7.8,Approximate,CCOP(C)(=O)SCCN(C)C
PKHKTVCHEXDIGZ,11.26,pKaH1,1,11.26,11.26,Approximate,CN(C)c1ccc(-c2cnc(=N)n(C)c2)cc1
PKORYTIUMAOPED,7.63,pKaH1,1,7.63,7.63,Approximate,c1ccc2c(c1)CNCN2
PKSSRSRVRREPTQ,3.32,pKaH1,1,3.32,3.32,Approximate,COc1ccc(-c2cnc(N)nc2)cc1
PKWAWWAGIYCBTA,11.03,pKaH1,1,11.03,11.03,Uncertain,CC1=CC(C)CCN1C
PLIBBGOFHVVAGH,6.35,pKaH1,1,6.35,6.35,Approximate,OC1NC=Nc2cnccc21
PLILKFWTAUQFAD,6.0,pKaH1,1,6.0,6.0,Uncertain,CC1=Nc2c(C)ncnc2NC1
PLOOINVUACUUSP,8.28,pKaH1,1,8.28,8.28,Uncertain,CNc1nc(N(C)C)ncc1N
PLXBWEPPAAQASG,4.2,pKaH1,1,4.2,4.2,Uncertain,CN(C)CC#N
PLYIDUZOIVEPCS,2.97,pKaH1,1,2.97,2.97,Approximate,CNc1nc(SC)nc2c1ncn2C
PLZVEHJLHYMBBY,10.62,pKaH1,1,10.62,10.62,Approximate,CCCCCCCCCCCCCCN
PMDXLTRPJKVXLA,2.6,pKaH1,1,2.6,2.6,Approximate,CCSc1ccncn1
PMEJFNBAOONAFT,4.32,pKaH1,1,4.32,4.32,Approximate,CN(N)c1ccccc1[N+](=O)[O-]
PMMZUVGCIXZLBC,9.43,pKaH1,1,9.43,9.43,Uncertain,CN1CC(C)(C)CC(C)(C)C1
PMVKNSKIASQUCS,9.77,pKaH1,1,9.77,9.77,Approximate,NCCNCc1cccs1
PNHLLAGSSXEOED,4.37,pKaH1,1,4.37,4.37,Uncertain,Cc1ncc(C#N)c(N(C)C)n1
PNMBONWGJZRFCL,5.9,pKaH1,1,5.9,5.9,Approximate,CNc1ncnc(N)c1N
PNNPCOPWRAYSQX,8.93,pKaH1,1,8.93,8.93,Approximate,CN=C(NC)N(C)C(C)=O
PNPCRKVUWYDDST,3.49,pKaH1,14,3.33,3.67,Reliable,Nc1cccc(Cl)c1
PNXKNGBNZNQGRZ,3.22,pKaH1,1,3.217,3.217,Reliable,C[N+](C)(C)c1cccc(C(=O)O)c1
POCJMDVPRFEHNI,5.03,pKaH1,1,5.03,5.03,Approximate,CSc1ncc(N)c(N)n1
PODUJTFZQFQOCL,3.66,pKaH1,1,3.66,3.66,Approximate,CSc1ncc(NC=O)c(N)n1
POKOCGWGFMPTIL,7.23,pKaH1,1,7.23,7.23,Approximate,COc1cnc(N)nc1N
POTIYWUALSJREP,11.29,pKaH1,2,11.29,11.29,Approximate,N1CCC[C@@H]2CCCC[C@@H]12
POUPCZFBDRVLNE,4.25,pKaH1,1,4.25,4.25,Approximate,Nc1ccc2nccnc2n1
PPAULTVPKLVLII,6.02,pKaH1,2,6.0,6.04,Approximate,Nc1cncnc1N
PPBONNYAAIYMMS,3.97,pKaH1,1,3.97,3.97,Approximate,CSc1nc(C)c(NC(C)=O)c(N)n1
PPBSMPOYVPZOFM,7.85,pKaH1,1,7.85,7.85,Approximate,CC(N)CC#N
PPDIERCWCKAQJY,10.1,pKaH1,1,10.1,10.1,Uncertain,C=CC(C)(C)NC(C)(C)C=C
PPHIIIRFJKDTLG,4.8,pKaH1,1,4.8,4.8,Uncertain,CC(O)c1ccccn1
PPHPMOSSIKZANY,3.5,pKaH1,1,3.5,3.5,Approximate,CC1=NN(C)C(c2ccccc2)C1
PPHQUIPUBYPZLD,6.02,pKaH1,1,6.02,6.02,Uncertain,CCN(C)c1ccccc1
PPKCJRSFKAIQMJ,7.26,pKaH1,1,7.26,7.26,Approximate,CC1=Nc2nccnc2CN1
PPKRPSYVRXOSAS,9.9,pKaH(ax-ax),1,9.9,9.9,Approximate,COC(=O)[C@H]1C[C@H](C)NC2CCCCC12 
PPQDRZRRSLDPMW,9.96,pKaH1,1,9.96,9.96,Approximate,CNc1c(C)cncc1C
PPYFMWXMDIAZSV,3.01,pKaH1,1,3.01,3.01,Approximate,Nc1ccc2c([N+](=O)[O-])cccc2c1
PQAMFDRRWURCFQ,8.0,pKaH1,1,8.0,8.0,Uncertain,CCc1ncc[nH]1
PQMCFTMVQORYJC,9.63,pKaH1,4,9.53,9.72,Approximate,N[C@H]1[C@H](CCCC1)O
PQPFFKCJENSZKL,10.42,pKaH1,1,10.42,10.42,Approximate,CCC(N)CC
PQRDGKDVGJCYNA,2.94,pKaH1,1,2.94,2.94,Approximate,COc1ncncc1-c1ccccc1
PQSMJIWHXMHTBL,10.12,pKaH1,1,10.12,10.12,Unrated,NCCC=C(Cl)Cl
PREAZHGTUOIWRL,-0.6,pKaH1,1,-0.6,-0.6,Uncertain,CCCN(C(C)=O)c1ccccc1
PRULLSXYDONINI,10.1,pKaH1,2,10.1,10.1,Uncertain,CC1CCCCC1NCCNCCNC1CCCCC1C
PSHKMPUSSFXUIA,6.98,pKaH1,2,6.98,6.99,Approximate,CN(C)c1ccccn1
PSMYYWHYRPCLTE,10.62,pKaH1,1,10.62,10.62,Approximate,Cn1cc(-c2ccc(F)cc2)cnc1=N
PSOZJOZKEVZLKZ,2.86,pKaH1,1,2.86,2.86,Approximate,Cc1coc(C)n1
PSRTWRBEEOKOFO,2.1,pKaH1,1,2.1,2.1,Uncertain,CN(C)c1ncnc2c1ncc(=O)n2C
PSXLJUKMMIHADB,1.79,pKaH1,1,1.79,1.79,Approximate,Cn1cnccc1=O
PTCUWHZWXMQWHX,10.71,pKaH1,1,10.71,10.71,Uncertain,Cn1cccnc1=N
PTMBWNZJOQBTBK,5.33,pKaH1,1,5.33,5.33,Approximate,OCc1ccncc1
PTRCJJGCSKJRIH,3.46,pKaH1,1,3.46,3.46,Uncertain,CNc1ncnc2ncc(O)nc12
PTXMYZPJBDPBKH,4.99,pKaH1,1,4.99,4.99,Approximate,O=CN1CCNc2ncncc21
PUACTIIESPYWSI,5.8,pKaH1,2,5.72,5.88,Approximate,CC(C)c1cccnc1
PUCOOPJLAXJKOO,4.9,pKaH1,1,4.9,4.9,Approximate,O=[N+]([O-])c1ccc(-n2ccnc2)cc1
PUFQVTATUTYEAL,8.85,pKaH1,1,8.85,8.85,Uncertain,CCCCOc1cc(C(=O)NCCN(CC)CC)c2ccccc2n1
PUMREIFKTMLCAF,1.07,pKaH1,1,1.07,1.07,Uncertain,Cc1cocn1
PUSLTBGSHLIPQL,10.41,pKaH1,1,10.41,10.41,Approximate,NCCNCC1CCCC1
PUXNBSLKVGCTHB,2.8,pKaH1,1,2.8,2.8,Approximate,Cn1cnc(=O)c(NCC#N)c1N
PUZRMPRFVSJRDK,4.9,pKaH1,1,4.9,4.9,Approximate,COc1cccc(N(C)N)c1
PVMNPAUTCMBOMO,3.84,pKaH1,2,3.83,3.84,Approximate,Clc1ccncc1
PVQOGQNECOHWIH,7.71,pKaH1,1,7.71,7.71,Approximate,CCc1nc(N)nc(N)c1Cc1ccc(Cl)cc1
PVRSIFAEUCUJPK,5.71,pKaH1,1,5.71,5.71,Approximate,COc1ccc(NN)cc1
PVWFPJHNWUMTLR,2.79,pKaH1,1,2.79,2.79,Approximate,CSc1nc2cncnc2n1Cc1ccccc1
PVYLCYDJIUBXHE,2.95,pKaH1,1,2.95,2.95,Uncertain,CNCc1c(CO)cnc(C)c1O
PWAJJXBGYGPJNT,3.7,pKaH1,1,3.7,3.7,Uncertain,Cc1cc(O)ccc1N=Nc1ccc2c(c1)-c1ccccc1C2
PWBADUKEIVQTGV,3.22,pKaH1,1,3.22,3.22,Approximate,CSc1cnc2ncncc2n1
PWGJDPKCLMLPJW,11.0,pKaH1,1,11.0,11.0,Uncertain,NCCCCCCCCN
PWKFUIKIRBWTLB,9.51,pKaH1,1,9.51,9.51,Approximate,Cc1ccn2c1[C@H](O)CC2
PWPFETRIYNRQCU,5.41,pKaH1,1,5.41,5.41,Approximate,Cc1ccn2cccc2c1
PWRBCZZQRRPXAB,2.82,pKaH1,2,2.81,2.84,Approximate,Clc1cccnc1
PWUKSMQFDGXHIC,10.45,pKaH1,1,10.45,10.45,Approximate,Cn1cc(-c2ccc(Cl)cc2)cnc1=N
PWVDAYXZBXAOSA,10.2,pKaH1,1,10.2,10.2,Approximate,CCCCC1CCCN1C
PWWVAXIEGOYWEE,9.01,pKaH1,3,8.65,9.1,Uncertain,CC(CN1c2ccccc2Sc2ccccc21)N(C)C
PWYOZUDBDQUBBL,7.2,pKaH1,1,7.2,7.2,Uncertain,CC(=CC(C)=Nc1ccccc1)Nc1ccccc1
PXGNKVXABBVFHH,4.1,pKaH1,2,4.1,4.105,Approximate,c1ccc(-c2cscn2)nc1
PXHHIBMOFPCBJQ,10.2,pKaH1,1,10.2,10.2,Approximate,CC1CCCN1C
PXJACNDVRNAFHD,9.7,pKaH1,1,9.7,9.7,Approximate,COc1ccccc1CN
PXKWUBBKWSETLE,2.04,pKaH1,1,2.04,2.04,Unrated,CS(=O)(=O)c1cc(N)c2ccccc2c1
PXLPCZJACKUXGP,7.2,pKaH1,1,7.2,7.2,Approximate,CCc1nc(N)nc(N)c1-c1ccc(Cl)c(Cl)c1
PXSXRABJBXYMFT,11.01,pKaH1,1,11.01,11.01,Approximate,CCCCCCNCCCCCC
PXWLVJLKJGVOKE,1.17,pKaH1,1,1.17,1.17,Approximate,Cc1c(C(C)C)c(=O)n(-c2ccccc2)n1C
PXXJHWLDUBFPOL,11.6,pKaH1,1,11.6,11.6,Uncertain,N=C(N)c1ccccc1
PYCWHXAAPOWKEE,12.02,pKaH1,1,12.02,12.02,Approximate,CCN=c1ncccn1C
PYGMPFQCCWBTJQ,3.49,pKaH1,1,3.49,3.49,Approximate,O=[N+]([O-])c1cccc2cnccc12
PYJQXOQHHSHIDJ,4.8,pKaH1,1,4.8,4.8,Uncertain,Cc1n[nH]c2c(NCc3ccco3)ncnc12
PYKBXRKECGZUIR,11.5,pKaH1,1,11.5,11.5,Approximate,C#CCc1c(C)nc(=N)n(C)c1C
PYPBAWHTDYSLKJ,4.07,pKaH1,1,4.07,4.07,Approximate,COc1ccc2cccc(N)c2c1
PZENZRNMLUTARH,4.57,pKaH1,1,4.57,4.57,Uncertain,CNc1nc(=O)n(C)cc1C
PZFYOFFTIYJCEW,11.0,pKaH1,1,11.0,11.0,Approximate,CCCCCCCCCCCCCNCCCCCCCCCCCCC
PZKHGSBVLTUVJO,4.21,pKaH1,1,4.21,4.21,Approximate,CNc1cc(OC)ncn1
PZMVSPKZURPPAE,7.06,pKaH1,1,7.06,7.06,Uncertain,C1=C(Cc2ccccc2)NCC1
PZRKPUQWIFJRKZ,6.82,pKaH1,1,6.82,6.82,Uncertain,Nc1nc(N)c(N)c(N)n1
PZSGGWSYTDQBGD,9.25,pKaH1,1,9.25,9.25,Approximate,CC(C)NCC(O)c1ccc(S(C)(=O)=O)cc1
PZVZGDBCMQBRMA,5.84,pKaH1,1,5.84,5.84,Approximate,OCCCc1ccncc1
PZZICILSCNDOKK,9.59,pKaH1,1,9.59,9.59,Approximate,NCC(N)CN
QACWBJAETSFLJV,5.56,pKaH1,1,5.56,5.56,Approximate,Nc1nc2ncnc(N)c2nc1N
QAQWFIHIZBEXFD,2.9,pKaH1,1,2.9,2.9,Approximate,CN(N)c1cccc(C(=O)O)c1
QARRCHMPOZWNED,11.21,pKaH1,1,11.21,11.21,Approximate,CC1CCCC(C)(C)N1
QATFIDKHZLEBGA,11.05,pKaH1,1,11.05,11.05,Approximate,Cc1ccn(C)c(=N)n1
QAXCWBIVFCEYGG,3.15,pKaH1,1,3.15,3.15,Approximate,Cn1cnc(=O)c2ccccc21
QAXVOKZAUINJKO,3.98,pKaH1,1,3.98,3.98,Approximate,CNc1nc(Cl)cc(N(C)C)n1
QBBXLIVSOJXYTG,0.83,pKaH1,1,0.83,0.83,Uncertain,Cc1ccccc1NC1CCc2ccccc21
QCCWMBPVBBDISJ,4.07,pKaH1,1,4.07,4.07,Uncertain,CN1C(=N)SC(c2ccccc2)C1=O
QCHFTSOMWOSFHM,6.94,pKaH1,2,6.87,7.0,Approximate,CC[C@@H]1C(=O)OC[C@@H]1Cc1cncn1C
QCHNYDUBRVXRHJ,7.63,pKaH1,1,7.63,7.63,Approximate,NC(=O)[C@@H](N)Cc1cn(Cc2ccccc2)cn1
QCIFLGSATTWUQJ,5.3,pKaH1,2,5.25,5.36,Approximate,CNc1ccc(C)cc1
QCJVDXMGGFIJEP,-3.4,pKaH1,1,-3.4,-3.4,Uncertain,Clc1ccc2cccccc1-2
QCNKANMXWVTKBH,4.18,pKaH1,1,4.18,4.18,Approximate,CC(C)Nc1ncnc2c1cnn2C
QCOGKXLOEWLIDC,10.9,pKaH1,1,10.9,10.9,Approximate,CCCCNC
QCSKSRVVPACJEC,2.74,pKaH1,1,2.74,2.74,Approximate,CNc1ccc([N+](=O)[O-])cn1
QCXAZPBETOAZBK,9.59,pKaH1,1,9.59,9.59,Approximate,CC(C)c1cnccc1N
QCXGJTGMGJOYDP,5.65,pKaH1,1,5.65,5.65,Approximate,Cc1cccc2[nH]cnc12
QDAQJKFQQPKKSZ,4.13,pKaH1(eq),1,4.13,4.13,Approximate,Cc1nc(C(N)=O)c2cc(F)ccc2n1
QDBLYPSGOQYQBA,6.61,pKaH1,1,6.61,6.61,Uncertain,CN(C)CC#CC#Cc1ccc(Cl)cc1
QDEJQTTZZROSHU,3.39,pKaH1,1,3.39,3.39,Approximate,Cc1nc2cnc(N)nc2nc1C
QDGHXQFTWKRQTG,4.55,pKaH1,1,4.55,4.55,Approximate,NNc1ncccn1
QDUFIRNUCDGRCA,4.54,pKaH1,1,4.54,4.54,Approximate,Cc1nc(N)nc(C)c1-c1ccc([N+](=O)[O-])cc1
QDUJVEOOSNUDDW,2.63,pKaH1,1,2.63,2.63,Approximate,Nc1cnc(Cl)nc1N
QDYTUZCWBJRHKK,6.46,pKaH1,2,6.385,6.54,Reliable,OCc1c[nH]cn1
QEHVRGACCVLLNN,-0.72,pKaH1,1,-0.72,-0.72,Uncertain,COc1ccc([N+](=O)[O-])c(N)c1
QEIRYIILFUVXAM,3.02,pKaH1,1,3.02,3.02,Approximate,Nc1ccc(Cl)nc1N
QELMSFFFPUPLBM,7.5,pKaH1,1,7.5,7.5,Uncertain,CCOc1ccc2c(N)c3cc([N+](=O)[O-])ccc3nc2c1
QENWAEWTEWRKJN,3.41,pKaH1,1,3.41,3.41,Approximate,Nc1cc(I)c2ccccc2c1
QETKZJMZDPJBOZ,6.03,pKaH1,1,6.03,6.03,Approximate,Nc1ncc(NC=O)c(N)n1
QEWONZQIQAAOGH,9.62,pKaH1,1,9.62,9.62,Approximate,CC(=O)CCCCN(C)C
QFKMMXYLAPZKIB,10.63,pKaH1,1,10.63,10.63,Approximate,CCCCCCCCCCCN
QFLLABOTLITCPP,9.53,pKaH1,1,9.53,9.53,Approximate,Cc1cncc(C)c1N
QFLOQNXVGYPQLL,3.24,pKaH1,1,3.24,3.24,Approximate,Nc1cc2cc(Cl)ccc2nn1
QFVDKARCPMTZCS,9.36,pKaH1,1,9.36,9.36,Uncertain,CN(C)c1ccc(C(O)(c2ccc(N(C)C)cc2)c2ccc(N(C)C)cc2)cc1
QGCLEUGNYRXBMZ,9.22,pKaH1,1,9.22,9.22,Uncertain,CC(N)c1ccc(F)cc1
QGLAYJCJLHNIGJ,3.54,pKaH1,1,3.54,3.54,Uncertain,Cc1cc(Br)cc(C)c1N
QGQBNZULKNZPOJ,8.26,pKaH1,1,8.26,8.26,Approximate,CC(C)c1cnccc1N(C)C
QHCCOYAKYCWDOJ,6.22,pKaH1,2,6.18,6.27,Approximate,CCc1nc2ccccc2[nH]1
QHHPPKHDJVVPQH,3.07,pKaH1,1,3.07,3.07,Approximate,COc1ncnc2ccccc12
QHIRMRGUZBFBJJ,3.42,pKaH1,1,3.42,3.42,Approximate,COc1ccc(N)ccc1=O
QHNJOFKWXBZRJV,3.83,pKaH1,1,3.83,3.83,Unrated,CN1CCOC(CCN(Cc2ccccc2)Cc2ccccc2)C1
QHRSESMSOJZMCO,2.92,pKaH1,1,2.92,2.92,Approximate,Cc1cc(-c2ccccc2)[nH]n1
QHVWNEPCWNCEJF,0.15,pKaH1,1,0.15,0.15,Approximate,CCOC(=O)CNc1cccc(C#N)c1
QHXHNKUCTFNNAY,6.18,pKaH1,1,6.18,6.18,Approximate,Nc1cc(N)c2cccnc2n1
QICABJKBSHCINA,1.24,pKaH1,1,1.24,1.24,Approximate,Cc1c(C)n(C)n(-c2ccccc2)c1=O
QIGLJVBIRIXQRN,7.62,pKaH1,2,7.57,7.66,Approximate,CCOC(=O)[C@@H](N)CC(C)C
QIHKRKFMGSJDFD,10.66,pKaH1,3,10.38,10.83,Uncertain,CCCCNC(N)CC
QIJIUJYANDSEKG,10.78,pKaH1,2,10.73,10.84,Approximate,CC(C)(C)CC(C)(C)N
QIQNNBXHAYSQRY,9.16,pKaH1,1,9.16,9.16,Approximate,COC(=O)[C@@H]1[C@H]2CC[C@@H](C[C@@H]1O)N2C
QIWOPTPFRIJINT,9.44,pKaH1,1,9.439,9.439,Approximate,CN(C)CCN1CCCC1
QJAIOCKFIORVFU,0.67,pKaH1,3,0.607,0.92,Reliable,CN(C)c1ccc([N+](=O)[O-])cc1
QJHOHDKABVJMEC,6.1,pKaH1,1,6.1,6.1,Approximate,Cc1cccc(CCO)n1
QJIUMVUZDYPQRT,3.58,pKaH1,2,3.55,3.6,Approximate,Nc1cc(Cl)nc(N)n1
QJIWUPJCGOTRMI,1.53,pKaH1,1,1.53,1.53,Uncertain,CCc1n[nH]cc1Br
QJLODAMETRALGB,4.83,pKaH1,1,4.83,4.83,Approximate,Cc1c(N)ccc2c1-c1ccccc1C2
QJOOAYNGBFWLGA,2.77,pKaH1,1,2.77,2.77,Approximate,CCN(CC[N+]1(C)CCCCC1)c1ccccc1
QJOZVFVYWDYYKH,7.91,pKaH1,1,7.91,7.91,Approximate,Cc1cccc2nc(N)c3cccc(C)c3c12
QJUDOWTXDHATJE,9.1,pKaH1,1,9.1,9.1,Approximate,CN=C(N(C)C)N(C)C(C)=O
QJXOPHCQGWRCML,6.47,pKaH1,1,6.47,6.47,Uncertain,CNc1nc(N(C)C)ncc1Br
QKAVREGFSUASSA,4.17,pKaH1,1,4.17,4.17,Uncertain,CCc1ccc(C)nn1
QKTUQJBZJGHDHE,2.2,pKaH1,1,2.2,2.2,Unrated,C[NH+]1CCCCC1CCN(CC1CCCCC1)c1ccccc1
QKVSMSABRNCNRS,7.82,pKaH1,1,7.82,7.82,Uncertain,CC(C)CN1CCOCC1
QKWMSUKXRWOBRU,6.23,pKaH1,1,6.23,6.23,Uncertain,CN(C)c1ccc(C(O)(c2ccc(N(C)C)cc2)c2cccc(Br)c2)cc1
QLAVENGQJHGQPF,1.55,pKaH1,1,1.55,1.55,Approximate,CNc1nc(SC)nc(NC)c1[N+](=O)[O-]
QLILRKBRWXALIE,0.98,pKaH1,2,0.77,1.18,Approximate,O=[N+]([O-])c1cccnc1
QLIOXRPNGUADBG,9.37,pKaH1,1,9.37,9.37,Approximate,CNc1cnccc1N
QLNJFJADRCOGBJ,-0.49,pKaH1,1,-0.49,-0.49,Approximate,CCC(N)=O
QLPKTAFPRRIFQX,5.58,pKaH1,2,5.58,5.59,Approximate,c1ccc(-c2cccs2)nc1
QMALXUXQOKCSRB,4.21,pKaH1,1,4.21,4.21,Approximate,Nc1ccc(-c2cnc(N)nc2)cc1
QMCXTJDFPDFCFK,1.22,pKaH1,1,1.22,1.22,Unrated,CN1CCOC(CCN(Cc2ccccc2)c2ccccc2)C1
QMGVPVSNSZLJIA,8.26,pKaH1,1,8.26,8.26,Approximate,O=C1C[C@@H]2OCC=C3CN4CC[C@]56c7ccccc7N1[C@H]5[C@H]2[C@H]3C[C@H]46
QMHIMXFNBOYPND,3.15,pKaH1,4,3.07,3.16,Reliable,Cc1cscn1
QMHWFKGHIYSRNL,3.07,pKaH1,1,3.07,3.07,Unrated,CS(=O)(=O)c1cccc2cc(N)ccc12
QMIKQQJCEQKIMV,8.1,pKaH1,1,8.1,8.1,Uncertain,CN1CCN(C(c2ccccc2)c2cccc(Cl)c2)CC1
QMTADOXIIGLFLQ,11.12,pKaH1,1,11.12,11.12,Approximate,CN=c1ncccn1Cc1ccccc1
QMVCLSHKMIGEFN,7.82,pKaH1,1,7.82,7.82,Uncertain,NNc1ccc2ccccc2n1
QMXYWTRTKVSGPG,2.43,pKaH1,1,2.43,2.43,Approximate,Nc1cc([N+](=O)[O-])c2ccccc2c1
QNBOLLYOPCWBRB,4.1,pKaH1,1,4.1,4.1,Approximate,CCCON=Cc1cccnc1
QNIVIMYXGGFTAK,10.28,pKaH1,1,10.28,10.28,Uncertain,CC(C)CCCC(C)N
QOFLOIOTQFYZFB,5.34,pKaH1,1,5.34,5.34,Unrated,Cc1ccccc1NC1CCCCC1
QOHMWDJIBGVPIF,10.44,pKaH1,3,10.37,10.56,Uncertain,CCN(CC)CCCN
QOOYINFPEBENIL,2.66,pKaH1,1,2.66,2.66,Approximate,Cc1cnc2nc(N)nc(C)c2n1
QOZOFODNIBQPGN,10.7,pKaH1,2,10.67,10.73,Uncertain,C[C@@H]1NCC[C@@H](C1)C
QPHBCOSULYSASF,7.62,pKaH1,1,7.62,7.62,Approximate,COc1ccnc(N)c1
QPOPMEKTSLGJIQ,7.78,pKaH2,1,7.78,7.78,Unrated,CC(C)C[C@@H](C(=O)NCC(=O)O)N(C)C
QPQKUYVSJWQSDY,2.86,pKaH1,2,2.82,2.9,Approximate,Nc1ccc(/N=N/c2ccccc2)cc1
QPTCTVOXKWLOJE,9.71,pKaH1,1,9.71,9.71,Uncertain,CCCCN(C)C1CCc2ccccc2C1
QQESVQXBPBHHBD,9.08,pKaH1,1,9.083,9.083,Approximate,CCN(CC)CCNC(=O)c1ccc(C)cc1
QRHOUCNJONVMBI,6.72,pKaH1,1,6.72,6.72,Uncertain,CN(C)C(C)(C)C#CC#Cc1ccc(Cl)cc1
QRJZGVVKGFIGLI,10.77,pKaH1,1,10.77,10.77,Uncertain,N=C(N)Nc1ccccc1
QRQKCMFVJWNKQI,6.65,pKaH1,1,6.65,6.65,Approximate,C1CN(CCN2CCOCC2)CCO1
QRVKJRSCJZTUEU,8.65,pKaH1,1,8.65,8.65,Approximate,CC1=Nc2ccc(C)cc2C(O)N1
QSCDISPKCBTNDK,2.28,pKaH1,1,2.28,2.28,Uncertain,O=C1CC(c2ccccc2)NN1
QSFZKIMFGVIDLY,3.13,pKaH1,1,3.13,3.13,Approximate,Cn1nc2cncnc2n1
QSNSCYSYFYORTR,3.98,pKaH1,13,3.82,4.15,Reliable,Nc1ccc(Cl)cc1
QSTKQWKOXHPARV,-1.5,pKaH1,1,-1.5,-1.5,Unrated,C[NH+]1CCCCC1CCN(c1ccccc1)c1ccccc1
QSUCQAULQIAOEP,9.51,pKaH1,1,9.51,9.51,Approximate,CNCC(O)c1ccc(OC)c(OC)c1
QTCWUKHCESLQPD,3.8,pKaH1,1,3.8,3.8,Approximate,CCc1ccc(N(CC[N+]2(C)CCCCC2)C2CCCCC2)cc1
QTFWSECXGZLFQY,3.77,pKaH1,1,3.77,3.77,Approximate,C=CCNc1nc(C)c2nc(C)c(C)nc2n1
QTHYHHMUBOJGJH,6.0,pKaH1,1,6.0,6.0,Approximate,O=[N+]([O-])c1cccc2c1N=CNC2O
QTQWMSOQOSJFBV,10.16,pKaH1,2,10.13,10.2,Approximate,CCN(CC)CCCC(C)Nc1cc(OC)cc2cccnc12
QUBFAMLBQRZECV,2.64,pKaH1,1,2.64,2.64,Approximate,CCSc1nc(C)c2ncn(C)c2n1
QUDXEIXJEGFEKM,3.28,pKaH1,1,3.28,3.28,Approximate,Cc1nc2ccncc2nc1C
QUIBJVYXBIDGKY,7.66,pKaH1,1,7.66,7.66,Approximate,COC1c2ccccc2N=CN1C
QUIKQBNBFYGSQZ,6.7,pKaH1,1,6.7,6.7,Approximate,Nc1ncc(-c2cccc(Cl)c2)c(N)n1
QUMQOAFYZWZFOS,1.84,pKaH1,1,1.84,1.84,Uncertain,COc1ccc(SC)nn1
QUPKCFBHJFNUEW,11.05,pKaH1,1,11.05,11.05,Approximate,CCC1=NCCN1
QURBTAPQPXENJD,5.26,pKaH1,3,5.191,5.321,Reliable,CC1=NCC(C)S1
QUSNBJAOOMFDIB,10.75,pKaH1,7,10.6,10.807,Reliable,CCN
QUSOBKIKODRYSH,1.98,pKaH1,2,1.95,2.0,Approximate,CC(C)(C)n1cccn1
QVDVENIYNXDSOK,3.65,pKaH1,1,3.65,3.65,Approximate,CON(C)C
QVDXUKJJGUSGLS,7.62,pKaH1,2,7.62,7.63,Approximate,COC(=O)[C@@H](N)CC(C)C
QVOKLMUIDYYXJU,8.9,pKaH1,1,8.9,8.9,Uncertain,CCCCCN(CCO)CC(C)O
QVSVMNXRLWSNGS,9.04,pKaH1,1,9.04,9.04,Approximate,NCc1cccc(F)c1
QVXHURRSEYIZKN,4.78,pKaH1,1,4.78,4.78,Unrated,Cc1ccccc1[N+](C)(C)[O-]
QWAGALBSTFENEE,4.36,pKaH1,1,4.36,4.36,Approximate,Nc1cccc2cc3ccccc3nc12
QWCQGWLWMUMIGP,9.54,pKaH1,1,9.54,9.54,Approximate,CCCCNC(O)c1ccc(OCCCC)c(OC)c1
QWNBAYXVUGENHL,4.02,pKaH1,1,4.02,4.02,Uncertain,CN(C)c1ncnc2c1cnn2C
QWOXSTGOGUNUGF,10.2,pKaH1,1,10.2,10.2,Approximate,OCC1CCN2CCC(O)C12
QWQNEZWWSDRHIZ,9.68,pKaH1,1,9.68,9.68,Uncertain,CCN(CC)CCC(C(=N)Nc1ccccc1)c1ccccc1
QXDAEKSDNVPFJG,9.27,pKaH1,1,9.27,9.27,Uncertain,CCOc1ccc(N=C(C)Nc2ccc(OCC)cc2)cc1
QXDGYPYRIWJPSM,9.62,pKaH1,1,9.62,9.62,Approximate,CCN(CC)CCOCN(C)C
QXDPBVZHDZDTGK,3.62,pKaH1,1,3.62,3.62,Uncertain,COc1nc(N)c2cnn(C)c2n1
QXIHSDZMLQXGLO,0.4,pKaH1,1,0.4,0.4,Approximate,Cc1ccc2c(C)[n+]([O-])cnc2c1
QXIPZAPBGWATGS,6.34,pKaH1,1,6.34,6.34,Approximate,CN(C)c1cc(N(C)C)ncn1
QXKPLNCZSFACPU,5.02,pKaH1,1,5.02,5.02,Uncertain,Cc1ccc2ccc(C)nc2c1
QXLHHIDGHMKNCD,3.41,pKaH1,1,3.41,3.41,Approximate,O=NCNc1c2ccccc2nc2ccccc12
QXUOQKPCYJLGSJ,4.13,pKaH1,1,4.13,4.13,Uncertain,CC1=Nc2c(nc(N)n(C)c2=O)NC1(C)C
QXVJMCORVAGFML,4.62,pKaH1,1,4.62,4.62,Approximate,CN(N)c1ccc(Br)cc1
QYFYIOWLBSPSDM,4.07,pKaH1,1,4.07,4.07,Approximate,Nc1ccc2c(O)cccc2c1
QYIMZXITLDTULQ,4.9,pKaH1,1,4.9,4.9,Uncertain,Cc1cc(N)ccc1-c1ccc(N)cc1C
QYZHJDFLFSYVET,9.49,pKaH1,1,9.49,9.49,Approximate,CC(C)NCC(O)c1cccc(-c2ccccc2)c1
QZIVTSHQTWUMNU,9.0,pKaH1,1,9.0,9.0,Uncertain,C#CC(C)(C)NC(C)(C)CC
QZMGIRFTPNSHNZ,2.38,pKaH1,1,2.38,2.38,Approximate,FC(F)(F)c1cccc2cncnc12
QZVQQUVWFIZUBQ,3.5,pKaH1,7,3.39,3.66,Approximate,Nc1cccc(F)c1
QZWMYBWMOFESDA,9.21,pKaH1,1,9.21,9.21,Approximate,CC(C=C(c1ccccc1)c1ccccc1)N(C)C
RAEDGXBJMNROQQ,0.14,pKaH1,1,0.14,0.14,Uncertain,Cc1cc[n+](-c2nc(O)nc(O)c2[N+](=O)[O-])cc1
RAEVOBPXEHVUFY,8.5,pKaH1,1,8.5,8.5,Uncertain,CC(N)c1ccc([N+](=O)[O-])cc1
RAFIUOCQESIEPE,3.39,pKaH1,1,3.39,3.39,Approximate,Nc1cccc(SC(F)(F)C(F)F)c1
RAIPHJJURHTUIC,5.34,pKaH1,2,5.322,5.36,Reliable,Nc1nccs1
RAOXQTRNOCTXKZ,10.23,pKaH1,1,10.23,10.23,Uncertain,c1ccc(C2CN3CCC2CC3)cc1
RAPMRHUHGAGZEN,4.71,pKaH1,1,4.71,4.71,Approximate,CSc1ccc2ncccc2c1
RAQDALKGEDGHRY,12.32,pKaH1,2,11.94,12.7,Approximate,Cn1cnc(N)cc1=N
RAUWPNXIALNKQM,2.61,pKaH(2-NH2),1,2.61,2.61,Approximate,Nc1ccc([N+](=O)[O-])cc1N
RBKHNGHPZZZJCI,2.17,pKaH1,3,2.12,2.24,Reliable,Nc1ccc(C(=O)c2ccccc2)cc1
RBMUAGDCCJDQLE,10.42,pKaH1,2,10.35,10.48,Approximate,CC(C)C1CC[C@H](C)C[C@H]1N
RBOOBZAJMOATAV,7.4,pKaH1,1,7.4,7.4,Approximate,Cc1nc(N)nc(N)c1-c1ccccc1
RBOXVHNMENFORY,8.75,pKaH1,1,8.75,8.75,Approximate,COc1ccc2c3c1O[C@H]1[C@@H](O)CC[C@H]4[C@@H](C2)N(C)CC[C@@]341
RBRDGITXZMHZRO,7.47,pKaH1,1,7.47,7.47,Uncertain,CCSc1ccc2c(c1)N=CNC2O
RBXKSORRZFOALP,4.79,pKaH1,1,4.79,4.79,Approximate,CCCON=Cc1ccncc1
RBXUXMFZVRCGCX,6.15,pKaH1,1,6.15,6.15,Approximate,O=[N+]([O-])c1ccc2c(c1)N=CNC2O
RBYGPJJCBGSJJW,1.48,pKaH1,1,1.48,1.48,Approximate,CC(=O)NN1C=C2OC(C)N=C2N(NC(C)=O)C1
RCEPLTXOUTUECF,5.14,pKaH1,1,5.14,5.14,Approximate,CCCNc1nc(C)cc(C)n1
RCUYJUQAOKVDKZ,6.91,pKaH1,1,6.91,6.91,Approximate,Nc1ccc2cc3cc(Cl)ccc3nc2c1
RCZLVPFECJNLMZ,9.96,pKaH1,2,9.75,10.18,Approximate,CCN(CC)CCCN(CC)CC
RDOWQLZANAYVLL,4.48,pKaH1,3,4.47,4.61,Approximate,c1ccc2c(c1)cnc1ccccc12
RDRXUSUVAHDVRJ,7.06,pKaH1,1,7.06,7.06,Approximate,NC(=NO)C(N)Cc1ccccc1
REFGXLSOFBWGAQ,6.03,pKaH1,1,6.03,6.03,Unrated,CCC(C)N(C)c1ccccc1
REYFJDPCWQRWAA,10.08,pKaH1,4,9.99,10.13,Approximate,c1ccc(CN(CC2=NCCN2)c2ccccc2)cc1
REYJJPSVUYRZGE,10.6,pKaH1,1,10.6,10.6,Approximate,CCCCCCCCCCCCCCCCCCN
RFAOZTGOURAIRL,6.6,pKaH1,1,6.6,6.6,Approximate,Nc1cnc(CCc2ccccc2)nc1N
RFCHXXFHULMCDW,2.57,pKaH1,1,2.57,2.57,Approximate,CCOC(=O)CNc1ccc(C)cc1
RFKNDRWCBBUQAB,9.99,pKaH1,1,9.99,9.99,Approximate,CC(N)CCCc1ccccc1
RFLMKPLHWAENSE,3.86,pKaH1,1,3.86,3.86,Approximate,Cn1cnc2c([N+](=O)[O-])cccc21
RFMZXJLBZQRYNI,2.63,pKaH1,1,2.63,2.63,Approximate,CN(N)c1ccccc1C(=O)O
RFQDDXWZZVRLKO,5.01,pKaH1,1,5.01,5.01,Approximate,c1ccc2cc3ncccc3cc2c1
RFSFFVMXAWIPCO,10.0,pKaH1,1,10.0,10.0,Uncertain,CCN(CC)CCCNc1ccnc2ccccc12
RFXUVQZRJWPTLS,7.77,pKaH1,1,7.77,7.77,Uncertain,OC1NC=Nc2ccccc21
RGCVKNLCSQQDEP,7.8,pKaH1,1,7.8,7.8,Uncertain,OCCN1CCN(CCCN2c3ccccc3Sc3ccc(Cl)cc32)CC1
RGDQRXPEZUNWHX,7.48,pKaH1,1,7.48,7.48,Approximate,Cc1cccnc1N
RGJAMPWRUDMGEK,7.13,pKaH1,1,7.13,7.13,Approximate,CC1=Nc2ccc(F)cc2C(O)(C(N)=O)N1
RGNRKJMBGMMUFR,5.42,pKaH1,1,5.42,5.42,Approximate,COc1ccccc1N(C)N
RGPINXVRWXCURK,6.1,pKaH1,1,6.1,6.1,Approximate,CNc1ncc(Br)c(N(C)C)n1
RGTXVXDNHPWPHH,10.5,pKaH1,1,10.5,10.5,Approximate,CC(N)CCN
RGXHFNJJWXTYFT,2.79,pKaH1,1,2.79,2.79,Approximate,c1ccc(-c2cncs2)nc1
RGXUCUWVGKLACF,9.39,pKaH1,2,9.33,9.45,Approximate,Cc1cccc(CN)c1
RHHKINQVBXEPLN,9.3,pKaH1,1,9.3,9.3,Uncertain,COc1ccc2nccc(CC3CCCCN3O)c2c1
RHMRIRCVYOVJRE,-2.51,pKaH1,1,-2.51,-2.51,Uncertain,CN(C)c1c([N+](=O)[O-])cc([N+](=O)[O-])c2ccccc12
RHPBLLCTOLJFPH,9.58,pKaH1,2,9.46,9.7,Uncertain,NCC1CCCCN1
RHQTYDDJBYBCQV,4.71,pKaH1,1,4.71,4.71,Approximate,Nc1ccc2nc3ccccc3nc2c1
RHUYHJGZWVXEHW,7.21,pKaH1,1,7.21,7.21,Uncertain,CN(C)N
RIILIWCQZBSEIQ,3.93,pKaH1,1,3.93,3.93,Approximate,NCCCC([N+](=O)[O-])[N+](=O)[O-]
RIKMMFOAQPJVMX,3.09,pKaH1,1,3.09,3.09,Approximate,Cc1cn[nH]c1
RIMUCHLUUKMIPG,-1.29,pKaH1,1,-1.29,-1.29,Uncertain,Cn1c(N)nc(N[C@@H]2O[C@H](CO)[C@@H](O)[C@H](O)[C@H]2O)c([N+](=O)[O-])c1=O
RINGMELOOTUDIA,4.82,pKaH1,3,4.75,4.82,Uncertain,CN(C)c1ccc(C(O)(c2ccccc2)c2ccccc2)cc1
RIRRKAHGQVSHCI,4.72,pKaH1,1,4.72,4.72,Approximate,CNc1ncc(-c2ccc(N(C)C)cc2)cn1
RISOHYOEPYWKOB,2.3,pKaH1,1,2.3,2.3,Approximate,Cc1n[nH]c(C)c1Br
RITUGMAIQCZEOG,6.21,pKaH1,1,6.21,6.21,Approximate,CC(C)c1nc2ccccc2[nH]1
RIVJAEWJKBJWRF,3.44,pKaH1,1,3.44,3.44,Unrated,CC(C)(C)Sc1ccc(N)cc1
RIWRFSMVIUAEBX,9.56,pKaH1,3,9.54,9.59,Approximate,CNCc1ccccc1
RJMJGSPNBDMUAE,3.59,pKaH1,1,3.59,3.59,Approximate,CNc1ncc(-c2ccc(C)cc2)cn1
RJPLGQTZHLRZGX,8.8,pKaH1,1,8.8,8.8,Uncertain,CC(N)c1ccccc1Cl
RJSRSRITMWVIQT,5.59,pKaH1,1,5.59,5.59,Approximate,Nc1ccc2ncccc2c1
RJTZQPTVNWCDBI,8.31,pKaH1,2,8.28,8.34,Approximate,c1ccc(CNCCNCc2ccccn2)nc1
RKMGAJGJIURJSJ,11.12,pKaH1,2,11.07,11.18,Approximate,CC1(C)CCCC(C)(C)N1
RKUNBYITZUJHSG,9.68,pKaH1,1,9.68,9.68,Uncertain,CN1[C@@H]2CC[C@H]1C[C@@H](OC(=O)[C@H](CO)c1ccccc1)C2
RKXHTOXSEZOHMO,6.79,pKaH1,1,6.79,6.79,Approximate,Nc1ncc(Nc2ccccc2)c(N)n1
RKYZUYQFTGLAOX,2.56,pKaH1,2,2.54,2.59,Uncertain,Cc1cc(N)cc(C)c1[N+](=O)[O-]
RLATYNCITHOLTJ,9.26,pKaH1,1,9.257,9.257,Unrated,CN(C)CC(O)c1ccc(O)c(O)c1
RLCJCPVUTSQNQD,2.63,pKaH1,1,2.63,2.63,Approximate,CC(=O)Nc1ncc2nccnc2n1
RLESKUICFPMLGY,4.23,pKaH1,1,4.23,4.23,Approximate,CC(C)(C)Nc1ncccn1
RLFWWDJHLFCNIJ,4.2,pKaH1,4,4.108,4.258,Approximate,Cc1c(N)c(=O)n(-c2ccccc2)n1C
RLGZWWJLIPEADI,-0.94,pKaH1,1,-0.94,-0.94,Uncertain,CNc1cc(O)ccc1[N+](=O)[O-]
RLHLKRQJVSVNIQ,10.08,pKaH1,1,10.08,10.08,Approximate,CCN(CC)CCCCC#N
RLJUZSQHQRIUSG,9.69,pKaH1,1,9.69,9.69,Approximate,COc1ccccc1C(O)CNC(C)C
RLKRUFQJCJEZPP,6.2,pKaH1,1,6.2,6.2,Uncertain,CCCCCCCCCCCCN(CC(C)O)CC(O)CC
RLLFPTUFSDYAOM,9.89,pKaH1,1,9.89,9.89,Uncertain,CC1(C)CC(Nc2ccccc2)=CC(=Nc2ccccc2)C1
RLRUFVCEQGNXLX,4.14,pKaH1,1,4.14,4.14,Uncertain,Cn1nc(-c2ccccc2)sc1=Nc1ccccc1
RLTYJHXKULGJJW,6.65,pKaH1,1,6.65,6.65,Uncertain,C#CC(C)(C)N(C)C(C)(C)C#C
RLVQPOCMRIZVPT,3.87,pKaH1,1,3.87,3.87,Approximate,CNc1nc(C)nc(SC)c1NC=O
RLWXJUVNDIXJMK,3.92,pKaH1,1,3.92,3.92,Uncertain,CCOC(=O)c1ncnc2c1NC1SCCSC1N2
RLXNMHYUCLAIFM,8.74,pKaH1,1,8.74,8.74,Approximate,CCN(CC)Cc1ccccn1
RLYUNPNLXMSXAX,3.1,pKaH1,3,3.03,3.115,Reliable,Cc1cncs1
RMAHPRNLQIRHIJ,9.72,pKaH1,1,9.72,9.72,Approximate,COC(=N)N
RMBUNFHCGLJEEO,9.0,pKaH1,1,9.0,9.0,Uncertain,CCCCCCN(CCO)CC(C)O
RMDCSDVIVXJELQ,4.25,pKaH1,1,4.25,4.25,Uncertain,Fc1ccc2ncccc2c1
RMFKWBDKADLCFY,9.0,pKaH1,1,9.0,9.0,Uncertain,Cn1cccc([N+](=O)[O-])c1=N
RMHQDKYZXJVCME,4.77,pKaH1,1,4.77,4.77,Approximate,c1ccc(-c2ccncc2)nc1
RMIFLIVHJLREFJ,-1.48,pKaH1,1,-1.48,-1.48,Uncertain,Nc1cc(Br)ccc1[N+](=O)[O-]
RMMXTBMQSGEXHJ,4.92,pKaH1,4,4.87,4.987,Approximate,Cc1c(N(C)C)c(=O)n(-c2ccccc2)n1C
RNAAXKYOTPSFGV,3.41,pKaH1,1,3.41,3.41,Uncertain,Fc1cccc2cccnc12
RNFRFPSSWGWDKI,7.76,pKaH1,1,7.76,7.76,Approximate,c1ccc2c(c1)C1CCN2CC1
RNQWTFCKILAQKZ,8.2,pKaH1,1,8.2,8.2,Uncertain,C#CC(C)(C)NC(C)(C)C=C
RNVCVTLRINQCPJ,4.43,pKaH1,12,4.36,4.541,Reliable,Cc1ccccc1N
ROBXZHNBBCHEIQ,7.74,pKaH1,1,7.74,7.74,Approximate,CCOC(=O)[C@H](C)N
ROFVEXUMMXZLPA,4.39,pKaH1,10,4.19,4.51,Approximate,c1ccc(-c2ccccn2)nc1
ROHALBQKQIGQKK,1.81,pKaH1,1,1.81,1.81,Uncertain,CC(=O)C(O)[C@H]1O[C@@H](Oc2cnc3cnc(N(C)C)nc3n2)[C@@](O)(C(C)=O)[C@](O)(C(C)=O)[C@@]1(O)C(C)=O
ROHKEOWBTVERNT,7.0,pKaH1,1,7.0,7.0,Uncertain,CN(C)C(C)(C)C#CC#Cc1ccccc1
ROSDSFDQCJNGOL,10.77,pKaH1,4,10.63,10.922,Reliable,CNC
ROUXTDYIQSLWBU,9.89,pKaH1,1,9.89,9.89,Approximate,CCc1cnccc1NC
RPDAPRWXVMJJSE,5.38,pKaH1,1,5.38,5.38,Uncertain,Nc1ccc(C(O)(c2ccccc2)c2ccc(N)cc2)cc1
RPNUMPOLZDHAAY,9.94,pKaH1,11,9.65,10.15,Approximate,NCCNCCN
RPTKRGHYKSBDJL,4.16,pKaH1,1,4.16,4.16,Approximate,O=[N+]([O-])c1ccc2ncncc2c1
RPTUSVTUFVMDQK,7.25,pKaH1,1,7.25,7.25,Uncertain,NNc1nncc2ccccc12
RPVPIHWYAHDAML,9.48,pKaH1,1,9.48,9.48,Approximate,CNC1=NCCC(=O)N1C
RQBISTPBQULBOF,2.6,pKaH1(eq),1,2.6,2.6,Approximate,Cc1nc(C)c2nc(C)c(C)nc2n1
RQEUFEKYXDPUSK,9.22,pKaH1,2,9.08,9.35,Approximate,CC(N)c1ccccc1
RQKFYFNZSHWXAW,4.05,pKaH1,1,4.05,4.05,Uncertain,Cc1ccc(N)cc1Cl
RQMWVVBHJMUJNZ,5.7,pKaH1,1,5.7,5.7,Approximate,Nc1cc(Cl)ccn1
RQPDLNSKAAOHTF,10.24,pKaH1,2,10.16,10.31,Approximate,N1CCC[C@@H]2NCCC[C@@H]12
RRFRPXRECQBZSB,5.42,pKaH1,1,5.42,5.42,Approximate,CCCc1c(C)nc(N)nc1C
RRFWZFGPIGGJGQ,6.6,pKaH1,1,6.6,6.6,Uncertain,CCCCCCCCCCN(CC(O)CC)CC(O)CC
RRKTZKIUPZVBMF,8.28,pKaH1,1,8.28,8.28,Approximate,COc1cc2c(cc1OC)[C@@]13CCN4CC5=CCO[C@H]6CC(=O)N2[C@H]1[C@H]6[C@H]5C[C@H]43
RRLLTSQVXCPJDA,1.6,pKaH1,1,1.6,1.6,Uncertain,Cc1n[nH]c(N(C)C)nc1=O
RRNWXJAWRPITPU,4.64,pKaH1,1,4.64,4.64,Approximate,CN(N)c1ccc(Cl)cc1
RRXMFAUGACOEAH,9.45,pKaH1,1,9.45,9.45,Uncertain,CC1=CCN(C)CC1
RRZQKMNEFFETPA,4.41,pKaH1,1,4.41,4.41,Approximate,CNc1nc(C)c(-c2ccc([N+](=O)[O-])cc2)c(C)n1
RSEUOMWVYSLIKM,5.45,pKaH1,3,5.4,5.47,Uncertain,CC(C)=CN1CCOCC1
RSFSUBQOZSKHFU,4.21,pKaH1,1,4.21,4.21,Uncertain,CN1CCCC(c2cccnc2)O1
RSGJRKSGEFJCKO,3.66,pKaH1,1,3.66,3.66,Approximate,Nc1cccc2ccnnc12
RSKHKFSUWXKASO,6.7,pKaH1,1,6.7,6.7,Approximate,Nc1ncc(-c2ccccc2Br)c(N)n1
RSOWDTALVBLZPE,9.4,pKaH1,1,9.4,9.4,Uncertain,COC(=O)C1CN2CCC1CC2
RSRQBWXGHCRSPD,5.1,pKaH1,1,5.1,5.1,Approximate,Cc1cn2cccnc2n1
RSVVSFGLTRDYOF,2.1,pKaH1,1,2.1,2.1,Uncertain,c1ccc(CNc2nnc(-c3ccccc3)s2)cc1
RSYYQCDERUOEFI,3.32,pKaH1,2,3.24,3.4,Approximate,N=C(N)NCCC[C@H](NC(=O)c1ccccc1)C(=O)O
RSZLKRFIBVGJMF,3.66,pKaH1,1,3.66,3.66,Approximate,CNc1nc(C)nc2scnc12
RTLUPHDWSUGAOS,4.02,pKaH1,1,4.02,4.02,Approximate,Ic1ccncc1
RTXSOWXFTDFCGS,5.72,pKaH1,1,5.72,5.72,Approximate,Cc1cc(C)nc(NC(C)(C)C)n1
RUCUYFVAKOESSN,1.8,pKaH1,1,1.8,1.8,Uncertain,CCCn1nnnc1N
RUFOHZDEBFYQSV,3.36,pKaH1,1,3.36,3.36,Approximate,COc1ccc(N)cc1[N+](=O)[O-]
RUFPHBVGCFYCNW,3.95,pKaH1,4,3.92,3.98,Approximate,Nc1cccc2ccccc12
RUVZGKRCLXIBFX,2.46,pKaH1,1,2.46,2.46,Approximate,Cn1cnc2cnc(Cl)cc21
RUZILJYJRDEZIO,5.12,pKaH1,1,5.12,5.12,Uncertain,OC1Nc2cncnc2NC1O
RVAOIEPHDMWWBK,8.38,pKaH1,1,8.38,8.38,Approximate,COc1ccc2c(c1)N=C(C)NC2O
RVBFJJRQNLWPJO,10.15,pKaH1,1,10.15,10.15,Approximate,CCCCOC(=N)N
RVNUUWJGSOHMRR,2.36,pKaH1,5,2.291,2.419,Reliable,Nc1cc(Br)cc(Br)c1
RVRJEKAFWDHMGP,2.85,pKaH1,1,2.85,2.85,Approximate,C#CCNc1ncccn1
RWDYNDCLJPWKJU,5.31,pKaH1,1,5.31,5.31,Approximate,Cc1nc(N)nc2ccccc12
RWIUBJDOESNTFZ,1.38,pKaH1,3,1.33,1.46,Approximate,Nc1ccc(S(=O)(=O)c2ccc(Cl)cc2)cc1
RWIVICVCHVMHMU,9.39,pKaH1,3,9.15,9.45,Approximate,NCCN1CCOCC1
RWIZOBXCZMTBBT,3.01,pKaH1,1,3.01,3.01,Uncertain,c1ccc(C(Nc2ncccn2)c2ccccc2)cc1
RWRDLPDLKQPQOW,11.27,pKaH1,5,10.96,11.469,Reliable,C1CCNC1
RWTCJCUERNMVEZ,6.45,pKaH1,1,6.45,6.45,Approximate,COc1ccnc2ccccc12
RWUFBZCBKDLNKZ,2.7,pKaH1,1,2.7,2.7,Unrated,CS(=O)(=O)c1cccc2ccc(N)cc12
RWYWAMVJPDMKOE,8.02,pKaH1,1,8.02,8.02,Approximate,CCN(c1ccccc1)C(C)(C)C
RXAVWCAQCUAYJY,2.79,pKaH1,1,2.79,2.79,Approximate,CC[As](=O)(CC)c1ccc(Cl)cc1
RXBWXJCJWGRAQZ,1.65,pKaH1,1,1.65,1.65,Unrated,NS(=O)(=O)c1ccc(Nc2cccc([N+](=O)[O-])c2)cc1
RXBYRTSOWREATF,6.38,pKaH1,1,6.38,6.38,Approximate,c1ccc2nc3c(cc2c1)CCCC3
RXKGSALPZYDBQC,4.65,pKaH1,1,4.65,4.65,Approximate,Cc1n[nH]c2c1CCCC2
RXVIXYHMKNJSOH,4.86,pKaH1,1,4.86,4.86,Approximate,COc1ccc(C)c(C)n1
RXXYDTQRPWZBMT,4.4,pKaH1,1,4.4,4.4,Approximate,COc1c(OC)c2cccnc2c2ncccc12
RXYIYUOOCZCTQP,7.69,pKaH1,1,7.69,7.69,Approximate,Cc1cnc(N)nc1N
RYFOJXFXERAMLS,4.76,pKaH1,1,4.76,4.76,Uncertain,Cn1cccc1-c1cccnc1
RYLXJQSLYDDFSW,3.89,pKaH1,1,3.89,3.89,Approximate,Nc1nc(N)c2ncsc2n1
RYMBAPVTUHZCNF,3.18,pKaH1,1,3.18,3.18,Approximate,O=C(c1ccccc1)c1cccnc1
RYMGEGPUVUJQDL,0.69,pKaH1,1,0.69,0.69,Approximate,Cn1nnc(N)c1C(N)=O
RYMVQCDBCLKCGI,3.6,pKaH1,1,3.6,3.6,Uncertain,Oc1ccc(N=Nc2ccc3c(c2)-c2ccccc2C3)c(O)c1
RYOLKPVPYKIRAV,8.45,pKaH1,1,8.45,8.45,Approximate,Cn1c(N)c(C=O)cnc1=N
RZAUIOKDXQWSQE,6.61,pKaH1,1,6.61,6.61,Approximate,Nc1ccc2cccnc2c1
RZEDEAUECMJEBX,4.43,pKaH1,1,4.43,4.43,Approximate,CN(N)c1cccc(Cl)c1
RZKBRXDCJZLQLI,-2.49,pKaH1,1,-2.49,-2.49,Uncertain,Nc1cc([N+](=O)[O-])ccc1[N+](=O)[O-]
RZPZXGNXGDGSED,4.58,pKaH1,1,4.58,4.58,Approximate,Nc1ncc(C(=O)c2ccc(Cl)cc2)c(N)n1
RZQVKCDLRMMEPT,3.01,pKaH1,1,3.01,3.01,Approximate,CNc1ncc(Cl)cc1Cl
RZVPFDOTMFYQHR,-0.68,pKaH1,1,-0.68,-0.68,Uncertain,Cc1cc(C)nc(Cl)n1
RZWVKWGSUMYFNO,3.28,pKaH1,1,3.28,3.28,Approximate,Nc1cc2ccc(Cl)cc2nn1
RZXMPPFPUUCRFN,5.08,pKaH1,19,4.987,5.21,Reliable,Cc1ccc(N)cc1
SAAYZFAHJFPOHZ,2.59,pKaH1,1,2.59,2.59,Approximate,Nc1cccc2nccnc12
SADHVOSOZBAAGL,3.25,pKaH1,1,3.25,3.25,Approximate,Nc1cccc(OC(F)(F)F)c1
SAIHAKSAFMJBHG,9.0,pKaH1,1,9.0,9.0,Approximate,Nc1ccccc1CNCCNCc1ccccc1N
SAJMEQWZYZZZOJ,9.16,pKaH1,1,9.16,9.16,Uncertain,CC(=NO)C(C)(C)NC(C)C
SAMHIPLAJNLCLT,3.4,pKaH1,1,3.4,3.4,Approximate,Nc1cc(Br)c2ccccc2c1
SANRQXWKBTYQDZ,2.31,pKaH1,1,2.31,2.31,Approximate,CN1C=CC=C(O)N1
SASNBVQSOZSTPD,10.08,pKaH1,1,10.08,10.08,Approximate,CNCCc1ccccc1
SATCOUWSAZBIJO,11.0,pKaH1,1,11.0,11.0,Uncertain,Cn1cnc2nc[nH]c2c1=N
SAYVFJRTDHCLAM,9.6,pKaH1,1,9.6,9.6,Uncertain,CCN(CC)CCCCCn1c2nc(=O)[nH]c(=O)c-2nc2cc(Cl)c(Cl)cc21
SBAJRGRUGUQKAF,5.23,pKaH1,2,5.2,5.26,Approximate,N#CCCNCCC#N
SBNMGQDBEQNCFV,5.13,pKaH1,1,5.13,5.13,Uncertain,CSc1ccc(N2CCCCC2)nn1
SBVLDPZIWLLOHA,8.16,pKaH1,1,8.16,8.16,Approximate,CCCN(CCC)Cc1ccncc1
SBXLLPWEWVEYQF,3.31,pKaH1,1,3.31,3.31,Approximate,Cc1nc(N)nc(C)c1C(N)=O
SBYHFKPVCBCYGV,10.8,pKaH1,2,10.65,10.95,Uncertain,C1CN2CCC1CC2
SCLDJNREJBDLHE,8.32,pKaH1,1,8.32,8.32,Approximate,COc1ccc(C2CC2N)cc1
SCLFETMCMRCGEO,0.87,pKaH1,1,0.87,0.87,Uncertain,Cc1ccc(NC2O[C@H](CO)[C@@H](O)[C@H](O)[C@H]2O)cc1
SCRBSGZBTHKAHU,3.31,pKaH1,1,3.31,3.31,Approximate,Brc1cncc2ccccc12
SCVRZFQSPISLTD,5.56,pKaH1,2,5.3,5.82,Approximate,Cc1cccc(C)c1N(C)C
SCZGZDLUGUYLRV,5.32,pKaH1,1,5.32,5.32,Approximate,Cc1ccccc1NN
SCZVXVGZMZRGRU,10.46,pKaH1,2,10.36,10.56,Approximate,CCNCCN
SDGKUVSVPIIUCF,10.92,pKaH1,4,10.83,11.07,Approximate,C[C@@H]1CCC[C@H](C)N1
SDQAHGGWXOBUDY,8.56,pKaH1,2,8.42,8.7,Uncertain,CN(C)CCN(c1ccccn1)c1ccc(Cl)s1
SDXAWLJRERMRKF,4.25,pKaH1,2,4.12,4.38,Approximate,Cc1cc(C)[nH]n1
SDYAGGMEBLMHCR,9.8,pKaH1,4,9.72,9.87,Approximate,NCCNCc1ccco1
SDYWXFYBZPNOFX,2.97,pKaH1,1,2.968,2.968,Reliable,Nc1ccc(Cl)c(Cl)c1
SEALOBQTUQIVGU,6.91,pKaH1,1,6.91,6.91,Uncertain,CC(C)[C@H]1C(=O)N2CCC[C@H]2[C@]2(O)O[C@](NC(=O)[C@@H]3C[C@@H]4c5cccc6[nH]cc(c56)C[C@H]4N(C)C3)(C(C)C)C(=O)N12
SEFPXLJFLQDGEM,4.99,pKaH1,1,4.99,4.99,Approximate,Nc1nc(N)c2c(n1)Nc1ccccc1S2
SEULWJSKCVACTH,5.83,pKaH1,1,5.83,5.83,Approximate,c1ccc(-n2ccnc2)cc1
SFKZPTYRENGBTJ,4.05,pKaH1,1,4.05,4.05,Approximate,COc1cc(N)cc2ccccc12
SFQSDNDTQZFTQJ,3.99,pKaH1,1,3.99,3.99,Uncertain,COc1nc(N)nc2nc(C)c(C)nc12
SGJXPPPUUAKQRS,3.28,pKaH1,1,3.28,3.28,Uncertain,Cc1nc2c(N(C)C)nc(=O)n(C)c2nc1C
SGMOGZYBYZGCKV,8.83,pKaH1,1,8.83,8.83,Approximate,CC1(C)CC(=O)C(C2NC(N)=Nc3nccnc32)C(=O)C1
SHDMYGCRVXWTGR,1.59,pKaH1,1,1.59,1.59,Approximate,Cc1n[nH]cc1I
SHLOOFPNCHEUCJ,1.95,pKaH1,2,1.7,2.2,Uncertain,COC(Nc1nc(NC(OC)OC)nc(NC(OC)OC)n1)OC
SHPPDRZENGVOOR,5.29,pKaH1,1,5.29,5.29,Approximate,CCCCn1cnc2ccccc21
SIFKWNSIUNPINJ,8.1,pKaH1,1,8.1,8.1,Approximate,CNc1nccc(N(C)C)n1
SILGRKFIVIVPKA,2.41,pKaH1,1,2.41,2.41,Approximate,CNc1ncccc1[N+](=O)[O-]
SITMDWHJQROIPF,5.03,pKaH1,1,5.03,5.03,Approximate,CCOC(=O)CN1CCOCC1
SJDGOHYRBOLLKR,9.51,pKaH1,1,9.51,9.51,Approximate,CC(C)(C)NC(O)c1ccc(F)c(F)c1
SJJUTRFFONLOHZ,2.62,pKaH1,1,2.62,2.62,Approximate,Nc1ccc(O)c(=O)cc1
SJRJJKPEHAURKC,7.38,pKaH1,1,7.38,7.38,Approximate,CN1CCOCC1
SKCNNQDRNPQEFU,10.0,pKaH1,1,10.0,10.0,Uncertain,CN(C)CCCN(C)CCCN(C)C
SKDMLCRXTNDPGI,-0.87,pKaH1,1,-0.87,-0.87,Uncertain,ClC(Cl)c1ncc2ccccc2n1
SKFLCXNDKRUHTA,3.35,pKaH1,1,3.35,3.35,Approximate,O=C(c1ccccc1)c1ccncc1
SKLZCRNUJKGGRW,5.6,pKaH1,1,5.6,5.6,Approximate,Cc1cccc2cc3ccccc3nc12
SKONQUYDXIBTRG,10.17,pKaH1,1,10.17,10.17,Approximate,CCN(CC)CCOCCN(C)C
SKUWJDFAYIADTK,6.07,pKaH1,1,6.07,6.07,Approximate,Nc1nnc(-c2ccc(Cl)cc2)c(N)n1
SLAJIRWOQJXNHK,9.26,pKaH1,1,9.26,9.26,Approximate,CC(C)NCC(O)c1ccc(Br)cc1
SLBWENCMEQRYEG,4.0,pKaH1,1,4.0,4.0,Uncertain,Cc1ccc2c(Cl)ccnc2c1
SLDHSKHTXGUBDI,8.15,pKaH1,1,8.15,8.15,Uncertain,N#CCCNCCCCCC(=O)O
SLINHMUFWFWBMU,7.86,pKaH1,1,7.86,7.86,Reliable,CC(O)CN(CC(C)O)CC(C)O
SLSBIKJXTHGILH,3.76,pKaH1,1,3.76,3.76,Uncertain,Cn1ncc2c(NCc3ccco3)ncnc21
SLSDGGYJWSXAQN,2.59,pKaH1,1,2.59,2.59,Approximate,CN(C)c1ccn(C)c(=S)n1
SLSWQXZTEPDTDH,10.4,pKaH1,1,10.4,10.4,Uncertain,Cc1cc(C)c2nc(C)cc(N)c2c1
SLVIKMCPPIIRSJ,8.29,pKaH1,1,8.289,8.289,Approximate,Cc1cc(C)c(C(=O)NCCN(C)C)cc1C
SLZCOYDOFRTTHF,8.0,pKaH1,1,8.0,8.0,Uncertain,CN(C)Cc1cccnc1
SMAJHKXZBICXLS,-1.74,pKaH1,1,-1.74,-1.74,Approximate,Nc1c([N+](=O)[O-])ccc2ccccc12
SMCJDZBBLDNQQX,5.18,pKaH1,1,5.18,5.18,Approximate,Nc1nc(NCCO)nc(NCCO)n1
SMHPLBXIVNQFBA,2.72,pKaH1,1,2.72,2.72,Approximate,O=[N+]([O-])c1ccc2ncccc2c1
SMKLPBPDGBAFRQ,6.55,pKaH1,1,6.55,6.55,Approximate,Nc1nccn2cncc12
SMNMEJQTBGWHLI,8.38,pKaH1,2,8.36,8.39,Approximate,CN(C)c1ccnc2ccccc12
SMPJRHITOMAESD,4.96,pKaH1,1,4.96,4.96,Approximate,Cc1cccc2cnc3cccc(C)c3c12
SMSHIXOEBWOYJS,2.75,pKaH1,1,2.75,2.75,Approximate,c1ncc2c(n1)CCCC2
SMUQFGGVLNAIOZ,5.68,pKaH1,4,5.42,5.83,Approximate,Cc1ccc2ccccc2n1
SMWAOXCEPHEGFV,6.11,pKaH1,1,6.11,6.11,Uncertain,Nc1nc2c(s1)CCCC2
SMWDFEZZVXVKRB,4.9,pKaH1,7,4.8,4.96,Approximate,c1ccc2ncccc2c1
SMZQZSQOKRUILT,5.66,pKaH1,1,5.66,5.66,Approximate,CN(C)c1nc2c(c(N(C)C)n1)N(C(=O)c1ccccc1)CCN2
SNBBQZGVKQEBQT,7.26,pKaH1,1,7.26,7.26,Approximate,Cc1nc(N)nc(N)c1-c1ccc(Cl)cc1
SNHUXKRSXFKHBQ,9.33,pKaH1,1,9.33,9.33,Approximate,CC(C)NCC(O)c1cccc(C#N)c1
SNICXCGAKADSCV,7.94,pKaH1,7,7.37,8.02,Approximate,CN1CCC[C@H]1c1cccnc1
SNRLRUIFMJGALU,3.37,pKaH1,1,3.37,3.37,Approximate,CSc1cc2ccccc2cn1
SODIDXLDSFHMMZ,9.39,pKaH1,1,9.39,9.39,Approximate,CC1CCCC(O)C1N
SOHRDGIOWKKMRT,4.68,pKaH1,1,4.68,4.68,Approximate,Cc1cc2ncn([C@@H]3OC[C@@H](O)[C@@H](O)[C@H]3O)c2cc1C
SOJKLCSQJMPLCK,5.0,pKaH1,1,5.0,5.0,Uncertain,Cc1cc(N=Nc2ccc(C)c(N=Nc3cc(C)c(N)cc3N)c2)c(N)cc1N
SOJQTEOLYHAVMM,8.72,pKaH1,1,8.72,8.72,Uncertain,CC(C)NCC(=O)c1ccc2ccccc2c1
SONNWYBIRXJNDC,8.86,pKaH1,1,8.86,8.86,Approximate,CNCC(O)c1cccc(O)c1
SOOKWSYBWVCXEB,2.79,pKaH1,1,2.79,2.79,Uncertain,Nc1cccc2cccc([N+](=O)[O-])c12
SOSPMXMEOFGPIM,0.82,pKaH1,1,0.82,0.82,Approximate,Brc1cncc(Br)c1
SOXXVYGTGNBISK,2.77,pKaH1,1,2.77,2.77,Unrated,CS(=O)(=O)c1ccc2cc(N)ccc2c1
SOYKEARSMXGVTM,9.16,pKaH1,3,9.13,9.16,Approximate,CN(C)CCC(c1ccc(Cl)cc1)c1ccccn1
SOZMSEPDYJGBEK,8.95,pKaH1,1,8.95,8.95,Uncertain,CC(N)c1ccc(Br)cc1
SPGHVPLNLGKFHF,9.23,pKaH1,1,9.234,9.234,Approximate,CCN(CC)CC(C)(C)CNC(=O)c1cc(C)cc(C)c1
SPVVMXMTSODFPU,10.93,pKaH1,2,10.92,10.94,Approximate,CC(C)CCNCCC(C)C
SPWKIZIVWPNBTB,6.32,pKaH1,2,6.3,6.34,Approximate,CCC(C)(CC)Nc1ccccc1
SQRSVCOCEYETJG,3.08,pKaH1,1,3.08,3.08,Approximate,Cc1nc2nc(NCC(C)C)nc(C)c2nc1C
SRNGHNXCGIZGJZ,2.71,pKaH1,1,2.71,2.71,Approximate,CCCCn1cccnc1=O
SRQJSMFCZYZSLB,8.56,pKaH1,1,8.56,8.56,Approximate,c1cnc2c(c1)CCNC2
SRSAZAXJBWULBT,2.7,pKaH1,1,2.7,2.7,Uncertain,NNC(=O)CNC(=O)CNC(=O)OCc1ccccc1
SRSKXJVMVSSSHB,8.24,pKaH1,1,8.24,8.24,Approximate,c1cc2[nH]ccc2cn1
SRUYHSPVSAEQKM,3.06,pKaH1,1,3.06,3.06,Approximate,CC(C)CCN(CC[N+]1(C)CCCCC1)c1ccccc1
SRYYOKKLTBRLHT,5.1,pKaH1,1,5.1,5.1,Uncertain,Oc1ccc(NCc2ccccc2)cc1
SSDGMKHZMNTWLS,4.63,pKaH1,1,4.63,4.63,Uncertain,Cc1nn(C)c(C)c1N
SSDQZFNBHWFLIZ,12.72,pKaH1,2,12.2,13.25,Approximate,Cn1ccccc1=N
SSHFCFRJYJIJDV,0.35,pKaH1,1,0.35,0.35,Approximate,Nc1ncc([N+](=O)[O-])cn1
SSJXIUAHEKJCMH,9.8,pKaH1,4,9.6,9.94,Approximate,N[C@@H]1CCCC[C@@H]1N
SSMSBSWKLKKXGG,9.43,pKaH1,1,9.43,9.43,Approximate,CC(C)NCC(O)c1ccccc1Cl
SSOLNOMRVKKSON,10.4,pKaH1,1,10.4,10.4,Uncertain,CC(C)NC(=N)NC(N)=Nc1ccc(Cl)cc1
SSYSSWXPUCBWQB,4.85,pKaH1,1,4.85,4.85,Approximate,C=C=Cc1c(C)nc(NC)nc1C
STECJAGHUSJQJN,7.62,pKaH1,3,7.55,8.15,Uncertain,CN1[C@@H]2C[C@@H](OC(=O)[C@H](CO)c3ccccc3)C[C@H]1[C@@H]1O[C@@H]12
STFGZAITFFZDBU,2.81,pKaH1,1,2.81,2.81,Approximate,CNc1ncnc2scnc12
STGDORVUQNYVIR,4.68,pKaH1,1,4.68,4.68,Uncertain,Cc1nn(C)c(C)c1N(C)C
STMSRQMGUCRAKM,5.23,pKaH1,1,5.23,5.23,Approximate,CCNc1nc(N)nc(N)n1
STQVTMCLQCBATO,4.8,pKaH1,1,4.8,4.8,Approximate,Nc1ccc(C2CCC2)cc1
STWMPIWLSQKHSJ,7.3,pKaH1,1,7.3,7.3,Approximate,COc1ccncc1N
SUHXPSAYNUCJSC,5.59,pKaH1,2,5.58,5.6,Approximate,Nc1ncc(Br)c(N)n1
SUPOBRXPULIDDX,4.65,pKaH1,2,4.5,4.8,Uncertain,Nc1nc(NCO)nc(NCO)n1
SUSANAYXICMXBL,7.02,pKaH1,1,7.02,7.02,Approximate,C=CCN1CCOCC1
SUSISQLRJLQJLM,5.75,pKaH1,1,5.75,5.75,Uncertain,CC1N(C)c2c(nc(N)n(C)c2=O)NC1(C)C
SUTWPJHCRAITLU,10.6,pKaH1,1,10.6,10.6,Approximate,NCCCCCCO
SUUKOHGTBGCQIA,1.27,pKaH1,1,1.27,1.27,Uncertain,CCOC(=O)c1nc(Cl)nc(N)c1N
SUXMGKFFQJTYEX,3.55,pKaH1,1,3.55,3.55,Approximate,O=[N+]([O-])c1cccc2ccncc12
SUYJXERPRICYRX,8.98,pKaH1,1,8.98,8.98,Approximate,NCc1cccc(Br)c1
SUZUKIDNBFSUCX,7.56,pKaH1,1,7.56,7.56,Approximate,Nc1nc(N2CCCC2)cc(N2CCCC2)n1
SVANEUDZNISLJD,7.1,pKaH1,1,7.1,7.1,Approximate,NNc1c2ccccc2nc2ccccc12
SVBNPCUNVWUQOF,4.42,pKaH1,1,4.42,4.42,Uncertain,Cc1cc2cccc(C)c2nc1C
SVDHSZFEQYXRDC,9.44,pKaH1,2,8.53,10.35,Approximate,CCC(=O)C(CC(C)N1CCCCC1)(c1ccccc1)c1ccccc1
SVEQHRSELNPKJJ,7.05,pKaH1,1,7.05,7.05,Approximate,COc1cc(N)ccn1
SVISTLBGVOVHBU,10.34,pKaH1,1,10.34,10.34,Approximate,C1CCC(CNCCNCC2CCCC2)C1
SVNCRRZKBNSMIV,4.93,pKaH1,2,4.91,4.94,Approximate,Nc1cnc2ccccc2c1
SVRPUGWCOWUQOY,0.45,pKaH1,1,0.45,0.45,Approximate,Cc1cc(Br)n[nH]1
SVYKKECYCPFKGB,10.72,pKaH1,1,10.72,10.72,Uncertain,CN(C)C1CCCCC1
SWANCHVXZSDNQR,10.82,pKaH1,1,10.82,10.82,Approximate,Cc1ccc(-c2cnc(=N)n(C)c2)cc1
SWCDFRWIRSWQJT,9.4,pKaH1,1,9.4,9.4,Uncertain,Cn1ccc(=N)n(C)c1=O
SWFLZWTWALWWGD,5.16,pKaH1,1,5.16,5.16,Approximate,CN(C)c1nc2c(c(N(C)C)n1)NC(=O)CN2
SWIVDNYSVCBPDH,10.01,pKaH1,2,9.96,10.06,Approximate,CC(C)C(C(C)C)N(C)C
SWJXWSAKHXBQSY,2.2,pKaH1,1,2.2,2.2,Uncertain,c1ccc2c(c1)nnc1ccccc12
SWSQBOPZIKWTGO,13.4,pKaH1,1,13.4,13.4,Uncertain,CN(C)C(=N)N
SWXVUIWOUIDPGS,0.52,pKaH1,1,0.52,0.52,Uncertain,CC(=O)CC(C)(C)O
SXEPJVCOXQEOJN,10.25,pKaH1,1,10.25,10.25,Uncertain,O=C1C2CN(c3ccccc3)CC1CN(c1ccccc1)C2
SXJDUTWDRVFJQW,4.68,pKaH1,1,4.68,4.68,Approximate,CN(N)c1ccccc1Br
SXJRKZKMRISABM,0.74,pKaH1,1,0.74,0.74,Uncertain,Cc1nc2c(OC(C)C)nc(N)nc2n(CCO)c1=O
SXKOCXTXIUNMEN,6.96,pKaH1,2,6.95,6.96,Approximate,CCC(=O)C(CCN1CCOCC1)(c1ccccc1)c1ccccc1
SXKPYDRBFCWMNT,3.38,pKaH1,1,3.38,3.38,Approximate,COC(=O)c1cc(N)cc2ccccc12
SXPGFJZLDDFUHA,6.61,pKaH1,1,6.61,6.61,Approximate,CCCCN(CCCl)CCCl
SXRFQDARJDXESM,5.26,pKaH1,1,5.26,5.26,Approximate,COc1ccc2c(c1)NCCN2
SXTIMYMGXUAKJN,3.97,pKaH1,1,3.97,3.97,Approximate,CCCCNc1ncc2nccnc2n1
SYZTYGNWUNKTRN,1.91,pKaH1,1,1.91,1.91,Uncertain,CC(C)n1nnnc1N
SZBKGDCCMAQYCS,9.5,pKaH1,1,9.5,9.5,Approximate,CC(=O)Nc1ccc(C(O)CNC(C)C)cc1
SZMGWPTXDFDPOV,4.27,pKaH1,1,4.27,4.27,Approximate,COc1cc(N(C)C)ncn1
SZNJHPIVJBDAIH,4.9,pKaH1,1,4.9,4.9,Approximate,CN1CC(=O)c2ccccc2C1
SZOCKYDZSPRJPT,8.26,pKaH1,1,8.26,8.26,Approximate,CN(C)CCC(C#N)(c1ccccc1)c1ccccc1
SZOQOYJZYJSCHN,5.5,pKaH1,1,5.5,5.5,Uncertain,Cc1cc(N=Nc2ccc3c(c2)-c2ccccc2C3)c(N)cc1N
SZQCPPRPWDXLMM,2.48,pKaH1,1,2.48,2.48,Approximate,Cc1cnn(C)c1
SZXUTTGMFUSMCE,5.47,pKaH1,1,5.47,5.47,Approximate,c1ccc(-c2ncc[nH]2)nc1
TUFIMQRAQOQZOS,5.3,pKaH1,1,5.3,5.3,Approximate,Cc1ccc(N(C)N)cc1
TUHHIWDVUXPAEF,8.9,pKaH1,1,8.9,8.9,Uncertain,CCCCCCN(CC(C)O)CC(O)CC
TULYLWWFGOCWCR,5.36,pKaH1,1,5.36,5.36,Approximate,Cc1cc(C)nc(NCC(C)C)n1
TUVBJSPUCMUOSD,3.61,pKaH1,1,3.61,3.61,Approximate,c1n[nH]c2c1CCC2
TUZXXXXRSHIACG,9.2,pKaH1,1,9.2,9.2,Approximate,CC(C)NCC(O)c1ccccc1-c1ccccc1
TVICROIWXBFQEL,4.56,pKaH1,1,4.56,4.56,Approximate,CCNc1ccnc(O)n1
TVSMLBGFGKLKOO,10.05,pKaH1,1,10.05,10.05,Uncertain,CC1CCN(C)CC1
TVZNFYXAPXOARC,7.68,pKaH1,1,7.682,7.682,Approximate,CCCC[C@H](N)C(=O)OC
TWBPWBPGNQWFSJ,3.82,pKaH1,1,3.82,3.82,Approximate,Nc1ccccc1-c1ccccc1
TWCLTXGPMGOKKH,4.1,pKaH1,1,4.1,4.1,Approximate,Cn1nc2ncnc(NN)c2n1
TWCOVVFBNPAJQA,12.8,pKaH1,1,12.8,12.8,Uncertain,CC(C)NC(=N)NC(=N)N(C)c1ccc(Cl)cc1
TWHURONIUYYRTH,3.3,pKaH1,1,3.3,3.3,Approximate,CC1(C)CC(=O)C(C2Nc3cncnc3N=C2O)C(=O)C1
TWLLPUMZVVGILS,2.18,pKaH1,1,2.18,2.18,Uncertain,CCOC(=O)c1ccccc1N
TWNQAHMNBIOXCZ,6.17,pKaH1,1,6.17,6.17,Approximate,Cc1nccn1-c1ccccc1[N+](=O)[O-]
TWQCVIUEUQDOEH,3.43,pKaH1,1,3.43,3.43,Approximate,O=[N+]([O-])c1ccc2cnccc2c1
TXCSDESMIIXNRY,10.16,pKaH1,1,10.16,10.16,Uncertain,CCN(CC)CCCCNc1c2ccc(Cl)cc2nc2ccc(OC)cc12
TXFISDWSKUHPET,9.95,pKaH1,1,9.95,9.95,Approximate,Cc1ccc(C2CCCN2)cc1
TXNCONOTMCNWHE,6.47,pKaH1,1,6.47,6.47,Approximate,Cc1nc(N)nc(N)c1Oc1ccccc1
TXTHKGMZDDTZFD,5.6,pKaH1,1,5.6,5.6,Unrated,c1ccc(NC2CCCCC2)cc1
TXWDVWSJMDFNQY,3.1,pKaH1,1,3.1,3.1,Approximate,c1cc(C2CC2)n[nH]1
TXYKOQZEJZWJEN,10.8,pKaH1,1,10.8,10.8,Approximate,CNCCCCc1ccccc1
TYANODHKVBDSQB,3.24,pKaH1,1,3.24,3.24,Approximate,Nc1cccc(OC(F)(F)C(F)(F)F)c1
TYDFLVGVWMSQAC,1.02,pKaH1,1,1.02,1.02,Approximate,CCN(Cl)CC
TYKJILJOXAHUFO,4.76,pKaH1,1,4.76,4.76,Approximate,N=C1NCC(=O)N1
TYLGVQVJCVFREB,8.53,pKaH(neut),1,8.53,8.53,Approximate,c1cc2nccnc2cn1
TYMLOMAKGOJONV,1.02,pKaH1,14,0.97,1.21,Reliable,Nc1ccc([N+](=O)[O-])cc1
TYNBPDGCJJZXPH,10.1,pKaH1,1,10.1,10.1,Uncertain,CC1(C)CNCC(C)(C)C1
TYUCLXICSHFWIJ,7.2,pKaH1,1,7.2,7.2,Approximate,NC1=Nc2nccnc2C(C[N+](=O)[O-])N1
TYWRTWIDTAHEEU,10.02,pKaH1,1,10.02,10.02,Approximate,CCNCCNCCNCC
TYYCBAISLMKLMT,6.64,pKaH1,1,6.64,6.64,Unrated,CC(C)(C)OC(=O)CC(N)c1ccccc1
TZJRPKDPYLAMJZ,2.85,pKaH1,1,2.85,2.85,Approximate,CCOC(=O)CNc1ccc(OC)cc1
TZTDJBMGPQLSLI,-3.47,pKaH1,1,-3.47,-3.47,Uncertain,O=[N+]([O-])c1ccc(/N=N/c2ccccc2)cc1
TZVNDZVJZXCGMU,9.62,pKaH2(erythro),1,9.62,9.62,Approximate,CC(C)C(O)[C@](C)(N)C(=O)O
UAHIXZLIRYOTHI,2.89,pKaH1,1,2.89,2.89,Approximate,Cn1c(N)nccc1=S
UAHMIEUNZGLOKN,11.4,pKaH1,1,11.4,11.4,Uncertain,CC1=NCC(O)CN1
UAJQKQHHMVEIBX,10.3,pKaH1,1,10.3,10.3,Approximate,CC(C)COC(=N)N
UAKAWWHOQNNATR,3.99,pKaH1,1,3.99,3.99,Approximate,Cc1ccccc1C(N)=NO
UAOMVDZJSHZZME,11.13,pKaH1,3,10.96,11.2,Approximate,CC(C)NC(C)C
UAORFCGRZIGNCI,9.27,pKaH1,1,9.27,9.27,Approximate,CC(C)NCC(O)c1ccc([N+](=O)[O-])cc1
UAPYNUQREMCVSV,4.48,pKaH1,1,4.48,4.48,Uncertain,Cc1cc(C)c2cccc(C)c2n1
UAWUNLBCBFGBEJ,6.84,pKaH1,1,6.84,6.84,Approximate,Nc1ccc2cnc3ccccc3c2c1
UAXLLSUDSRXGPD,3.0,pKaH1,1,3.0,3.0,Approximate,CCC[As](=O)(CCC)c1ccccc1
UBBCLFIJJNYOGW,9.06,pKaH1,1,9.06,9.06,Approximate,CC(=O)N1CCNC1=N
UBGJDKPGEAHRCZ,5.38,pKaH1,1,5.38,5.38,Unrated,CN1CCOC(CCN(Cc2ccccc2)C2CCCCC2)C1
UBMOQSTZFCSCEV,-3.12,pKaH1,1,-3.12,-3.12,Uncertain,NC(=O)c1cc([N+](=O)[O-])c(Cl)c([N+](=O)[O-])c1Cl
UBOWJRYMGWCRHC,8.39,pKaH1,1,8.39,8.39,Approximate,NC1=Nc2nccnc2C(c2c(O)nc(O)nc2O)N1
UBPDKIDWEADHPP,2.58,pKaH1,4,2.49,2.61,Approximate,Nc1ccccc1I
UBXDNWVNEZBDBN,4.9,pKaH1,1,4.9,4.9,Approximate,Nc1ccc(C2CC2)cc1
UCMLSEINWYQAES,7.23,pKaH1,3,7.15,7.54,Approximate,CO[C@H]1O[C@H](CO)[C@@H](O)[C@H](O)[C@H]1N
UCOSRTUSVXHIMK,7.69,pKaH1,1,7.69,7.69,Approximate,NCc1nc2ccccc2[nH]1
UCUSKBLUYLKALT,8.6,pKaH1,1,8.6,8.6,Approximate,CC(=O)N(N=C(C)C)C1CCN(C)CC1
UCVGWAPUCGYZBH,4.78,pKaH1,1,4.78,4.78,Approximate,CN(N)c1ccccc1Cl
UCWPFYCSRUUFRD,10.63,pKaH1,1,10.63,10.63,Approximate,COc1ccc2nc(=N)n(C)cc2c1
UDFNSJVMDNEZHF,5.7,pKaH1,1,5.7,5.7,Approximate,Nc1nc(N)c2c(n1)NCCN2C(=O)CCl
UDGSVBYJWHOHNN,9.98,pKaH1,2,9.93,10.02,Approximate,CCN(CC)CCN
UDIWKEMMLZHSIU,9.61,pKaH1,1,9.61,9.61,Uncertain,CC(C(C)N1c2ccccc2Sc2ccccc21)N(C)C
UDJFFSGCRRMVFH,3.85,pKaH1,1,3.85,3.85,Approximate,c1cnc2ncncc2c1
UDQGIOYIJKRLFH,2.09,pKaH1,1,2.09,2.09,Approximate,CNc1ncc(Br)cn1
UEEJHVSXFDXPFK,9.26,pKaH1,3,9.23,9.31,Approximate,CN(C)CCO
UESOBPUTZLYSGI,0.87,pKaH1,1,0.87,0.87,Approximate,Cc1nn(C)cc1Br
UESXQASBXUNZTI,11.25,pKaH1,2,11.12,11.38,Approximate,CC1=CCCCN1C
UEUUOSYQIZIXMD,8.55,pKaH1,1,8.55,8.55,Approximate,CCN(CC)Cc1cccnc1
UEUVTPADUJRKFJ,4.46,pKaH1,1,4.46,4.46,Uncertain,Cc1nccc(OC(C)C)n1
UFDIVAFBBHFBLU,4.26,pKaH1,1,4.26,4.26,Approximate,CC1=NNC(c2ccccc2)C1
UFDLCSUTXLWISC,6.85,pKaH1,1,6.85,6.85,Approximate,OC1NC=Nc2cc(C(F)(F)F)ccc21
UFFBMTHBGFGIHF,3.95,pKaH1,5,3.89,4.25,Approximate,Cc1cccc(C)c1N
UFIGOYSEDNHKGT,2.75,pKaH1,1,2.75,2.75,Uncertain,Fc1cnc2ccccc2c1
UFJPCQPVHWOYSS,9.8,pKaH1,1,9.8,9.8,Uncertain,CCN(CC)CCCn1c2nc(=O)[nH]c(=O)c-2nc2cc(Cl)ccc21
UFKTZIXVYHGAES,8.3,pKaH1,1,8.3,8.3,Uncertain,CN1C[C@H](CO)C[C@@H]2c3cccc4[nH]cc(c34)C[C@H]21
UFLGIAIHIAPJJC,8.95,pKaH1,3,8.15,8.96,Uncertain,CN(C)CCN(Cc1ccccc1)c1ccccn1
UFLSFHMZKBRTEE,4.67,pKaH1,1,4.67,4.67,Approximate,Cc1ccccc1C=Cc1ccc(N(C)C)cc1
UFNXQFILCHKKPD,10.57,pKaH1,1,10.57,10.57,Approximate,Cc1nc(C)c(C)c(N)c1C
UFUVLAQFZSUWHR,10.32,pKaH1,1,10.32,10.32,Approximate,CN(C)C1CCCCC1O
UGERGYDWQOPISO,3.75,pKaH1,1,3.75,3.75,Uncertain,CCc1n[nH]c(CC)n1
UGQNGGGQIGXDSR,3.43,pKaH1,1,3.43,3.43,Approximate,C=CCOc1nc(N)nc(N)n1
UGQUKIBVEBEAQH,10.45,pKaH1,1,10.45,10.45,Uncertain,CCN(CC)CCCCCCCCNc1c2ccc(Cl)cc2nc2ccc(OC)cc12
UGSBCCAHDVCHGI,2.78,pKaH1,1,2.78,2.78,Approximate,Nc1ccc([N+](=O)[O-])cn1
UGTWMWCZTAKZGE,3.4,pKaH1,1,3.4,3.4,Approximate,O=C(O)c1ncnc2ccccc12
UHAQMLODFYUKOM,9.42,pKaH1,1,9.42,9.42,Uncertain,CC(C)c1ccc(C(C)N)cc1
UHBDSSDWLNUODA,5.94,pKaH1,1,5.94,5.94,Uncertain,CNc1ccc(SC)nn1
UHFHXGARFLWEAF,0.56,pKaH1,1,0.56,0.56,Uncertain,Cn1ccc(=S)c2ccccc21
UHGULLIUJBCTEF,4.48,pKaH1,1,4.48,4.48,Approximate,Nc1nc2ccccc2s1
UHPIOPMELXIDLL,1.31,pKaH1,1,1.31,1.31,Uncertain,N#Cc1cncc(C#N)c1
UHRHPPKWXSNZLR,1.95,pKaH1,1,1.95,1.95,Approximate,Nc1ncc(Br)cn1
UHYBQLHLHAROJR,7.06,pKaH1,1,7.06,7.06,Approximate,NNC(=O)C(N)Cc1ccccc1
UICBCXONCUFSOI,1.3,pKaH1,1,1.3,1.3,Uncertain,CC(=O)NNc1ccccc1
UICCSKORMGVRCB,9.73,pKaH1,1,9.73,9.73,Uncertain,CCN(CC)CCNCCN(CC)CC
UIFMVOCSENMRMF,6.48,pKaH1,1,6.48,6.48,Approximate,CSc1nc2cnccc2n1C
UIHPNZDZCOEZEN,7.09,pKaH1,1,7.09,7.09,Uncertain,COC(=O)[C@@H](N)CCSC
UIOQNZBJJRKZCR,4.4,pKaH1,1,4.4,4.4,Approximate,Nc1ncncc1NC=O
UJAQYOZROIFQHO,5.27,pKaH1,2,5.26,5.28,Approximate,Cc1cc2cccnc2c2ncccc12
UJGVUACWGCQEAO,7.93,pKaH1,1,7.93,7.93,Approximate,CCN1CC1
UJIKXAYLJJLCBA,10.21,pKaH1,1,10.21,10.21,Approximate,CCCNCCNCCNC(C)C
UJOCHXSZBWVPEH,5.84,pKaH1,1,5.84,5.84,Approximate,CC(=O)N1CCNc2nc(N)nc(N)c21
UJYKXBDYOPPOCY,6.77,pKaH1,1,6.77,6.77,Approximate,Cc1nc2cc(N)ccc2[nH]1
UKBHGLPFJLCZIL,6.68,pKaH1,1,6.68,6.68,Approximate,Nc1ccc2cc3ccc4ccccc4c3nc2c1
UKDLMYNFIRTYRF,4.58,pKaH1,1,4.58,4.58,Uncertain,CCNc1nc(=O)n(C)cc1C
UKLPOYVSXNESOZ,5.76,pKaH1,1,5.76,5.76,Approximate,Nc1nc(N)c2c(n1)NCCN2C=O
UKLSJMPZHKFSQJ,2.59,pKaH1,1,2.59,2.59,Approximate,CNc1nccc(Cl)n1
UKODFQOELJFMII,9.38,pKaH1,2,9.35,9.4,Approximate,CN(C)CCN(C)CCN(C)C
UKRJDZBIXJWPJM,2.98,pKaH1,1,2.98,2.98,Uncertain,COc1c(Br)cc(N)cc1Br
UKTUSMPABPAKCL,5.62,pKaH1,1,5.62,5.62,Approximate,C1=Nc2nn(Cc3ccccc3)nc2CN1
UKUNIEPAEIRELD,8.27,pKaH1,1,8.27,8.27,Approximate,CCCC(=O)OC(C)CN(C)C
ULDVOGSZWPDXOI,1.43,pKaH1,1,1.43,1.43,Uncertain,CCOC(=O)c1cnc(C)nc1NC(C)=O
ULEAQRIQMIQDPJ,9.39,pKaH1,1,9.388,9.388,Reliable,CCC(N)CN
ULEQUBHNFINDKW,2.66,pKaH1,1,2.66,2.66,Uncertain,Nc1ccc(-c2cc(=O)c3ccccc3o2)cc1
ULHFFAFDSSHFDA,4.43,pKaH1,1,4.43,4.43,Approximate,CCOc1ccccc1N
ULIDRMKBVYYVIQ,1.12,pKaH1,1,1.12,1.12,Uncertain,Nc1nnnn1-c1ccccc1
ULJCIHWZTHYEHS,10.14,pKaH1,1,10.14,10.14,Approximate,Cn1cc(Cl)cc(Cl)c1=N
ULNQZHOCYKQRAK,2.99,pKaH1,1,2.99,2.99,Unrated,O=[N+]([O-])c1ccc(SNc2ccccc2)cc1
ULPBJGVRVXWECP,1.5,pKaH1,1,1.5,1.5,Approximate,Cc1cc(C)n(-c2ccc([N+](=O)[O-])cc2)n1
ULRMZSNOIFPPGZ,3.13,pKaH1,1,3.13,3.13,Approximate,CCCCCCN(CC[N+]1(C)CCCCC1)c1ccccc1
UMBVNCGCAYHVJO,0.55,pKaH1,1,0.55,0.55,Approximate,Cc1cc(C)n(-c2ccc([N+](=O)[O-])cc2[N+](=O)[O-])n1
UMGDCJDMYOKAJW,-1.0,pKaH1,1,-1.0,-1.0,Uncertain,NC(N)=S
UMJSCPRVCHMLSP,4.88,pKaH1,4,4.78,4.91,Approximate,COc1cccnc1
UMJVKPYTXOUBSB,5.71,pKaH1,1,5.71,5.71,Approximate,CC(C)n1cnc2ccccc21
UMKLWBFJFMDZAH,4.65,pKaH1,1,4.65,4.65,Approximate,NN(Cl)c1ccccc1
UMMQVDUMUMBTAV,7.53,pKaH1,1,7.53,7.53,Approximate,NC(=O)C(N)Cc1c[nH]cn1
UNAHOIFQEOHOMU,8.32,pKaH1,1,8.32,8.32,Approximate,CC(=O)OC(C)CN(C)C
UNBRKDKAWYKMIV,6.65,pKaH1,1,6.65,6.65,Approximate,CC[C@@H](CO)NC(=O)[C@@H]1C=C2c3cccc4[nH]cc(c34)C[C@H]2N(C)C1
UNFKEIQGNOTSIY,5.58,pKaH1,1,5.58,5.58,Approximate,CCCc1c(C)nc(NC)nc1C
UNIJBMUBHBAUET,8.1,pKaH1,1,8.1,8.1,Approximate,CNCCC#N
UNSHGPXUKXAIDF,7.5,pKaH1,1,7.5,7.5,Uncertain,CCCCCCCCN(CC(O)CC)CC(O)CC
UNTQXOJGXGRHMG,1.78,pKaH1,1,1.78,1.78,Approximate,Cc1nn(C)c(C)c1Br
UOADZOTZRYGAKT,10.37,pKaH1,1,10.37,10.37,Uncertain,CC1=CCCCC1N
UOIOGRJMBMHOJZ,3.88,pKaH1,1,3.88,3.88,Approximate,c1ccc(Nc2ncnc3[nH]ncc23)cc1
UPBCZSPIKHWKRX,6.32,pKaH1,1,6.32,6.32,Approximate,CNc1cc(NC)ncn1
UPMNCOJZRKZRTO,3.2,pKaH1,1,3.2,3.2,Approximate,FC(F)(F)c1cccc2ncncc12
UPPLSUDJSIYVTG,8.28,pKaH1,1,8.28,8.28,Approximate,CC#CCN(C)C
UPWFAGQZEUYCAX,9.45,pKaH1,1,9.45,9.45,Uncertain,CC(C)NCC(O)Cc1cccc2ccccc12
UPWGLVMHTJEWLR,5.85,pKaH1,1,5.85,5.85,Approximate,CSc1ccnc2ccccc12
UPZKDMZTYWNVST,4.96,pKaH1,1,4.96,4.96,Uncertain,Cc1nc(N)c2cnn(C)c2n1
UQCRWZBDTZVPMJ,3.04,pKaH1,1,3.04,3.04,Uncertain,CC[As](=O)(CC)c1ccc(OC)cc1
UQFQONCQIQEYPJ,2.06,pKaH1,2,2.04,2.09,Approximate,Cn1cccn1
UQGISJXSKIXATC,5.27,pKaH1,1,5.27,5.27,Approximate,CCCCNc1nc(C)cc(C)n1
UQRLKWGPEVNVHT,2.38,pKaH1,4,2.309,2.44,Reliable,Nc1cc(Cl)cc(Cl)c1
UQUDZKOREXYFDJ,5.38,pKaH1,1,5.38,5.38,Approximate,Cn1cnnc1N
UQZPGHOJMQTOHB,6.55,pKaH1,1,6.55,6.55,Approximate,CCN(CCCl)CCCl
URHUZZRZASOLKY,4.07,pKaH1,1,4.07,4.07,Approximate,Nc1cccc2cc3cccc(N)c3nc12
USDJGQLNFPZEON,4.0,pKaH1,3,4.0,4.1,Approximate,OCNc1nc(NCO)nc(NCO)n1
USEREBLDLPTNKM,9.43,pKaH1,1,9.43,9.43,Uncertain,C[C@@H]1C=CCCN1C
USEULNMCTNTCHX,2.11,pKaH1,1,2.11,2.11,Uncertain,CCOC(=O)c1nc(S)nc(N)c1N
USGFQNPDBRTTEJ,3.21,pKaH1,1,3.21,3.21,Approximate,CCCCCCCN(CC[N+]1(C)CCCCC1)c1ccccc1
USPFODDAZNDECA,4.5,pKaH1,1,4.5,4.5,Approximate,Nc1cc2c3c(cccc3c1)CC2
USRVGNHEIXGHPP,4.2,pKaH1,1,4.2,4.2,Approximate,CCNc1ncnc2c1cnn2C
USSIQXCVUWKGNF,9.53,pKaH1,2,8.94,10.12,Approximate,CCC(=O)C(CC(C)N(C)C)(c1ccccc1)c1ccccc1
USSPHSVODLAWSA,10.57,pKaH1,1,10.57,10.57,Unrated,CCC(C)N(C)C
USVMJSALORZVDV,3.76,pKaH1,1,3.76,3.76,Approximate,CC(C)=CCNc1ncnc2c1ncn2[C@@H]1O[C@H](CO)[C@@H](O)[C@H]1O
USVOBUURUUPYAZ,5.23,pKaH1,3,5.163,5.312,Reliable,CCC1=NCC(C)S1
USZCEMAXQGZEEK,4.73,pKaH1,1,4.73,4.73,Uncertain,NC(CC(N)=NO)=NO
UTCSSFWDNNEEBH,6.79,pKaH1,1,6.79,6.79,Approximate,c1ccn2ccnc2c1
UTEHCBNZRXNAQM,3.98,pKaH1,1,3.98,3.98,Unrated,CC(=O)c1ccc(-c2ccc(N)cc2)cc1
UTQDHZMLKBOPTL,8.7,pKaH1,1,8.7,8.7,Uncertain,CCC(O)CN(C)CCO
UTXPWBKKZFLMPZ,5.84,pKaH1,1,5.84,5.84,Approximate,Nc1ccc2nc3ccccc3cc2c1
UUEUTVGGJJNJIN,2.97,pKaH1,1,2.97,2.97,Uncertain,Nc1ccc(-c2cc(=O)c3c(ccc4ccccc43)o2)cc1
UUIMDJFBHNDZOW,5.76,pKaH1,1,5.76,5.76,Approximate,CC(C)(C)c1ccccn1
UUINNXPPLPDRQX,3.24,pKaH1,1,3.24,3.24,Approximate,CN(C)c1cnccn1
UUOLETYDNTVQDY,-2.6,pKaH1,1,-2.6,-2.6,Uncertain,O=[N+]([O-])c1cccnc1Cl
UUQMNUMQCIQDMZ,9.72,pKaH1,2,9.65,9.78,Approximate,CNCCc1ccccn1
UUQYBOOCFRULSB,6.7,pKaH1,1,6.7,6.7,Uncertain,CC(=O)OC[C@H]1O[C@@H](Nc2nc(N(C)C)ncc2N)[C@H](OC(C)=O)[C@@H](OC(C)=O)[C@@H]1OC(C)=O
UUVDJIWRSIJEBS,4.28,pKaH1,1,4.28,4.28,Approximate,COc1ccc(N)cn1
UUWYIIVPLIJDMQ,2.58,pKaH1,1,2.58,2.58,Approximate,Nc1ncc([N+](=O)[O-])c(N)n1
UVJLEUDNZAVRMI,11.48,pKaH1,1,11.48,11.48,Approximate,Cc1nc(=N)n(C)c(C)c1-c1ccccc1
UVKZSORBKUEBAZ,8.16,pKaH1,1,8.16,8.16,Uncertain,CN1CCN(C(c2ccccc2)c2ccccc2)CC1
UVSPBAFXKQMDBG,8.29,pKaH1,1,8.29,8.29,Approximate,CCC(=O)OCCN(C)C
UVXXBSCXKKIBCH,9.85,pKaH1,1,9.85,9.85,Uncertain,CC(C)C(N)c1ccccc1
UWKPCZOLBPDQGH,2.81,pKaH1,1,2.81,2.81,Approximate,Cc1nc(N)nc2nccnc12
UWSONZCNXUSTKW,3.73,pKaH1,1,3.73,3.73,Approximate,Cc1ncsc1C
UXFQFBNBSPQBJW,8.79,pKaH1,9,8.649,8.9508,Reliable,CC(N)(CO)CO
UXGODLMTNRKWLV,8.29,pKaH1,1,8.29,8.29,Approximate,CCc1cccc2c(N)nc(N)nc12
UXGVFEKDMFGWRF,4.11,pKaH1,1,4.11,4.11,Uncertain,COc1cnc(C)nc1OC
UXLWKZBDYWASHX,4.16,pKaH1,1,4.16,4.16,Approximate,C1=NNC2(C1)CCCC2
UXSRDBONEIZHCE,2.52,pKaH1,1,2.52,2.52,Approximate,CNc1ncnc(NC)c1[N+](=O)[O-]
UYAUGHKQCCCFDK,10.4,pKaH1,1,10.4,10.4,Uncertain,N[C@H]1C[C@H](N)C[C@H](N)C1 
UYAWSMUOLFSNGC,2.23,pKaH1,1,2.23,2.23,Approximate,Cc1cnccc1[N+](=O)[O-]
UYBWIEGTWASWSR,9.62,pKaH1,4,9.42,9.69,Approximate,NCC(O)CN
UYKRFRIIVXQIHO,3.27,pKaH1,1,3.27,3.27,Approximate,CN(C)c1cccc(C(F)(F)F)c1
UYMQPNRUQXPLCY,9.47,pKaH1,1,9.47,9.47,Approximate,C1CCN(CCN2CCCCC2)CC1
UYPYRKYUKCHHIB,4.62,pKaH1,2,4.6,4.65,Uncertain,C[N+](C)(C)[O-]
UYWSLHVXTFOLLY,4.82,pKaH1,1,4.82,4.82,Approximate,Cc1nc2ncnc(N(C)C)c2nc1C
UZCXPYDBYUEZCV,9.17,pKaH1,1,9.17,9.17,Approximate,COC(=O)CCN
UZDDXUMOXKDXNE,9.45,pKaH1,1,9.45,9.45,Uncertain,Cc1ccc(C(C)N)cc1
UZOFELREXGAFOI,10.78,pKaH1,1,10.78,10.78,Uncertain,CC1CCNCC1
UZPAEHFZWPKMIT,5.34,pKaH1,1,5.34,5.34,Approximate,NNCC(F)(F)C(F)(F)C(F)(F)C(F)F
UZXQTTITYSXQQH,9.9,pKaH1,1,9.9,9.9,Approximate,NCCNCC1CCCO1
VAMXMNNIEUEQDV,2.32,pKaH1,3,2.23,2.36,Approximate,COC(=O)c1ccccc1N
VATUKUMHBXZSCD,10.27,pKaH1,1,10.27,10.27,Approximate,CCCNCCNCCC
VATYWCRQDJIRAI,1.76,pKaH1,1,1.76,1.76,Uncertain,Nc1ccc(C=O)cc1
VAUUKUSVLIDODG,9.22,pKaH1,1,9.22,9.22,Approximate,CN1C=Nc2ccccc2C1
VAYNELPXGBTUQB,9.99,pKaH1,1,9.99,9.99,Approximate,C#CCn1cccnc1=N
VBAIRYVPTYQOSB,-2.56,pKaH1,1,-2.56,-2.56,Unrated,N#Cc1ncc2ccccc2n1
VBBZYTHLXKGIES,4.97,pKaH1,1,4.97,4.97,Approximate,C=CCNc1nc(C)cc(C)n1
VBGLNUVRKRHTQW,9.25,pKaH1,1,9.25,9.25,Uncertain,C=C1CCN(C)C(C)C1
VBPAOWSIZPGRAK,4.4,pKaH1,1,4.4,4.4,Uncertain,CNc1ccn(C)c(=O)n1
VBPXEKJPOHSJCA,6.9,pKaH1,1,6.9,6.9,Approximate,OC1NC=Nc2cccc(F)c21
VBXZSFNZVNDOPB,13.0,pKaH1,1,13.0,13.0,Uncertain,C1=NCCCN1
VBYDSMBICNUTKN,3.54,pKaH1,1,3.54,3.54,Approximate,NNc1cccc(C(=O)O)c1
VCARWOLXSNJYKS,3.48,pKaH1,1,3.48,3.48,Approximate,Nc1cccc2cc(Cl)ccc12
VCCUOZSDXVZCSK,7.13,pKaH1,1,7.13,7.13,Uncertain,CC1=C(CCC(=O)O)c2cc3nc(cc4[nH]c(cc5[nH]c(cc1n2)c(CCC(=O)O)c5C)c(CCC(=O)O)c4C)C(CCC(=O)O)=C3C
VCJFXSJLWBYCGL,1.68,pKaH1,1,1.68,1.68,Uncertain,CC(=O)OC[C@H]1O[C@@H](n2c(=O)c(C)nc3cnc(N(C)C)nc32)[C@H](OC(C)=O)[C@@H](OC(C)=O)[C@@H]1OC(C)=O
VCRIIASIQKILLO,9.01,pKaH1,1,9.01,9.01,Approximate,CNCC(O)c1ccc(C2CCCCC2)cc1
VCTKHAITZCLDQO,8.3,pKaH1,1,8.3,8.3,Uncertain,CCCCCCCCN(CCO)CC(O)CC
VDBOYWVZSRHHDX,3.77,pKaH1,1,3.77,3.77,Approximate,Cc1ccc(N(CC[N+]2(C)CCCCC2)C2CCCCC2)cc1
VDHZYHFSCAGWNA,9.2,pKaH1,1,9.2,9.2,Uncertain,CCC(O)CN(CC)CC(O)CC
VDIBDWKRJWVFLX,9.05,pKaH1,1,9.05,9.05,Approximate,c1nc(CNCCNCc2c[nH]cn2)c[nH]1
VDMSOXIJZIXMBC,0.7,pKaH1,1,0.7,0.7,Uncertain,Cc1nn(-c2ccc([N+](=O)[O-])cc2[N+](=O)[O-])c(C)c1C
VDOKYXHLVQGSJQ,9.15,pKaH1,1,9.15,9.15,Uncertain,CC(N)c1ccc(N(C)C)cc1
VDSDDDOYBFMUNA,6.6,pKaH1,1,6.6,6.6,Uncertain,Cc1cc(N)nc(Nc2ccc(Cl)cc2)n1
VDYFFXPVIBDLOT,3.58,pKaH1,1,3.58,3.58,Approximate,Cc1nc(C)c2ccccc2n1
VEFOJDMURFFXQG,4.91,pKaH1,1,4.91,4.91,Uncertain,CCOC(=O)c1ccccc1N(C)N
VEKIYFGCEAJDDT,4.42,pKaH1,1,4.42,4.42,Approximate,c1ccc(-c2cccnc2)nc1
VELMFSUEGUVHCX,9.21,pKaH1,1,9.21,9.21,Approximate,CC(C)NCC(O)c1cccc([N+](=O)[O-])c1
VELRBZDRGTVGGT,4.0,pKaH1,1,4.0,4.0,Approximate,COc1cc(N)ncn1
VEQOALNAAJBPNY,1.45,pKaH1,3,1.38,1.46,Approximate,Cc1cc(=O)n(-c2ccccc2)n1C
VERCQLOBLOLFMW,6.09,pKaH1,1,6.09,6.09,Approximate,CNc1ccncn1
VEXNFKCQMGMBBJ,9.5,pKaH1,1,9.5,9.5,Uncertain,CCC(CN(C)C)(CN(C)C)OC(=O)c1ccccc1
VFATYAVSACUHHG,3.54,pKaH1,1,3.54,3.54,Approximate,Nc1ncnc2nccnc12
VFEQNPGZPIIDNH,4.08,pKaH1,1,4.08,4.08,Approximate,Cc1nc(C)c(C)c([N+](=O)[O-])c1C
VFPLSXYJYAKZCT,4.18,pKaH1,1,4.18,4.18,Unrated,Nc1ccc(C=Cc2ccccc2)cc1
VFRBTMKRGPDGJM,7.23,pKaH1,1,7.23,7.23,Approximate,OC1NC=Nc2ccc(F)cc21
VGJLGPCXUGIXRQ,9.45,pKaH1,1,9.45,9.45,Approximate,Cc1cnccc1N
VGKOARVVEXZTPU,3.39,pKaH1,1,3.39,3.39,Approximate,CNc1cnccn1
VGNVBKUYGALSMJ,2.19,pKaH1,1,2.19,2.19,Approximate,CCc1cnccc1[N+](=O)[O-]
VGPXDCFQHLYULJ,5.31,pKaH1,1,5.31,5.31,Approximate,Cc1nc(N)nc(C)c1-c1ccc(N(C)C)cc1
VGUWFGWZSVLROP,6.17,pKaH1,1,6.17,6.17,Uncertain,c1ccc(CN(Cc2ccccn2)Cc2ccccn2)nc1
VGYHQNOIBOIGDE,3.53,pKaH1,1,3.53,3.53,Approximate,COc1cc(N)cccc1=O
VHFDYFUMWJSVCA,7.4,pKaH1,2,7.39,7.41,Approximate,Cc1ccc(S(=O)(=O)N2CCNCC2)cc1
VHKHQYDKHMKDOB,5.85,pKaH1,1,5.85,5.85,Approximate,CCOP(=O)(CN(C)C)OCC
VHLDQIMZRQVNNP,3.4,pKaH1,1,3.4,3.4,Uncertain,CN1C(O)=c2c(ncn2C)=NC1N
VHLGRKTXILMMPF,4.53,pKaH1,1,4.53,4.53,Unrated,CC[N+]([O-])(CC)c1ccccc1
VHPYXWIPYRLYSB,9.45,pKaH1,1,9.45,9.45,Approximate,Cc1cccc(C(O)CNC(C)C)c1
VHQGMYPRKZUJMB,6.69,pKaH1,1,6.69,6.69,Unrated,C[NH+]1CCCCC1CCN(CC1CCCCC1)C1CCCCC1
VHRGRCVQAFMJIZ,10.92,pKaH1,4,10.25,10.96,Approximate,NCCCCCN
VHTPXTNJEUFDQI,4.67,pKaH1,1,4.67,4.67,Approximate,Nc1ccc2c(c1)Cc1c-2ccc2ccccc12
VHYFNPMBLIVWCW,9.61,pKaH1,3,9.6,9.7,Approximate,CN(C)c1ccncc1
VIDTUIAYWHYNFF,8.7,pKaH1,1,8.7,8.7,Approximate,CNNC1CCN(C)CC1
VIEYWHMZUWFHDR,1.54,pKaH1,1,1.54,1.54,Approximate,[O-][n+]1cnc2cc(Cl)ccc2c1
VIHRIIARIFUQLC,5.91,pKaH1,1,5.91,5.91,Approximate,N#CCCNN
VIHYIVKEECZGOU,3.6,pKaH1,1,3.6,3.6,Uncertain,CC(=O)n1ccnc1
VILCJCGEZXAXTO,9.92,pKaH1,5,9.76,9.99,Approximate,NCCNCCNCCN
VIPYGEPUMNIBDP,4.55,pKaH1,1,4.55,4.55,Approximate,CSc1cc(N(C)C)ncn1
VIRYUCBHHVDXTB,9.36,pKaH(ax-ax),1,9.36,9.36,Approximate,C[C@H]1C[C@H]([N+](=O)[O-])C2CCCCC2N1 
VIUDTWATMPPKEL,3.34,pKaH1,2,3.2,3.49,Approximate,Nc1cccc(C(F)(F)F)c1
VIVLBCLZNBHPGE,9.36,pKaH1,1,9.36,9.36,Approximate,COCCCN(C)C
VJOFNWDVXXUHAG,7.66,pKaH1,1,7.66,7.66,Uncertain,CN(C)Cc1ccncc1
VJOHPAMUAGYVFA,6.18,pKaH1,1,6.18,6.18,Approximate,CCN(CC)c1nc(N)nc(N(CC)CC)n1
VJOWMORERYNYON,5.67,pKaH1,1,5.67,5.67,Approximate,C=Cc1ccc(C)nc1
VJXRKZJMGVSXPX,6.02,pKaH1,4,5.87,6.03,Approximate,CCc1ccncc1
VJYAAEBRCLLNBO,3.29,pKaH(2-NH2),1,3.29,3.29,Approximate,NC1(N)C=CC(S(=O)(=O)O)=CC1
VKDYBDCMXKTJCE,2.67,pKaH1,1,2.67,2.67,Approximate,Cc1ncc([N+](=O)[O-])c(N)n1
VKIIMOIVUDKMFI,11.52,pKaH1,1,11.52,11.52,Approximate,Cc1cc(C)n(C)c(=N)n1
VKKZLUVJHLBNFO,3.73,pKaH1,1,3.73,3.73,Uncertain,CCOC(=O)c1ncc2c(n1)NC(O)C(O)N2
VKMGSWIFEHZQRS,9.27,pKaH1,1,9.27,9.27,Approximate,CC(C)NCC(O)c1ccc(Cl)c(Cl)c1
VKYKSIONXSXAKP,6.3,pKaH1,1,6.3,6.3,Uncertain,C1N2CN3CN1CN(C2)C3
VKZOJRVWQSUKMP,9.5,pKaH1,1,9.5,9.5,Approximate,Cc1nc(=N)n(C)cc1C(N)=O
VLBIFZRXPKFCDT,7.61,pKaH1,1,7.61,7.61,Approximate,c1nc(CC2CN2)c[nH]1
VLMNYMSCQPXJDR,7.94,pKaH1,1,7.94,7.94,Approximate,OCCNCc1ccccn1
VLQBSKLZRSUMTJ,3.59,pKaH1,1,3.59,3.59,Approximate,CSc1ccccn1
VLUJVEMIJSCZAH,1.4,pKaH1,2,1.4,1.4,Uncertain,CC(=O)OC[C@H]1O[C@@H](Nc2nc(N(C)C)ncc2[N+](=O)[O-])[C@H](OC(C)=O)[C@@H](OC(C)=O)[C@H]1OC(C)=O
VLVCDUSVTXIWGW,3.8,pKaH1,10,3.71,3.897,Reliable,Nc1ccc(I)cc1
VLWZXLNEPIJQIG,3.51,pKaH1,1,3.51,3.51,Approximate,CN(C)C=Nc1nnn(C)c1C#N
VMDFZJPYHJYRAM,-0.34,pKaH1,1,-0.34,-0.34,Uncertain,CCCc1c(C)nc(Cl)nc1C
VMESOKCXSYNAKD,5.2,pKaH1,1,5.2,5.2,Approximate,CN(C)O
VMLKTERJLVWEJJ,2.84,pKaH1,1,2.84,2.84,Approximate,c1cnc2cccnc2c1
VMOWKUTXPNPTEN,10.47,pKaH1,1,10.47,10.47,Unrated,CC(C)N(C)C
VMPITZXILSNTON,4.52,pKaH1,10,4.437,4.623,Reliable,COc1ccccc1N
VMRLTXDXQQGXMR,6.78,pKaH1,1,6.78,6.78,Approximate,Nc1cc(N)nc(N2CCCCC2)n1
VNPCIBFTAYHHLJ,2.46,pKaH1,1,2.46,2.46,Approximate,CSc1cnc2cncnc2n1
VNRWRBJKPUBFDY,9.48,pKaH1,1,9.48,9.48,Approximate,NCCc1cscn1
VNVPADRSDMYIKU,6.48,pKaH1,1,6.48,6.48,Uncertain,CCN(CC)c1cccc(C(O)(c2ccccc2)c2ccccc2)c1
VOFKUYCFQAJCSR,5.2,pKaH1,1,5.2,5.2,Unrated,CC(C)CN(C)c1ccccc1
VOPWYDLUZFPJNL,3.16,pKaH1,1,3.16,3.16,Approximate,Cc1ncnc2c1ncn2C
VOQKTEBQGFBBQB,8.92,pKaH1,1,8.917,8.917,Approximate,CCN(CC)CCNC(=O)c1ccc(C)cc1C
VOWZNBNDMFLQGM,4.53,pKaH1,3,4.53,4.57,Approximate,Cc1ccc(C)c(N)c1
VPCJGCZSMXTDOS,9.93,pKaH1,1,9.93,9.93,Unrated,NCCCC(Cl)(Cl)Cl
VPCRKNMOGIYKLI,9.83,pKaH1,1,9.834,9.834,Approximate,CCN(CC)CCCNC(=O)c1cc(C)cc(C)c1
VPEWGUGWXFHTEA,9.1,pKaH1,1,9.1,9.1,Uncertain,CNNC1CCN(C(C)C)CC1
VPNOHCYAOXWMAR,10.6,pKaH1,1,10.6,10.6,Approximate,CCCCCCCCCCCCCCCCCCCCCCN
VPYJNCGUESNPMV,8.31,pKaH1,1,8.31,8.31,Approximate,C=CCN(CC=C)CC=C
VQAYFKKCNSOZKM,4.01,pKaH1,1,4.01,4.01,Approximate,CNc1ncnc2c1ncn2[C@@H]1O[C@H](CO)[C@@H](O)[C@H]1O
VQCBAVXIIYKUKZ,8.88,pKaH1,2,8.85,8.91,Uncertain,CN(C)CCN(c1ccccn1)c1cccs1
VQGHOUODWALEFC,4.77,pKaH1,1,4.77,4.77,Approximate,c1ccc(-c2ccccn2)cc1
VQJHOPSWBGJHQS,7.15,pKaH1,1,7.15,7.15,Approximate,Cc1nc(N)nc(N)c1-c1ccc(Cl)c(Cl)c1
VQLXPSANRSPTEZ,8.11,pKaH1,1,8.11,8.11,Approximate,NC1CC1c1ccc(Cl)cc1
VQMPTVQCADWACQ,10.63,pKaH1,1,10.63,10.63,Approximate,CCC(C)(N)CC
VQNOAXZUEKPSJC,1.92,pKaH1,1,1.92,1.92,Uncertain,CSc1nccs1
VQQXEPFQMVLAHH,4.9,pKaH1,1,4.9,4.9,Approximate,Cc1c(Cc2ccccc2)sc2nc(N)nc(N)c12
VQTVFIMEENGCJA,3.91,pKaH1,1,3.91,3.91,Approximate,Cc1c[nH]nc1C
VQZRXBOTCNWNLM,3.56,pKaH1,1,3.56,3.56,Approximate,Cc1nc(C)nc(N)n1
VRBPMSYSMGCTSP,4.23,pKaH1,1,4.23,4.23,Uncertain,CCC1=NNC(CC)=NN1
VRGJBLKPVCIUQR,2.4,pKaH1,1,2.4,2.4,Approximate,COc1ccc(-c2ncccn2)cc1[N+](=O)[O-]
VRPPSLVVOJJJPC,6.59,pKaH1,1,6.59,6.59,Approximate,Nc1c2ccccc2nc2cc(O)ccc12
VRZWCYZJGUYTKU,2.27,pKaH1,1,2.27,2.27,Approximate,Cn1cnc2cncnc21
VRZWHBILVSDZSL,7.55,pKaH1,1,7.55,7.55,Approximate,c1ccc(CNCc2cccc(CNCc3ccccn3)n2)nc1
VSCUOPYQTBRAQC,9.07,pKaH1,1,9.067,9.067,Approximate,CCN(CC)CCNC(=O)c1cc(C)c(C)c(C)c1
VSDUZFOSJDMAFZ,7.0,pKaH1,1,7.0,7.0,Approximate,COC(=O)C(N)Cc1ccccc1
VSHTWPWTCXQLQN,5.28,pKaH1,2,5.12,5.44,Approximate,CCCCNc1ccccc1
VSKKJZDWXKPOGW,4.17,pKaH1,1,4.17,4.17,Approximate,CC(C)(C)CNc1ccccc1
VSOSXKMEQPYESP,3.76,pKaH1,1,3.76,3.76,Approximate,c1cnc2ccncc2c1
VSRBKQFNFZQRBM,10.67,pKaH1,1,10.67,10.67,Approximate,CCCCCC(C)N
VSYFZULSKMFUJJ,0.49,pKaH1,1,0.49,0.49,Uncertain,Cc1cc(=O)cc(C)o1
VTDIAAMLTKQNKC,5.36,pKaH1,1,5.36,5.36,Approximate,CNc1c(C)nc(SC)nc1N
VTDIWMPYBAVEDY,10.41,pKaH1,1,10.41,10.41,Approximate,CCCN1CCCCC1
VTPHBSDUTXOHKG,3.11,pKaH1,1,3.11,3.11,Approximate,CCSc1ccc2cncnc2c1
VTSUWHFLMJLYKN,1.32,pKaH1,1,1.32,1.32,Approximate,CC(C)Nc1ccc([N+](=O)[O-])cc1
VTUPHGBSDSMEEB,4.08,pKaH1,1,4.08,4.08,Uncertain,CSc1cccc2ccc(C)nc12
VTYZNBCPJCHMMY,13.85,pKaH1,1,13.85,13.85,Approximate,CN=c1nc(N(C)C)ccn1C
VUNXBQRNMNVUMV,7.75,pKaH1,1,7.75,7.75,Approximate,O=C(c1ccccc1)N1CCNCC1
VUTKVOINBFMGHU,2.06,pKaH1,1,2.06,2.06,Unrated,CS(=O)(=O)c1cccc2cccc(N)c12
VUZMIFMWXDKGLV,6.7,pKaH1,1,6.7,6.7,Approximate,Nc1ccc2c(Cl)c3ccccc3nc2c1
VVAKEQGKZNKUSU,4.7,pKaH1,3,4.7,4.72,Approximate,Cc1cccc(N)c1C
VVIBKOZVDAIQTG,9.24,pKaH1,1,9.241,9.241,Approximate,CCN(CC)CC(C)NC(=O)c1cc(C)cc(C)c1
VVJIVFKAROPUOS,9.89,pKaH1,1,9.89,9.89,Approximate,NCC(CN)(CN)CN
VVJKKWFAADXIJK,9.49,pKaH1,1,9.49,9.49,Approximate,C=CCN
VVWYITDJCXWVRI,3.75,pKaH1,1,3.75,3.75,Approximate,CCC(C)Nc1ncc2nccnc2n1
VWLLPPSBBHDXHK,2.93,pKaH1,1,2.93,2.93,Approximate,N#Cc1ccc(N)c(N)c1
VWMQNBSOCPVOIJ,7.49,pKaH1,1,7.49,7.49,Approximate,Cc1cc(NCC(C)C)nc(C)n1
VWSLLSXLURJCDF,11.1,pKaH1,2,11.09,11.1,Approximate,CC1=NCCN1
VWUDGSYCJGEGOI,10.7,pKaH1,1,10.7,10.7,Approximate,CN1CCN=C1c1ccccc1
VWWFWWPIVDCWBX,6.85,pKaH1,1,6.85,6.85,Approximate,CC(CC(c1ccccc1)c1ccccc1)N1CCOCC1
VWXCCBWDYXEYTL,3.17,pKaH1,1,3.17,3.17,Approximate,CNc1ncc(-c2ccc(Br)cc2)cn1
VXDPPGNAYZJZPM,4.37,pKaH1,1,4.37,4.37,Approximate,Cc1nncc2ccccc12
VXGRMCZTYDXKQW,7.66,pKaH1,1,7.662,7.662,Approximate,CCC[C@H](N)C(=O)OC
VXPUAJALRVCLNP,8.02,pKaH1,1,8.02,8.02,Approximate,N#CC(CCN1CCCCC1)(c1ccccc1)c1ccccc1
VXUCIIDWTFPYJS,5.4,pKaH1,1,5.4,5.4,Uncertain,Cc1cc(C)nc(NC(C)CCC(C)C)n1
VXUIVCXAILSXKI,7.86,pKaH1,1,7.86,7.86,Approximate,Cc1cc(NC(C)(C)C)nc(C)n1
VYCKDIRCVDCQAE,5.03,pKaH1,1,5.03,5.03,Approximate,Nc1cc2ccccc2cn1
VYMQLQVLMDEDRO,10.24,pKaH1,1,10.24,10.24,Uncertain,CN1CC2CCC(CC2)C1
VYUZSRHSWYCKHR,9.99,pKaH1,1,9.99,9.99,Uncertain,CN(C)CCC(C1=NCCN1)c1ccccc1
VYWSGUJCLTXPHA,2.5,pKaH1,1,2.5,2.5,Approximate,CSc1nc(C)cs1
VYYPHZNROWKBPG,3.68,pKaH1,1,3.68,3.68,Approximate,CNc1ncnc2nccnc12
VZDNXXPBYLGWOS,3.56,pKaH1,4,3.44,3.61,Approximate,COC(=O)c1cccc(N)c1
VZEKCZDTFDCTQV,8.84,pKaH1,1,8.84,8.84,Approximate,CO[C@H]1O[C@H](CN)[C@@H](O)[C@H](NC(C)=O)[C@H]1O
VZSFNWNPGOTXER,10.23,pKaH1,1,10.23,10.23,Uncertain,CC(C)NCC(O)C1CCC(O)CC1
VZWOXDYRBDIHMA,3.42,pKaH1,2,3.4,3.43,Approximate,Cc1nccs1
VZXTWGWHSMCWGA,4.89,pKaH1,2,3.91,5.88,Approximate,Nc1ncnc(N)n1
WAEDMQMDOHQPFL,6.98,pKaH1,1,6.98,6.98,Approximate,CC(C)N(CCCl)CCCl
WAGVAZQFCOMORW,2.42,pKaH1,1,2.42,2.42,Uncertain,CN(C)c1cc(Cl)ncn1
WAJILKSCCAGEGD,3.42,pKaH1,1,3.42,3.42,Approximate,Cn1cnc(N)c(N)c1=O
WAOPHTAIVSNOGX,9.11,pKaH1,1,9.11,9.11,Uncertain,CN(C)C(C)(C)CN1c2ccccc2Sc2ccccc21
WBDGAMWXUFRMSY,4.2,pKaH1,1,4.2,4.2,Approximate,CCCCCCNc1ncnc2c1cnn2C
WBKCSQBLCLDPSF,5.59,pKaH1,1,5.59,5.59,Approximate,CC(NN)C(F)(F)C(F)F
WBRPQQSADOCKCH,3.45,pKaH1,1,3.45,3.45,Approximate,CSc1ccccc1N
WCDSHELZWCOTMI,8.81,pKaH1,1,8.81,8.81,Approximate,CCC(=O)C(CCN1CCCCC1)(c1ccccc1)c1ccccc1
WCHLRKKFIKPHHU,7.82,pKaH1,1,7.82,7.82,Uncertain,O=C(O)C1(O)NC=Nc2ccccc21
WCJFBSYALHQBSK,9.07,pKaH1,2,8.96,9.18,Approximate,CCC(=O)C(CCN(C)C)(c1ccccc1)c1ccccc1
WCMRJKDJBCGZFD,9.36,pKaH1,1,9.36,9.36,Approximate,CC(C)(C)C1NC=Nc2ccccc21
WCWOEQFAYSXBRK,5.46,pKaH1,2,5.35,5.57,Approximate,N[C@@H]1O[C@H](CO)[C@@H](O)[C@H](O)[C@H]1O
WCZVZNOTHYJIEI,2.32,pKaH1,2,2.27,2.37,Approximate,c1ccc2nnccc2c1
WDEAKMXEZRUYOK,8.0,pKaH1,2,7.85,8.16,Approximate,CC(CN(C)C)C(C#N)(c1ccccc1)c1ccccc1
WDEVISCQUPCFDH,9.12,pKaH1,1,9.12,9.12,Approximate,CC(=NO)C(C)(C)CCCCCN
WDFQBORIUYODSI,3.87,pKaH1,12,3.7,3.971,Reliable,Nc1ccc(Br)cc1
WDHJKDFDIXDPBM,7.73,pKaH1,1,7.73,7.73,Uncertain,Cc1cc(NCCC(C)C)nc(C)n1
WDLNUANOMVOAGS,6.14,pKaH1,1,6.14,6.14,Approximate,COC1=Nc2c(N)nc(N)nc2NC1
WDNBZTGOJGOVQH,5.38,pKaH1,1,5.38,5.38,Approximate,Cc1nccn1-c1ccc([N+](=O)[O-])cc1[N+](=O)[O-]
WDRGFDDHLPYBJR,10.19,pKaH1,1,10.19,10.19,Approximate,Cn1cc(Cl)cnc1=N
WDRQTXCHDQOGQL,2.88,pKaH1,1,2.88,2.88,Approximate,CC(C)(C)c1nc(N)ncc1Br
WDVSHHCDHLJJJR,9.62,pKaH1,2,9.6,9.65,Approximate,Nc1ccc2cc3ccc(N)cc3nc2c1
WDYYVNNRTDZKAZ,8.77,pKaH1,1,8.77,8.77,Uncertain,Clc1ccc(CC(=CCN2CCCC2)c2ccccc2)cc1
WECUIGDEWBNQJJ,9.79,pKaH1,1,9.79,9.79,Approximate,CC(N)CCc1ccccc1
WEGAZRQPNJDIJL,7.1,pKaH1,1,7.1,7.1,Approximate,CO[C@H]1[C@H](O)[C@@H](CO)OC(O)[C@@H]1N
WEGYGNROSJDEIW,3.26,pKaH1,3,3.18,3.3,Approximate,CC(=O)c1cccnc1
WEHWNAOGRSTTBQ,10.94,pKaH1,2,10.88,11.0,Approximate,CCCNCCC
WEQDWMONNXSLMK,4.2,pKaH1,1,4.2,4.2,Approximate,Nc1ncnc(N)c1Br
WESDBLALURHRDL,2.87,pKaH1,1,2.87,2.87,Uncertain,Cc1ncnc2nccnc12
WEULTTCXSOUGPM,5.3,pKaH1,1,5.3,5.3,Unrated,c1ccc(NC2CCCC2)cc1
WEVLBELLMOOZRJ,9.58,pKaH1,1,9.58,9.58,Approximate,CCCCOc1ccc(C(O)CNC(C)C)cc1OCCCC
WEWILNPCZSSAIJ,2.73,pKaH1,1,2.73,2.73,Approximate,Nc1cccc2c([N+](=O)[O-])cccc12
WEYQDIOFTCWQJO,10.46,pKaH1,1,10.46,10.46,Approximate,CCN(CC)CCCCCC#N
WEZAHYDFZNTGKE,4.15,pKaH1,2,4.13,4.18,Approximate,CCOc1cccc(N)c1
WEZVFMYJNSHYLG,6.8,pKaH1,2,3.14,10.45,Approximate,Nc1ncc(-c2ccc(Cl)cc2)cn1
WFKAJVHLWXSISD,-0.42,pKaH1,1,-0.42,-0.42,Approximate,CC(C)C(N)=O
WFNAKBGANONZEQ,8.15,pKaH1,1,8.15,8.15,Uncertain,CN1CCN(C(c2ccccc2)c2ccc(Cl)cc2)CC1
WFTJFTSPBXMBSH,2.03,pKaH1,1,2.03,2.03,Approximate,CN(N)c1ccc([SH](=O)=O)cc1
WGBDAOVPGNYODT,5.57,pKaH1,1,5.57,5.57,Uncertain,CSc1c(C)ccc2cccnc12
WGCDXGZYCIMFTN,9.5,pKaH1,1,9.5,9.5,Approximate,CN(C)C1CCc2ccccc2C1
WGEZJWMZNGUEHR,-0.55,pKaH1,1,-0.55,-0.55,Approximate,Nc1cc(O)ccc1[N+](=O)[O-]
WGQKYBSKWIADBV,9.38,pKaH1,9,9.29,9.62,Approximate,NCc1ccccc1
WGURSKWDHNBQAD,4.25,pKaH1,1,4.25,4.25,Unrated,COc1ccc(-c2ccc(N)cc2)cc1
WGYKZJWCGVVSQN,10.71,pKaH1,7,10.403,10.789,Reliable,CCCN
WHPXIOARQDHUIK,5.78,pKaH1,1,5.78,5.78,Uncertain,Nc1nc2c(o1)CCCC2
WHRIKZCFRVTHJH,7.99,pKaH1,1,7.99,7.99,Uncertain,CCNN
WHTVZRBIWZFKQO,10.16,pKaH1,1,10.16,10.16,Uncertain,CCN(CC)CCCC(C)Nc1ccnc2cc(Cl)ccc12
WIHHVKUARKTSBU,3.69,pKaH1,1,3.69,3.69,Approximate,Nc1ccc(Br)cc1N
WIKYUJGCLQQFNW,8.1,pKaH1,1,8.1,8.1,Uncertain,CN1CCN(CCCN2c3ccccc3Sc3ccc(Cl)cc32)CC1
WIQODMDXMMAMJL,3.14,pKaH1,1,3.14,3.14,Uncertain,CCOC(=O)c1nc(OCC)nc2c1N=C(O)CN2
WISQBJLUORKXNY,1.69,pKaH1,1,1.69,1.69,Approximate,CCOC(=O)c1scnc1C
WITMXBRCQWOZPX,0.44,pKaH1,1,0.44,0.44,Approximate,c1ccc(-n2cccn2)cc1
WIUFFBGZBFVVDL,9.18,pKaH1,1,9.18,9.18,Approximate,COc1ccc(C(O)CN)cc1OC
WIZSMOISUQQDDU,7.39,pKaH1,1,7.39,7.39,Approximate,CN(c1ccccc1)C(C)(C)C
WJBMRZAHTUFBGE,9.89,pKaH1,1,9.89,9.89,Approximate,COc1cccc(CCN)c1
WJEWGMQMZKWXFE,6.17,pKaH1,1,6.17,6.17,Approximate,Cn1cnc2cnccc21
WJIPIQALFYTIQL,8.18,pKaH1,1,8.18,8.18,Approximate,CCN(CC)Cc1ccncc1
WJNSNVIQHYHUHX,2.8,pKaH1,1,2.8,2.8,Approximate,CNc1ccnc(Cl)n1
WJPSIGJRAGKCKI,3.06,pKaH1,1,3.06,3.06,Approximate,Nc1ncc(-c2ccc(Br)cc2)cn1
WJTKODNAGPQUPZ,8.34,pKaH1,1,8.34,8.34,Approximate,CC(=O)NC1=NCCCN1
WJYIASZWHGOTOU,10.66,pKaH1,1,10.66,10.66,Approximate,CCCCCCCN
WKCYOARQZQPUJJ,1.02,pKaH1,1,1.02,1.02,Approximate,CCOC(=O)CNc1cccc(C(C)=O)c1
WKHPMWGYMUNZRY,4.08,pKaH1,1,4.08,4.08,Approximate,CC#Cc1c(C)nc(NC)nc1C
WKPWFAZJGVXPCH,9.08,pKaH1,1,9.08,9.08,Uncertain,CCC(N)c1ccc(Br)cc1
WKRUPWHUHXKNDN,4.87,pKaH1,1,4.87,4.87,Approximate,C#CCc1c(C)nc(NC)nc1C
WKSAUQYGYAYLPV,7.34,pKaH1,1,7.34,7.34,Approximate,CCc1nc(N)nc(N)c1-c1ccc(Cl)cc1
WKSXRWSOSLGSTN,0.75,pKaH1,1,0.75,0.75,Uncertain,COc1cnccn1
WKURVXXDGMYSDP,4.36,pKaH1,1,4.36,4.36,Unrated,CCCc1ccccc1N
WKYQNDAHTACSDX,6.52,pKaH1,1,6.52,6.52,Uncertain,CCOC(=O)c1ncnc2c1NC1NCCNC1N2
WKZOHSFHDCWFRP,3.48,pKaH1,1,3.48,3.48,Approximate,Nc1cccc2ccc(Cl)cc12
WLLIUIRZLCDSNQ,5.06,pKaH1,2,5.0,5.12,Uncertain,Cc1ccc2ccc3c(C)nccc3c2n1
WLMYHBKBXYDTEC,6.46,pKaH1,1,6.46,6.46,Approximate,N#CCCN[C@@H](CC(N)=O)C(=O)O
WLPFOIAQFOYRPG,4.1,pKaH1,1,4.1,4.1,Uncertain,CC(C)Oc1nc(N)nc2nc(N)c(C#N)nc12
WLXXVJOVQCQAMX,8.33,pKaH1,1,8.33,8.33,Approximate,COC(=O)C(N)CN
WMFDICGVNANCMC,8.8,pKaH1,1,8.8,8.8,Uncertain,CC(=O)C(CN1CCCCC1)c1ccccc1
WMFXCDGQRHJFKL,3.96,pKaH1,1,3.96,3.96,Uncertain,Fc1cccc2ncccc12
WMPTYRGXBUYONY,-1.6,pKaH1,2,-1.6,-1.6,Uncertain,Clc1ncc2ccccc2n1
WMQUKDQWMMOHSA,3.51,pKaH1,2,3.51,3.51,Approximate,CC(=O)c1ccncc1
WMWQTUBQTYZJRI,9.32,pKaH1,1,9.32,9.32,Approximate,COc1ccc(CN(C)C)cc1
WNKIONISJOAGGC,4.57,pKaH1,1,4.57,4.57,Approximate,Cc1n[nH]c2c1CCCCC2
WNMQSIGDRWCJMO,11.13,pKaH1,1,11.13,11.13,Approximate,CC(C)(C)N1CCCC1
WNQORAUJIPRIRG,2.55,pKaH1,1,2.55,2.55,Approximate,CSc1ncc(C)s1
WNQWOWCEDDIAEP,8.06,pKaH1,1,8.06,8.06,Approximate,Cc1nc(N)nc(N)c1CC(C)C
WNRGWPVJGDABME,3.84,pKaH1,4,3.78,3.947,Reliable,COc1cc(N)cc(OC)c1
WNTVTQIJPAFZEL,9.14,pKaH1,1,9.14,9.14,Approximate,CC(N)CCc1ccc(O)cc1
WOINGIRSKJFYGQ,4.63,pKaH1,1,4.63,4.63,Uncertain,CCn1nc(C)c(N(C)C)c1C
WOLDXHCBVZOZOP,4.85,pKaH1,1,4.85,4.85,Unrated,CN1CCOC(CCN(Cc2ccccc2)CC2CCCCC2)C1
WOLPBZGOYWGWDV,9.58,pKaH1,1,9.58,9.58,Uncertain,CCN(CC)CC(C)(C)COC(=O)c1ccccc1
WOXFMYVTSLAQMO,8.62,pKaH1,5,8.51,8.79,Approximate,NCc1ccccn1
WOYUZQVWDISJCF,3.64,pKaH1,1,3.64,3.64,Approximate,CN(C)c1cc(Cl)nc(N(C)C)n1
WPFVERYDIPOZGG,0.09,pKaH1,1,0.09,0.09,Approximate,CC(C)Nc1ccccc1[N+](=O)[O-]
WPGHPGAUFIJVJF,0.67,pKaH1,1,0.67,0.67,Approximate,Clc1cncc(Cl)c1
WPHUOQWOJSAGSO,1.8,pKaH1,1,1.8,1.8,Uncertain,Cc1ccc(NC2CCc3ccccc32)cc1
WPRYXHDMUFXECU,9.42,pKaH1,1,9.42,9.42,Approximate,CC(C)NCC(O)c1cccc(Cl)c1
WQVAMFRPCWXWSS,8.37,pKaH1,1,8.37,8.37,Uncertain,CC(=O)CCN(C)C
WRCUZXDKTPJURL,8.7,pKaH1,1,8.7,8.7,Approximate,CN1CCC(NNc2ccccc2)CC1
WRDWWAVNELMWAM,4.95,pKaH1,1,4.95,4.95,Approximate,CC(C)(C)c1ccc(N)cc1
WREVVZMUNPAPOV,3.95,pKaH1,1,3.95,3.95,Approximate,Nc1cccc2cccnc12
WRKJTQULCPMYDS,7.3,pKaH1,1,7.3,7.3,Uncertain,Nc1ccnc2ccc3ncccc3c12
WRXNJTBODVGDRY,9.74,pKaH1,1,9.74,9.74,Approximate,NCCN1CCCC1
WSMCHCDPLSXZEM,11.94,pKaH1,1,11.94,11.94,Approximate,C=CCc1c(C)nc(=N)n(C)c1C
WSQIUQGZWDQMEL,-0.6,pKaH1,2,-0.83,-0.36,Uncertain,Cc1ccc2cccccc1-2
WSUYONLKFXZZRV,4.25,pKaH1,1,4.25,4.25,Approximate,Nc1ccc2ccc(O)cc2c1
WSVXBYKMYKWVJJ,7.7,pKaH1,1,7.7,7.7,Uncertain,CCN(CC)CCn1c2nc(=O)[nH]c(=O)c-2nc2cc(Cl)c(Cl)cc21
WSWPCNMLEVZGSM,10.2,pKaH1,1,10.2,10.2,Approximate,COc1ccccc1CCN
WTERMICHZWYZIK,6.71,pKaH1,1,6.71,6.71,Approximate,CC1=Nc2nc(C)c(C)nc2C(C)(O)N1
WTJBSRBRKLHECX,3.08,pKaH1,1,3.08,3.08,Approximate,CSC(=O)c1ncn(C)c1N
WTPCAAGNXDGCID,7.08,pKaH1,1,7.08,7.08,Approximate,c1cc2c(cn1)NCCC2
WTYSCLHDMXBMKM,6.57,pKaH1,1,6.57,6.57,Approximate,Nc1nncc2ccccc12
WUAKSYDPKFNCMY,6.71,pKaH1,1,6.71,6.71,Approximate,Nc1nc(N)c2c(n1)NCCN2
WUGQZFFCHPXWKQ,10.04,pKaH1,4,9.85,10.16,Reliable,NCCCO
WUITVKFKBQIYJU,1.62,pKaH1,1,1.62,1.62,Approximate,O=NCNc1ccncn1
WUNFHCUPGSKDGC,4.54,pKaH1,1,4.54,4.54,Uncertain,CSc1cc(C)cc2c(C)ccnc12
WUQQKWIILPEEKY,2.82,pKaH1,2,2.49,3.15,Approximate,Cc1ccc2cncnc2c1
WUSIWQYMJNBESW,5.08,pKaH1,1,5.08,5.08,Approximate,CNc1ncnc2nc(N)cnc12
WVGCPEDBFHEHEZ,0.64,pKaH1,1,0.64,0.64,Approximate,Brc1cn[nH]c1
WVGPGNPCZPYCLK,4.5,pKaH1,1,4.5,4.5,Approximate,CN(C)c1ncnc2c1ncn2[C@@H]1O[C@H](CO)[C@@H](O)[C@H]1O
WVHMDXWUJTYHEU,3.37,pKaH1,1,3.37,3.37,Approximate,CC(C)(C)Cc1nccs1
WVIKIMVPKFXKAK,6.7,pKaH1,1,6.7,6.7,Uncertain,CCCCCCCCCCN(CC(C)O)CC(O)CC
WVKKHGGBBDOAMJ,7.5,pKaH1,1,7.5,7.5,Approximate,CC(=O)N=C(N(C)C)N(C)C
WVNMLOGVAVGQIT,5.63,pKaH1,2,5.59,5.67,Approximate,CCn1cnc2ccccc21
WVPWDYVGTSSPHY,2.82,pKaH1,1,2.82,2.82,Approximate,Nc1cc(I)cc2ccccc12
WVUHHPQQQLBMOE,3.91,pKaH1,1,3.91,3.91,Approximate,Cc1cnc(C)s1
WVVSZNPYNCNODU,6.8,pKaH1,3,6.73,7.32,Uncertain,C[C@@H](CO)NC(=O)[C@H]1C=C2c3cccc4[nH]cc(c34)C[C@H]2N(C)C1
WVZKRRGAIJWARN,3.12,pKaH1,1,3.12,3.12,Unrated,CS(=O)(=O)c1ccc2ccc(N)cc2c1
WWQBUCLKROAZHO,8.27,pKaH1,1,8.27,8.27,Approximate,CC(=O)SCCN(C)C
WWSQPSBEFSUKKH,-2.23,pKaH1,1,-2.23,-2.23,Uncertain,FC(F)(F)c1ncc2ccccc2n1
WWUVWQNFCCRTGD,4.7,pKaH1,1,4.7,4.7,Approximate,Cc1cccc2ncc3ccccc3c12
WWYVZTLIFYLZFM,10.4,pKaH1,1,10.4,10.4,Approximate,CN1CCC1
WXAFPZGIZMOIBN,5.36,pKaH1,1,5.36,5.36,Approximate,CCON(N)c1ccccc1
WXCZTJIEZILOKF,10.62,pKaH1,1,10.62,10.62,Approximate,CN=c1ncc(Br)cn1C
WXEKNJPJHWJONL,10.12,pKaH1,1,10.12,10.12,Uncertain,CCOC(=O)C(CC(C)N(C)C)(c1ccccc1)c1ccccc1
WXKZVDJCDSIHKG,6.49,pKaH1,1,6.49,6.49,Unrated,Cc1ccccc1NC(C)(C)C
WYAQEFBMDQTMID,5.47,pKaH1,1,5.47,5.47,Approximate,CCC1=NNCC1
WYFYROSTWPNJOF,10.8,pKaH1,1,10.8,10.8,Uncertain,CC1=C(C)C(C)(C)N(C)C1(C)C
WYVJDRGXWOXCCH,3.25,pKaH1,1,3.25,3.25,Uncertain,CC1CC(=O)NN1
WZCPDFBYBSINPZ,9.77,pKaH(threo),1,9.77,9.77,Approximate,OC(c1ccccc1)C1CCCCN1
WZCQRUWWHSTZEM,5.0,pKaH1,6,4.88,5.38,Approximate,Nc1cccc(N)c1
WZJYKHNJTSNBHV,3.95,pKaH1,3,3.8,4.21,Approximate,c1ccc2c(c1)ccc1cccnc12
WZPQUDVMLYCSOL,6.67,pKaH1,1,6.67,6.67,Approximate,Nc1nc2ccc3ccccc3c2c2ccccc12
WZPXICTZRFROSX,11.6,pKaH1,1,11.6,11.6,Uncertain,CCC(C)CNC(C)(C)CC
WZVLJUBTIWFTIE,2.24,pKaH1,1,2.24,2.24,Uncertain,CNc1cc(Cl)ncn1
WZYMYPMHWKEIHN,9.92,pKaH1,1,9.92,9.92,Approximate,NCCNCCNCC(N)CCN
XABDWXQKURMBNI,9.2,pKaH1,1,9.2,9.2,Uncertain,CC(O)CN(CCO)C(C)(C)C
XADICJHFELMBGX,1.14,pKaH1,1,1.14,1.14,Approximate,COc1ccc(Br)cn1
XAFJIMVZKZUFPE,9.5,pKaH1,1,9.5,9.5,Approximate,CCNCC(O)c1ccccc1
XAJJTPSGQYCQIG,9.4,pKaH1,1,9.4,9.4,Uncertain,CCC(O)CN(CCO)C(C)(C)C
XAMBIJWZVIZZOG,5.4,pKaH1,2,5.32,5.49,Approximate,Cc1ccc(NN)cc1
XBAWEJDBVITLRB,2.67,pKaH1,1,2.67,2.67,Approximate,Nc1cc(Br)cc2ccccc12
XBAXAJAODIQLCI,8.0,pKaH1,1,8.0,8.0,Uncertain,CC(C)NCCC#N
XBBMTWIONJNNLD,6.08,pKaH1,1,6.08,6.08,Approximate,Cc1nc(N(C)C)nc2ccccc12
XBCIOBSQHJYVBQ,5.06,pKaH1,1,5.06,5.06,Approximate,NNc1cccc2ccccc12
XBCWBPFCXQJNMD,2.47,pKaH1,1,2.47,2.47,Approximate,COc1ncnc2c1cnn2C
XBJLVKAGIVZOKV,0.1,pKaH1,1,0.1,0.1,Approximate,Cn1nc(N)c(C(N)=O)n1
XBLVHTDFJBKJLG,3.35,pKaH1,1,3.35,3.35,Approximate,CCOC(=O)c1cccnc1
XBNNLAWQCMDISJ,0.94,pKaH1,1,0.94,0.94,Approximate,CCNc1ccc([N+](=O)[O-])cc1
XBPCUCUWBYBCDP,11.25,pKaH1,1,11.25,11.25,Approximate,C1CCC(NC2CCCCC2)CC1
XBTDXUGMCUNQDP,4.29,pKaH1,1,4.29,4.29,Approximate,Cn1ncnc1N
XBTOSRUBOXQWBO,5.12,pKaH1,1,5.12,5.12,Approximate,Nc1ccc2[nH]ncc2c1
XCCNRBCNYGWTQX,4.67,pKaH1,1,4.67,4.67,Approximate,CC(C)c1cccc(N)c1
XCEYKKJMLOFDSS,3.9,pKaH1,1,3.9,3.9,Uncertain,CNc1ccc(Cl)cc1
XCGSFFUVFURLIX,6.64,pKaH1,2,6.4,6.87,Uncertain,CN1C[C@H](C(=O)N[C@]2(C)O[C@@]3(O)[C@@H]4CCCN4C(=O)[C@H](Cc4ccccc4)N3C2=O)C=C2c3cccc4[nH]cc(c34)C[C@H]21
XCGWDDSOSJLHBQ,6.67,pKaH1,1,6.67,6.67,Approximate,Cc1c(C)c2ccccn2c1C
XCHSSZMKKXPBAI,5.94,pKaH1,1,5.94,5.94,Approximate,CSc1ccncc1
XCJZOOWUCHTLMX,2.26,pKaH1,1,2.26,2.26,Approximate,N#Cc1cc(N)c2ccccc2c1
XDESOPZVFRSNRT,10.41,pKaH1,1,10.41,10.41,Uncertain,CCN(CC)CCCCCCCNc1c2ccc(Cl)cc2nc2ccc(OC)cc12
XDFUHMHLMKVSLP,3.99,pKaH1,1,3.99,3.99,Approximate,CC#Cc1c(C)nc(N)nc1C
XDIAMRVROCPPBK,10.16,pKaH1,4,9.85,10.24,Approximate,CC(C)(C)CN
XDOLZJYETYVRKV,4.5,pKaH1,1,4.502,4.502,Approximate,NCCCCCCC(=O)O
XDUUQOQFSWSZSM,4.18,pKaH1,1,4.18,4.18,Approximate,Clc1cc2cccnc2c2ncccc12
XECRSAFWSGFSJG,1.2,pKaH1,1,1.2,1.2,Approximate,COc1cccc2nc[n+]([O-])cc12
XEIHTUKQICDYLA,7.25,pKaH1,1,7.25,7.25,Approximate,NCC(Cl)Cl
XELRMPRLCPFTBH,7.96,pKaH1,1,7.96,7.96,Approximate,Nc1nc(N)c2ccccc2n1
XEVSFLOMSXDBGO,7.77,pKaH1,1,7.77,7.77,Approximate,CC1=Nc2ccc(C)cc2C(O)(C(N)=O)N1
XFGPXURFKAUHQR,3.28,pKaH1,1,3.28,3.28,Approximate,Nc1ccc2ncncc2c1
XFNJVJPLKCPIBV,10.5,pKaH1,12,9.8,10.72,Approximate,NCCCN
XFTHQVHWPHUOFT,8.12,pKaH1,1,8.12,8.12,Approximate,CCOP(=S)(OCC)OCCN(C)C
XFTQRUTUGRCSGO,3.0,pKaH1,2,2.93,3.07,Approximate,Nc1cnccn1
XGDOCEUIQYYJDC,10.56,pKaH1,1,10.56,10.56,Approximate,CCCCCC(C)(C)N
XGEGHDBEHXKFPX,0.9,pKaH1,1,0.9,0.9,Uncertain,CNC(N)=O
XGHCAGUTKGOOHI,-0.61,pKaH1,1,-0.61,-0.61,Approximate,CCNc1cc(O)ccc1[N+](=O)[O-]
XGXKWMBOZAECME,4.7,pKaH1,1,4.7,4.7,Approximate,OCCN(CCO)c1nc(N(CCO)CCO)nc(N(CCO)CCO)n1
XHJJDHDTLSPRMY,4.07,pKaH1,1,4.07,4.07,Approximate,CCCCCCCNc1ncccn1
XHMHRIIIJSLEMM,5.2,pKaH1,1,5.2,5.2,Uncertain,c1ccc2c(c1)cnc1ncccc12
XHOXKVFLASIOJD,9.45,pKaH1,1,9.45,9.45,Uncertain,CCCC(N)c1ccccc1
XHPZVBGIPQQTQW,7.27,pKaH1,1,7.27,7.27,Approximate,Nc1ncc(Cc2ccccc2)c(N)n1
XHQRJRKXUOWHLG,3.52,pKaH1,1,3.52,3.52,Approximate,CNc1nc(C)c(Br)c(C)n1
XHQZHDMBONUQBX,8.28,pKaH1,1,8.28,8.28,Approximate,CCC(=O)SCCN(C)C
XIEJPTDTTYFCJM,7.86,pKaH1,1,7.86,7.86,Approximate,CCCCN1CC1
XIFJZJPMHNUGRA,0.55,pKaH1,1,0.55,0.55,Approximate,CNc1ccc([N+](=O)[O-])cc1
XIPFMBOWZXULIA,-0.28,pKaH1,1,-0.28,-0.28,Approximate,CC(C)(C)C(N)=O
XIRRDAWDNHRRLB,0.35,pKaH1,3,0.168,0.38,Reliable,Nc1c(Br)cccc1Br
XIXGTUCJCWCQSW,2.85,pKaH1,1,2.85,2.85,Approximate,CNc1ncnc(N(C)C)c1[N+](=O)[O-]
XJCVRTZCHMZPBD,2.49,pKaH1,16,2.399,2.6,Reliable,Nc1cccc([N+](=O)[O-])c1
XJEVFFNOMKXBLU,1.36,pKaH1,2,1.35,1.364,Approximate,CS(=O)(=O)c1ccc(N)cc1
XJEVHMGJSYVQBQ,9.21,pKaH1,1,9.21,9.21,Approximate,NC1CCc2ccccc21
XJGFWWJLMVZSIG,9.95,pKaH1,1,9.95,9.95,Approximate,Nc1c2ccccc2nc2ccccc12
XJQHZOAOQPUDOL,5.93,pKaH1,1,5.93,5.93,Approximate,CC(C)(C)Nc1ccc(Br)cc1
XJWPISBUKWZALE,6.99,pKaH1,1,6.99,6.99,Approximate,CC(=O)NCCc1c[nH]cn1
XKEGLCXDDCXTKZ,4.07,pKaH1,2,4.05,4.1,Uncertain,c1ccc2c(c1)cnc1cccnc12
XKENOTHGZDIXRS,2.53,pKaH1,1,2.53,2.53,Approximate,CSc1ncnc2nccnc12
XKFPXMVATQCVKN,13.9,pKaH1,1,13.9,13.9,Uncertain,CN=C(NC)NC
XKGPBFTZFLKCQA,4.6,pKaH1,1,4.6,4.6,Approximate,Cc1cccc2cnc3ccccc3c12
XKIOBYHZFPTKCZ,7.05,pKaH1,3,7.0,7.18,Approximate,COC(=O)C[C@@H](N)c1ccccc1
XKVUYEYANWFIJX,3.44,pKaH1,2,3.32,3.56,Approximate,Cc1ccn[nH]1
XLAVBRTYEPFKSD,3.1,pKaH1,1,3.1,3.1,Approximate,COc1cc(N)cc(Cl)c1
XLEOCTUCGZANAC,9.04,pKaH1,1,9.04,9.04,Uncertain,CCN(CC)CCC(C)=O
XLHZKNYWQHDEHX,8.69,pKaH1,1,8.688,8.688,Approximate,CCN(CC)CCNC(=O)c1c(C)cccc1C
XLJQPXVBQNJNLW,7.86,pKaH1,1,7.86,7.86,Approximate,CN1CC1
XLKDJOPOOHHZAN,7.93,pKaH1,1,7.93,7.93,Approximate,c1cc2cc[nH]c2cn1
XLPYKBMLIRIRAO,9.28,pKaH1,1,9.28,9.28,Approximate,CC(C)NCC(O)c1ccc(C#N)cc1
XLQBKVMDWIZQEV,5.07,pKaH1,1,5.07,5.07,Unrated,Cc1ccccc1NC1CCCC1
XLQTXFKCBDQZSN,2.74,pKaH1,1,2.74,2.74,Approximate,Nc1ncnc2scnc12
XLSZMDLNRCVEIJ,7.52,pKaH1,5,7.37,7.61,Reliable,Cc1c[nH]cn1
XLWNLCSWRLEMJR,3.55,pKaH1,1,3.55,3.55,Approximate,c1ccc(CNc2ncccn2)cc1
XLXANWGTOZKKAZ,8.56,pKaH1,1,8.56,8.56,Uncertain,c1ccc(CN2CCCC2)nc1
XMIAFAKRAAMSGX,5.42,pKaH1,1,5.42,5.42,Approximate,Nc1cccc2ncccc12
XMMMYOVZIYUVPF,6.66,pKaH1,1,6.66,6.66,Approximate,Cc1cnc2c(n1)CNC=N2
XMOFZKBNDHOTNZ,2.7,pKaH1,1,2.7,2.7,Approximate,CCCn1cccnc1=O
XMOQCUMHBVOITC,4.95,pKaH1,1,4.95,4.95,Approximate,Cc1ccc(N(C)N)c(Br)c1
XMPKZWYXJOJPLB,6.98,pKaH1,1,6.98,6.98,Approximate,Cc1c(Cc2ccccc2)cnc2nc(N)nc(N)c12
XMSPPUGRTGUHLK,4.93,pKaH1,1,4.93,4.93,Approximate,Cc1ccc2c(cnc3ccccc32)c1
XNBFCRAXVAZZDE,12.88,pKaH1,1,12.88,12.88,Approximate,CNc1nc(=N)cc(Cl)n1C
XNCOSPRUTUOJCJ,13.02,pKaH1,2,12.8,13.25,Uncertain,N=C(N)N=C(N)N
XOCJQNIVYSFKFB,3.85,pKaH1,1,3.85,3.85,Uncertain,CN(C)c1ncnc2ncc(O)nc12
XOEJKCLBTRQYKW,3.7,pKaH1,1,3.7,3.7,Uncertain,CCOC(=O)c1ncnc2c1NC1OCCOC1N2
XOJYPYPTLZUHAG,7.98,pKaH1,1,7.98,7.98,Approximate,CCC#CCN(C)C
XOLRMKKIFJFIOV,9.03,pKaH1,1,9.03,9.03,Uncertain,C=C1CCN(C)CC1
XORCKFYSYJIZNV,9.28,pKaH1,1,9.28,9.28,Approximate,COc1ccc(C(O)CNC(C)(C)C)cc1OC
XOYWYIBCMNHXFE,10.16,pKaH1,1,10.16,10.16,Approximate,C1CNC2CNCCC2C1
XPAYEWBTLKOEDA,1.57,pKaH1,2,1.5,1.64,Uncertain,Cc1cc(N)ccc1[N+](=O)[O-]
XPDQLOYNVQUCEC,7.17,pKaH1,1,7.17,7.17,Uncertain,COc1ccc(C#CC#CC(C)(C)N(C)C)cc1
XPOTXXGDCPYFGR,6.68,pKaH1,1,6.68,6.68,Approximate,CCCN(CCCl)CCCl
XPQIPUZPSLAZDV,9.56,pKaH1,4,9.52,9.75,Approximate,NCCc1ccccn1
XPULRSZBSCQUTI,3.24,pKaH1,1,3.245,3.245,Reliable,C[N+](C)(C)c1ccc(C(=O)[O-])cc1
XPVRZQQVJLQFDS,6.9,pKaH1,1,6.9,6.9,Approximate,OC1NC=Nc2cccc(C(F)(F)F)c21
XPXDZDPMNBVOSL,4.17,pKaH1,1,4.17,4.17,Approximate,CC1CC(c2ccccc2)=NN1
XQABVLBGNWBWIV,6.56,pKaH1,4,6.47,6.58,Approximate,COc1ccncc1
XQAWOCYMTJHYGC,8.61,pKaH1,1,8.61,8.61,Approximate,c1coc(CNCCNCc2ccco2)c1
XQCYESCZFTVWPU,8.4,pKaH1,1,8.4,8.4,Approximate,CCOP(=O)(OCC)OCCN(CC)CC
XQHJNRPJTVCCQA,2.92,pKaH1,1,2.92,2.92,Approximate,CSc1nc(C)c2nc(SC)n(C)c2n1
XQYZDYMELSJDRZ,6.4,pKaH1,1,6.4,6.4,Approximate,COc1ccc(Cc2nccc3cc(OC)c(OC)cc23)cc1OC
XQZGFKWSWJYPDN,2.5,pKaH1,1,2.5,2.5,Uncertain,COc1cnc2nc(N)n(C)c(=O)c2n1
XRLLHILOPOQXRW,8.13,pKaH1,1,8.13,8.13,Approximate,NC1CC1c1ccc(Br)cc1
XRNVSPDQTPVECU,9.13,pKaH1,1,9.13,9.13,Approximate,NCc1ccc(Br)cc1
XSAVGPMXHWFKCP,3.73,pKaH1,1,3.73,3.73,Approximate,Cc1cnc2cnc(N)nc2n1
XSCGXQMFQXDFCW,9.2,pKaH1,1,9.2,9.2,Uncertain,CN(C)CCCN1c2ccccc2Sc2ccc(C(F)(F)F)cc21
XSCHRSMBECNVNS,0.7,pKaH1,1,0.7,0.7,Uncertain,c1ccc2nccnc2c1
XSEYRWLJMIORJH,5.96,pKaH1,1,5.96,5.96,Approximate,CNc1ncnc(NC)c1NC
XSMLYGQTOGLZDA,8.48,pKaH2,1,8.48,8.48,Approximate,CSC(C)(C)[C@H](N)C(=O)O
XSOIBHSXTAUHCJ,4.08,pKaH1,1,4.08,4.08,Approximate,CN1CC=Cc2cc(S)ccc21
XSQUKJJJFZCRTK,0.14,pKaH1,2,0.1,0.18,Approximate,NC(N)=O
XSRWQTDEIOHXSL,3.8,pKaH1,1,3.8,3.8,Approximate,COC(=O)c1ccc2ncccc2c1
XTRAWORUGOJWSH,3.98,pKaH1,1,3.98,3.98,Uncertain,COc1ccnc(C)n1
XTSCVMBKKFMLQC,8.15,pKaH1,1,8.15,8.15,Approximate,COC(=O)C12CCC(CC(O)C1)N2C
XTSNFQQADSBSMV,8.23,pKaH1,1,8.23,8.23,Uncertain,CN1CCN(C(c2ccccc2)c2ccc(F)cc2)CC1
XTTIQGSLJBWVIV,1.04,pKaH1,1,1.04,1.04,Uncertain,Cc1cc([N+](=O)[O-])ccc1N
XTUVJUMINZSXGF,11.04,pKaH1,1,11.04,11.04,Uncertain,CNC1CCCCC1
XUFVGWGOCUEKDA,6.04,pKaH1,1,6.04,6.04,Uncertain,CNc1nc(NC)c2cn[nH]c2n1
XUJFOSLZQITUOI,3.82,pKaH1,1,3.82,3.82,Approximate,Nc1ccc(OC(F)(F)F)cc1
XUJHLVLIGDUYDV,2.8,pKaH1,1,2.8,2.8,Uncertain,Cn1c(=O)n(C)c2ncncc21
XULIXFLCVXWHRF,11.19,pKaH1,1,11.19,11.19,Approximate,CN1C(C)(C)CCCC1(C)C
XUQMIWAPQCNILJ,4.91,pKaH1,1,4.91,4.91,Approximate,Nc1nc(N)c(N=Nc2ccc(Cl)cc2)c(N)n1
XUVFLMZAMCGKSH,7.62,pKaH1,1,7.62,7.62,Approximate,Cc1nc(N)nc(N)c1Cc1ccccc1
XVMXPKVGHMZASQ,8.99,pKaH1,1,8.99,8.99,Uncertain,CN(C)CCC(C(=N)Nc1ccccc1)c1ccccc1
XVPKWOIIQKBTFD,3.15,pKaH1,1,3.15,3.15,Approximate,COc1cnnc2ccccc12
XVQMMTIYSAHYAQ,12.43,pKaH1,1,12.43,12.43,Uncertain,CSc1nc(=N)ccn1C
XVRRTSAWVKTSSW,3.35,pKaH1,1,3.35,3.35,Uncertain,CC1CNNC1=O
XVYRHKHLWPTDLE,3.39,pKaH1,1,3.39,3.39,Uncertain,CC[As](=O)(CC)c1ccccc1OC
XWCIICLTKWRWCI,-7.6,pKaH1,1,-7.6,-7.6,Uncertain,CC(=O)c1c(C)cc(C)cc1C
XWIYUCRMWCHYJR,6.92,pKaH1,1,6.92,6.92,Approximate,c1cnc2cc[nH]c2c1
XWKFPIODWVPXLX,6.4,pKaH1,3,6.33,6.55,Approximate,Cc1ccc(C)nc1
XWNRDCPFRULYMM,12.18,pKaH1,1,12.18,12.18,Uncertain,Cn1ccc(=N)nc1
XWOCLJWFPDMMGN,1.02,pKaH1,1,1.02,1.02,Uncertain,COc1ccc(CNC2O[C@H](CO)[C@@H](O)[C@H](O)[C@H]2O)cc1
XWPSWEMOIWQZJC,10.36,pKaH1,1,10.36,10.36,Uncertain,CC(C)C1=CCNCC1
XWRLIIVMDOYHTJ,3.35,pKaH1,1,3.35,3.35,Approximate,C[N+]1(CCN(c2ccc(F)cc2)C2CCCCC2)CCCCC1
XWYPVSQNSJHVCO,5.37,pKaH1,1,5.37,5.37,Approximate,Cc1cc(C)nc(NCCC(C)C)n1
XXBDWLFCJWSEKW,8.97,pKaH1,2,8.91,9.03,Approximate,CN(C)Cc1ccccc1
XXIWYZBTCKMAMY,1.96,pKaH1,1,1.96,1.96,Uncertain,Cc1c(N)ccc([N+](=O)[O-])c1C
XXMQJJDZZJLSRO,2.15,pKaH1,1,2.15,2.15,Uncertain,Cn1c(=O)cnc2c(N)ncnc21
XXNOGQJZAOXWAQ,5.1,pKaH1,1,5.1,5.1,Approximate,NNc1ccc(Cl)cc1
XXYMSQQCBUKFHE,-2.5,pKaH1,1,-2.5,-2.5,Uncertain,O=[N+]([O-])c1ccc(Nc2ccccc2)cc1
XXZJETFEIRYFCD,10.44,pKaH1,2,10.38,10.51,Uncertain,NCC(CN)CN
XYDVHGIKHFHEAY,9.4,pKaH1,1,9.4,9.4,Uncertain,CC(CNCCNCC(C)Cc1ccccc1)Cc1ccccc1
XYTOAXAQLHYOMX,6.7,pKaH1,1,6.7,6.7,Approximate,Cc1cc(N)nc2c1ccc1ccccc12
XYYXDARQOHWBPO,3.79,pKaH1,1,3.79,3.79,Uncertain,Cc1n[nH]c(C)n1
XYZWMVYYUIMRIZ,4.26,pKaH1,2,4.232,4.282,Reliable,CN(C)c1ccc(Br)cc1
XZAFACWFMLGMKD,4.15,pKaH1,1,4.15,4.15,Approximate,CNc1ncnc2nc(C)c(C)nc12
XZBZOTJKKCXYPA,4.36,pKaH1,1,4.36,4.36,Approximate,C[Si](C)(C)c1ccc(N)cc1
XZJRPNSAGRIIHL,5.01,pKaH1,1,5.01,5.01,Approximate,COc1ccc2cnc(N)nc2c1
YAAWASYJIRZXSZ,7.23,pKaH1,1,7.23,7.23,Approximate,Nc1ccnc(N)n1
YAEYCYRQJINORB,10.06,pKaH1,1,10.06,10.06,Approximate,CNC1CCCC1O
YAFVTQSCWYHZFK,3.65,pKaH1,1,3.65,3.65,Approximate,NNc1ncnc(N)c1[N+](=O)[O-]
YAIFNSSQKVRCSO,5.68,pKaH1,1,5.68,5.68,Approximate,COc1nccc(N)c1N
YAPDIXAODMCKCH,3.25,pKaH1,1,3.25,3.25,Approximate,Clc1ccc2cncnc2c1
YAQOPLHSWRJKMA,3.1,pKaH1,1,3.1,3.1,Approximate,Fc1ccc2cncnc2c1
YAVYBQFUSWPIQK,3.68,pKaH1,2,3.67,3.68,Approximate,Clc1cnc2ncncc2n1
YAZSBRQTAHVVGE,1.0,pKaH1,1,1.0,1.0,Uncertain,Nc1ccccc1S(N)(=O)=O
YBAKGXBJLPNXBF,9.5,pKaH1,1,9.5,9.5,Uncertain,CCC(O)CN(CC(C)O)C(C)(C)C
YBAZINRZQSAIAY,1.74,pKaH1,2,1.739,1.75,Reliable,N#Cc1ccc(N)cc1
YBIZKHKEBPKLMC,9.6,pKaH1,2,9.46,9.74,Approximate,NCCOCCSCCN
YBPNIILOUYAGIF,3.51,pKaH1,1,3.51,3.51,Uncertain,Cc1ncc(C#N)c(N)n1
YBPWIUSXQXYTSR,10.85,pKaH1,1,10.85,10.85,Uncertain,CC(C)C1CCNCC1
YBRBMKDOPFTVDT,10.68,pKaH1,5,10.4,10.862,Reliable,CC(C)(C)N
YBWWQKVPBNGZPD,8.08,pKaH1,1,8.08,8.08,Uncertain,CCN(CC)CCOC(=O)c1ccc(Cl)cc1
YCBOYOYVDOUXLH,7.78,pKaH1,1,7.78,7.78,Uncertain,CCNNCC
YDBHSDRXUCPTQQ,10.36,pKaH1,1,10.36,10.36,Uncertain,CC1(N)CCCCC1
YDFFPEXFCAUTSL,11.0,pKaH1,1,11.0,11.0,Approximate,CCCCCCCCCCCCCCCNCCCCCCCCCCCCCCC
YDTDKKULPWTHRV,3.12,pKaH1,1,3.12,3.12,Approximate,Nc1n[nH]c2ccccc12
YDTLOZIXLQSLQE,0.47,pKaH1,1,0.47,0.47,Uncertain,Nc1nnnn1-c1cccc([N+](=O)[O-])c1
YECBIJXISLIIDS,8.9,pKaH1,3,8.85,8.92,Uncertain,COc1ccc(CN(CCN(C)C)c2ccccn2)cc1
YEJSPQZHMWGIGP,7.03,pKaH1,1,7.03,7.03,Approximate,COC(=O)CC[C@H](N)C(=O)OC
YESGSRZQASBSGG,4.31,pKaH1,1,4.31,4.31,Approximate,COc1ncc(-c2ccc(N(C)C)cc2)cn1
YEXIBPDKYUNGGR,7.35,pKaH1,1,7.35,7.35,Approximate,CCCc1nc(N)nc(N)c1-c1ccc(Cl)cc1
YEYHFKBVNARCNE,1.2,pKaH1,1,1.2,1.2,Uncertain,c1cnc2nccnc2c1
YFADHQOBQOXYIH,4.64,pKaH1,1,4.64,4.64,Approximate,CC(C)(C)Nc1ncncc1Br
YFCWBKBNFCDPDF,8.36,pKaH1,1,8.36,8.36,Uncertain,c1cncc(CN2CCCC2)c1
YFIFLOVJKIMCGP,4.55,pKaH1,1,4.55,4.55,Uncertain,COC1C(C=O)=C(CO)C=NC1C
YFSGTGJLLRVDJS,0.14,pKaH1,1,0.14,0.14,Approximate,Cc1ccn(-c2ccc([N+](=O)[O-])cc2)n1
YFTHZRPMJXBUME,10.46,pKaH1,2,10.26,10.66,Approximate,CCCN(CCC)CCC
YGALCOBBSXYFLF,4.0,pKaH1,1,4.0,4.0,Unrated,CCSc1ccc(N)cc1
YGIDMKOAPUNGGB,7.55,pKaH1,1,7.55,7.55,Approximate,Cc1ccc(C2=CCCN2)cc1
YGLGKMOGQSZNSM,10.88,pKaH1,1,10.88,10.88,Approximate,COc1ccc(-c2cnc(=N)n(C)c2)cc1
YGLSEPKBCAMELZ,9.52,pKaH1,1,9.52,9.52,Approximate,CC(C)NCC(O)c1ccccc1N
YGUHKHFHVUKJQH,9.61,pKaH1,1,9.61,9.61,Approximate,Cn1ccsc1=N
YHBWEFKGUHZLOA,6.7,pKaH1,1,6.7,6.7,Approximate,N#CCC(N)c1ccccc1
YHDCGYWZEFIUHE,9.35,pKaH1,1,9.35,9.35,Approximate,CN(C)CCC(c1ccccc1)c1ccccc1
YHHMPUVFNNFOQW,2.84,pKaH1,1,2.84,2.84,Approximate,CNc1ncc(C(N)=O)c(C)n1
YHJXSEPLUFOAGM,6.77,pKaH1,1,6.77,6.77,Approximate,CNc1ncnc(C)c1N
YHTUIJUPUWSDQA,6.67,pKaH1,1,6.67,6.67,Approximate,CCOc1ccncc1
YHXKVHQFWVYXIC,5.0,pKaH1,1,5.0,5.0,Uncertain,CN1CCCC1c1ccc[n+]([O-])c1
YHXOIFSKMTXDGR,9.6,pKaH1,1,9.6,9.6,Approximate,CCCCNCCC(N)=NO
YIDCITOHTLPMMZ,3.3,pKaH1,1,3.3,3.3,Approximate,CC(C)(C)c1cc[nH]n1
YIIVBRVVKYTIHA,3.39,pKaH1,1,3.39,3.39,Approximate,CNc1ncc(-c2ccc(F)cc2)cn1
YIXSTLMFTRBPDF,3.17,pKaH1,1,3.17,3.17,Uncertain,Cc1nccc(Oc2ccccc2)n1
YJPNMNSUAAGWSR,2.0,pKaH1,1,2.0,2.0,Uncertain,Cc1nc2nc(N)n(C)c(=O)c2n(C)c1=O
YJWJTUMQQXPBMZ,3.78,pKaH1,1,3.78,3.78,Approximate,COc1ccc2cncnc2c1C
YJYIDNNTUMEKSG,4.13,pKaH1,1,4.13,4.13,Approximate,Nc1cnc2ncncc2n1
YKFROQCFVXOUPW,4.33,pKaH1,2,4.31,4.35,Approximate,CSc1ccc(N)cc1
YKHRPNXRXNHXLZ,3.72,pKaH1,1,3.72,3.72,Approximate,CNc1ncnc2nn(C)nc12
YKLSIEORWSSAPD,-0.82,pKaH1,1,-0.82,-0.82,Uncertain,CCOC(=O)Cc1c([N+](=O)[O-])ncn1C
YKNUPSMIPBOXGT,9.43,pKaH1,1,9.43,9.43,Approximate,CNc1nc(C)c(C)nc1C(=N)N
YKOLZVXSPGIIBJ,4.42,pKaH1,1,4.42,4.42,Approximate,CC(C)c1ccccc1N
YKPZOMSDVTWDSE,8.07,pKaH1,1,8.07,8.07,Approximate,Cc1nc(N)nc(N)c1C
YKRALQDDKKNEEZ,4.31,pKaH1,1,4.31,4.31,Approximate,Cc1cc(N)cc2ccccc12
YKXISWOOIBNMKO,10.14,pKaH1,1,10.14,10.14,Uncertain,CC(C)C1C=CCNC1
YLAKXGRIFZNJJM,10.09,pKaH1,1,10.09,10.09,Approximate,NCCCNCc1ccccn1
YLBXYLPMWRIPJO,6.7,pKaH1,1,6.7,6.7,Approximate,COc1cc(-c2cnc(N)nc2N)cc(OC)c1OC
YLHLFVJTPKYKTH,5.73,pKaH1,1,5.73,5.73,Approximate,Nc1nc(N)c(NC=O)c(N)n1
YLHQGVBKFZFBLV,3.91,pKaH1,1,3.91,3.91,Approximate,Cn1cc(-c2ccc(N)cc2)cnc1=O
YLJREFDVOIBQDA,9.95,pKaH1,1,9.95,9.95,Approximate,Nc1c2c(nc3ccccc13)CCCC2
YLZSIUVOIFJGQZ,5.61,pKaH1,1,5.61,5.61,Uncertain,CN(C)c1ccc(C(O)c2ccc(N(C)C)cc2)cc1
YMDNODNLFSHHCV,8.8,pKaH1,1,8.8,8.8,Approximate,CCN(CC)CCCl
YMJSQPNVQRHZDW,4.8,pKaH1,1,4.8,4.8,Approximate,NNc1ccc(Cl)c(Cl)c1
YMPBMSPVSUIPSL,10.71,pKaH1,1,10.71,10.71,Uncertain,CN(C1=NCCCO1)c1ccccc1
YMVFJGSXZNNUDW,9.18,pKaH1,3,9.14,9.2,Approximate,NCc1ccc(Cl)cc1
YMYGIEQCBWLLDA,8.2,pKaH1,1,8.2,8.2,Approximate,CCOP(=O)(CCN(CC)CC)OCC
YMYLIDVSLIIAPI,10.15,pKaH1,1,10.151,10.151,Approximate,CCOC(=O)CCCCN
YNAVUWVOSKDBBP,8.39,pKaH1,6,8.3,8.608,Reliable,C1COCCN1
YNBADRVTZLEFNH,3.11,pKaH1,2,3.09,3.13,Approximate,COC(=O)c1cccnc1
YNCMLFHHXWETLD,4.85,pKaH1,1,4.85,4.85,Uncertain,Cn1c2cccc(=O)c-2nc2ccccc21
YNDGNDSFWJAXST,2.93,pKaH1,2,2.26,3.61,Approximate,Cc1cccc2ncncc12
YNTMDCAQEKMNQA,9.51,pKaH1,1,9.51,9.51,Approximate,CCCCOc1ccc(C(O)NC)cc1OC
YNXLSFXQTQKQEF,5.51,pKaH1,1,5.51,5.51,Approximate,COc1ccnc(N)n1
YOGGBBKRMZRZBO,0.33,pKaH1,1,0.33,0.33,Uncertain,Cc1cccc(NC2O[C@H](CO)[C@@H](O)[C@H](O)[C@H]2O)c1
YOMHPTQUVUQAJZ,11.39,pKaH1,1,11.39,11.39,Approximate,CN=c1ncn(C)c2nc(C)c(C)nc12
YOODYJXXRKFIGD,8.71,pKaH1,1,8.71,8.71,Uncertain,CN(C)CCC(=O)C(c1ccccc1)c1ccccc1
YOOJHKWYSKGJBV,-1.53,pKaH1,1,-1.53,-1.53,Uncertain,CS(=O)(=O)c1ccc2ccccc2n1
YOPMCOHJKIDQLI,2.2,pKaH1,2,2.18,2.21,Approximate,Cn1c(N)nc2nccnc2c1=O
YORQUFWKTANHHK,3.45,pKaH1,1,3.45,3.45,Approximate,CCOc1nc2cncnc2n1C
YOWAEZWWQFSEJD,3.9,pKaH1,2,3.87,3.93,Approximate,Nc1cnc2ccccc2n1
YPBFSKLYDPJFJG,8.95,pKaH1,1,8.95,8.95,Approximate,c1ccc(CCNCCc2ccccn2)nc1
YPJNYGZELBCPRQ,6.93,pKaH1,1,6.93,6.93,Uncertain,CC(=O)NNC(=O)[C@@H](N)Cc1ccc(O)cc1
YPOIQSAIQUUCCU,3.46,pKaH1,1,3.46,3.46,Approximate,CN(C)c1nccc(=O)n1C
YPQIERQENFZEJN,6.77,pKaH1,1,6.77,6.77,Uncertain,CN(C)CC#CC#Cc1ccccc1
YPXOCRXUXGJBAL,9.26,pKaH1,1,9.26,9.26,Approximate,COc1ccc(C(O)CNC(C)C)cc1
YQDMUZFABFBKJN,5.13,pKaH1,1,5.13,5.13,Approximate,Cc1ccc2cc[nH]c2n1
YQGDEPYYFWUPGO,3.8,pKaH1,1,3.8,3.8,Approximate,NCC(O)CC(=O)O
YQLBLLVDJZJMGX,8.68,pKaH2(erythro),1,8.68,8.68,Unrated,NC(c1ccccc1)C(C(=O)O)c1ccccc1
YQYUUNRAPYPAPC,7.24,pKaH1,3,7.2,7.24,Reliable,CCN(CC)c1ccccc1C
YRGVKPIUZUOJSJ,10.19,pKaH1,1,10.19,10.19,Approximate,CCCCNCCNCCCC
YRHAQBJFIMVJNP,3.73,pKaH1,1,3.73,3.73,Approximate,O=[N+]([O-])c1cccc2ncncc12
YRKLYFMSXXRRNJ,4.53,pKaH1,1,4.53,4.53,Uncertain,CCOC(=O)c1cnc(C)nc1N
YSASFQAGHCOYAL,1.75,pKaH1,1,1.752,1.752,Approximate,CCN(CC)c1ccc(S(N)(=O)=O)cc1
YSHMQTRICHYLGF,5.99,pKaH1,1,5.99,5.99,Approximate,CC(C)(C)c1ccncc1
YSPBEFPTFBRJBH,10.33,pKaH1,1,10.33,10.33,Uncertain,CCN1CCCC(C)C1
YSROHZWEVRFKHN,2.9,pKaH1,1,2.9,2.9,Approximate,CNc1nccnc1-c1nc(C)cc(C)n1
YSWBFLWKAIRHEI,8.28,pKaH1,1,8.28,8.28,Approximate,Cc1nc[nH]c1C
YTAILAZJMHRYOR,6.98,pKaH1,1,6.98,6.98,Approximate,OC(CN1CCOCC1)CN1CCOCC1
YTDZUPBPWJAQDV,3.56,pKaH1,1,3.56,3.56,Approximate,CC1CC=NN1C
YTEIHWVCQJZNEN,4.85,pKaH1,1,4.85,4.85,Uncertain,c1cncc(-c2ccncc2)c1
YTIZPZOMRQFLEB,6.35,pKaH1,1,6.35,6.35,Uncertain,CC(C#N)CNC(CC(=O)O)c1ccccc1
YTSIKOUPDPCCGR,9.41,pKaH1,1,9.41,9.41,Approximate,CN1C=NCc2ccccc21
YTXOKYPPWJNQAO,5.42,pKaH1,1,5.42,5.42,Approximate,Cc1ncnc2c1N(C=O)CCN2Cc1ccccc1
YTYRLKLXLHZCIJ,7.77,pKaH1,1,7.77,7.77,Approximate,CCCOP(C)(=O)SCCN(C)C
YUENFNPLGJCNRB,4.1,pKaH1,1,4.1,4.1,Uncertain,Nc1cccc2cc3ccccc3cc12
YUUPBWOVKNLYIW,9.41,pKaH1,2,9.38,9.44,Approximate,CC1CCC(O)C(N)C1
YVHCUAOFFZBRON,5.89,pKaH2,1,5.89,5.89,Approximate,NC1CN=CNC1
YVTBVSKADQWJOU,3.36,pKaH1,1,3.36,3.36,Unrated,C[NH+]1CCCCC1CCN(c1ccccc1)C1CCCCC1
YVWPNDBYAAEZBF,10.96,pKaH1,1,10.96,10.96,Approximate,C[Si](C)(C)CN
YVXKZGLIZHUYBK,8.7,pKaH1,1,8.7,8.7,Uncertain,CN(C)CCc1ccncc1
YWLOUJJAGYCAQJ,4.29,pKaH1,1,4.29,4.29,Approximate,Cc1ccc2c(c1)ncn2[C@@H]1O[C@H](CO)[C@@H](O)[C@H](O)[C@H]1O
YWNNXGZQTQGBAF,9.1,pKaH1,1,9.1,9.1,Uncertain,CN(C)C(CSCC(N(C)C)N(C)C)N(C)C
YWNPBMAEAGLORY,6.6,pKaH1,1,6.6,6.6,Approximate,CCc1nc2cc3c(cc2[nH]1)CCCC3
YWORKQWMWVOGPT,11.88,pKaH1,1,11.88,11.88,Approximate,Cn1c(Cl)cc(=N)nc1N
YWTIJBYUQXQACR,0.91,pKaH1,1,0.91,0.91,Approximate,Cc1c(Br)cnn1C
YWULZWMGJASRBS,9.28,pKaH1,1,9.28,9.28,Uncertain,c1cncc(CCN2CCCC2)c1
YWWDBCBWQNCYNR,8.8,pKaH1,1,8.8,8.8,Uncertain,CP(C)C
YXFAOWYMDGUFIQ,3.35,pKaH1,1,3.35,3.35,Approximate,COc1ncccc1N
YXMMTUJDQTVJEN,7.54,pKaH1,1,7.542,7.542,Approximate,CC[C@H](C)[C@H](N)C(=O)OC
YYKHAKOWMQCAKG,4.67,pKaH1,1,4.67,4.67,Uncertain,CCN(CC)c1ncnc2[nH]ncc12
YZAFUDFTSSXWBD,3.02,pKaH1,1,3.02,3.02,Approximate,Clc1cc(Cl)c2ncncc2c1
YZKWEHGEHPCODG,5.36,pKaH1,1,5.36,5.36,Uncertain,NNc1cccc2ncccc12
YZZGREOYXRQZGD,5.7,pKaH1,1,5.7,5.7,Approximate,Nc1ncc(Sc2ccc(Cl)cc2)c(N)n1
ZAAVUWIYUMVQJG,7.9,pKaH1,1,7.9,7.9,Approximate,Cc1cc(C)c(C)nc1C
ZAHGBBWQTOLMRX,8.3,pKaH1,1,8.3,8.3,Uncertain,c1cncc(CN2CCCCC2)c1
ZAMCZVDZYLXPRW,2.87,pKaH1,1,2.87,2.87,Approximate,Nc1ccc(SC(F)(F)C(F)F)cc1
ZAXCZCOUDLENMH,10.61,pKaH1,1,10.61,10.61,Approximate,NCCCNCCCNCCCN
ZAXOISFBCDOZER,1.48,pKaH1,1,1.48,1.48,Approximate,Nc1cc2ccccc2cc1[N+](=O)[O-]
ZAYJDMWJYCTABM,9.23,pKaH2(threo),1,9.23,9.23,Approximate,CC(C)C(O)[C@H](N)C(=O)O
ZAYKMXMHMVCLSJ,7.91,pKaH1,1,7.91,7.91,Approximate,CCOC(=O)CNC(=O)CNC(=O)CN
ZBCBWPMODOFKDW,8.94,pKaH1,6,8.759,9.005,Reliable,OCCNCCO
ZBFGHSJJLHNNHO,9.4,pKaH1,1,9.4,9.4,Approximate,CC(C)NCC(O)c1ccccc1Br
ZBIBQNVRTVLOHQ,3.96,pKaH1,1,3.96,3.96,Approximate,Nc1cccc2c(O)cccc12
ZBUSVQFNYVKBPR,7.5,pKaH1,1,7.5,7.5,Uncertain,CCCCCCCCCCN(CCO)CC(C)O
ZBVCVRDYFKWLKM,3.25,pKaH1,1,3.25,3.25,Approximate,Nc1ncc(-c2ccc(F)cc2)cn1
ZBZAJWMLUGDFDM,3.1,pKaH1,1,3.1,3.1,Approximate,CSc1nc(C)c(C)s1
ZCIXDWOBWIAUNV,5.26,pKaH2,1,5.26,5.26,Approximate,O=C(O)c1ccc2nc3ccccc3cc2c1
ZCNSBHAIPOWHJE,3.78,pKaH1,1,3.78,3.78,Uncertain,COC(=O)c1ccccc1N(C)C
ZCTYHONEGJTYQV,9.44,pKaH1,1,9.44,9.44,Approximate,CNCC(O)c1ccccc1
ZCWXYZBQDNFULS,-1.52,pKaH1,1,-1.52,-1.52,Approximate,Nc1cc(Cl)ccc1[N+](=O)[O-]
ZCZPJZYQBNOPLT,4.3,pKaH1,1,4.3,4.3,Approximate,Cc1cc(C)c(C)c(N)c1C
ZCZVGQCBSJLDDS,7.61,pKaH1,1,7.61,7.61,Approximate,c1cnc2c(c1)CCCN2
ZDAHXFCKSNPGJO,3.26,pKaH1,1,3.26,3.26,Approximate,CC(C)N(CC[N+]1(C)CCCCC1)c1ccccc1
ZDGIOWYCNVULAB,1.5,pKaH1,1,1.5,1.5,Uncertain,CCc1n[nH]cc1Cl
ZDISBPCSJYBKFJ,5.61,pKaH1,1,5.61,5.61,Uncertain,CSc1ccc(N)nn1
ZDPGXSBGKCHBMG,6.45,pKaH1,2,6.4,6.5,Uncertain,CCCCCCCCCCCCN(CCO)CC(O)CC
ZDQCKWWIYRSDKD,9.05,pKaH1,1,9.049,9.049,Approximate,CCN(CC)CCNC(=O)c1ccccc1
ZENJPYHJYQGXPB,10.12,pKaH1,1,10.12,10.12,Approximate,CCN(C)CCOCCN(CC)CC
ZENXPOIGWOZKAH,7.88,pKaH1,1,7.88,7.88,Approximate,Cc1ccc2c(c1)N=CNC2O
ZFCFIWRCSBINTL,6.47,pKaH1,1,6.47,6.47,Approximate,Nc1nnc(Cc2ccc(Cl)cc2)c(N)n1
ZFCNNTRTKUUOGM,2.68,pKaH1,1,2.68,2.68,Approximate,CNc1nc(C)c(C)nc1C(N)=O
ZFCOUBUSGHLCDT,2.44,pKaH1,1,2.44,2.44,Approximate,Nc1ccccc1OC(F)(F)F
ZFIQGRISGKSVAG,5.9,pKaH1,1,5.9,5.9,Uncertain,CNc1ccc(O)cc1
ZFLFGTKQNJKOFK,1.33,pKaH1,1,1.33,1.33,Uncertain,c1ccc(CNc2nnc(-c3ccccc3)o2)cc1
ZFOFMUZUUKJTTN,4.97,pKaH1,1,4.97,4.97,Uncertain,Cc1ncc(C(N)=O)c(N)n1
ZFPAZOBBVXFTFU,4.4,pKaH1,1,4.4,4.4,Approximate,Cc1nc(NN)c([N+](=O)[O-])c(NN)n1
ZFZRVLUIIOMQGO,3.9,pKaH1,1,3.9,3.9,Approximate,Cc1cccc2cc3cccc(N)c3nc12
ZGGQHUMUFYVMOP,2.54,pKaH1,1,2.54,2.54,Approximate,O=[N+]([O-])c1cncc2cccnc12
ZGHOULVHFJMWNN,9.3,pKaH1,1,9.3,9.3,Uncertain,CCN(CC)CCNc1cc(Nc2ccc(Cl)cc2)nc(C)n1
ZGIKWINFUGEQEO,2.69,pKaH1,1,2.69,2.69,Approximate,Brc1cnc2ccccc2c1
ZGUGWUXLJSTTMA,9.46,pKaH1,2,9.4,9.52,Uncertain,CN(C)CCCN1c2ccccc2Sc2ccccc21
ZGVJIUVYXLPXMG,9.4,pKaH1,1,9.4,9.4,Uncertain,CCN(CC)CCC(=O)Cc1ccccc1
ZGWOCNDIGLJDDX,3.72,pKaH1,2,3.69,3.76,Approximate,Cc1ncc2nc(C)c(C)nc2n1
ZHGMCLCVTHHOKS,6.43,pKaH1,1,6.43,6.43,Approximate,O=[N+]([O-])c1cccc2c1C(O)NC=N2
ZHHSAAFPQDMNMV,9.55,pKaH1,1,9.55,9.55,Uncertain,CCN(CC)CCC(=O)C(c1ccccc1)c1ccccc1
ZHJVJLFNCJXUKT,1.85,pKaH1,1,1.85,1.85,Approximate,CSc1nc(C)c2ccccc2n1
ZHTMWTPENRTGJT,5.14,pKaH1,1,5.14,5.14,Approximate,Cc1ccc(NN)cc1Br
ZHVXSDRVLNSHEQ,10.4,pKaH1,1,10.4,10.4,Uncertain,CCN(CC)CCCCCCCC(C)Nc1c2ccc(Cl)cc2nc2ccc(OC)cc12
ZILSBZLQGRBMOR,9.37,pKaH1,1,9.37,9.37,Approximate,NCc1ccc2c(c1)OCO2
ZIRXYOXXJCSBFA,11.69,pKaH1,1,11.69,11.69,Approximate,CN=c1ncccn1C
ZISKLPYPMZTPOD,6.7,pKaH1,1,6.7,6.7,Approximate,Nc1cc(-c2ccccc2)nc(N)n1
ZISOEBMQOZOEOG,4.8,pKaH1,1,4.8,4.8,Uncertain,Nc1cnn(-c2ccccc2)c1
ZIVNUESELYYTHV,2.13,pKaH1,1,2.13,2.13,Approximate,Cn1cnc2ncn(C)c2c1=O
ZJFUSLGMGSYTRY,0.3,pKaH1,1,0.3,0.3,Approximate,Brc1cn[nH]c1-c1ccccc1
ZJKGRSJMFDIRPX,2.98,pKaH1,1,2.98,2.98,Approximate,Cc1cnc(N)c([N+](=O)[O-])c1
ZKAKSZLMXAFOPY,9.22,pKaH1,1,9.22,9.22,Approximate,CC1=Nc2ccc(C)cc2C(C)(O)N1
ZKFURYMBITXNNB,10.97,pKaH1,1,10.97,10.97,Uncertain,Cn1cc(Nc2ccccc2)cnc1=N
ZKITVQQJRMZDBV,10.36,pKaH1,1,10.36,10.36,Approximate,NCCNCCC1CCCCC1
ZKJZYUKADBYJCC,10.17,pKaH1,1,10.17,10.17,Uncertain,CC1=CCCNC1
ZKKSBHSBCQFCBW,10.21,pKaH1,1,10.21,10.21,Approximate,NCCCNCCc1ccccn1
ZKUKXSWKWGHYKJ,10.3,pKaH1,1,10.3,10.3,Uncertain,CN1CCCCCC1
ZLCADPDOQZLZBH,4.51,pKaH1,1,4.51,4.51,Approximate,CCc1n[nH]c(CC)c1C
ZLKFIEOFYXSNAN,2.96,pKaH1,2,1.92,4.0,Approximate,Cn1nnc2ncncc21
ZLXPBNWXJZYFAI,4.25,pKaH1,1,4.25,4.25,Approximate,CNc1ncc(-c2ccc(N)cc2)cn1
ZMANZCXQSJIPKH,10.78,pKaH1,8,10.589,10.848,Reliable,CCN(CC)CC
ZMPVYUQJASSVMZ,10.21,pKaH1,1,10.21,10.21,Approximate,CC(C)NCCNCCNC(C)C
ZNQKIUVTKWSBGS,10.91,pKaH1,1,10.91,10.91,Approximate,CCCCn1cccnc1=N
ZNVVKZDSSWMTGQ,1.39,pKaH1,1,1.39,1.39,Approximate,CCOC(=O)CNc1ccc(Cl)cc1
ZNVZYUFSMAMJTD,9.4,pKaH1,1,9.4,9.4,Uncertain,CC(O)CN(CCCO)C(C)(C)C
ZNXLTODDKYXLAD,4.59,pKaH1,1,4.59,4.59,Approximate,Nc1ccc2nc3cc(N)ccc3nc2c1
ZODZLCAASWHMDG,3.11,pKaH1,1,3.11,3.11,Approximate,CCOC(=O)C(C(C)=O)C1C=Nc2ncncc2N1
ZOQDGMRYMRFKRV,-1.24,pKaH1,1,-1.24,-1.24,Uncertain,Cc1onc2ccccc12
ZOWDOAFSVSVRJF,4.55,pKaH1,1,4.55,4.55,Uncertain,c1ccc2nc3c(cc2c1)CC3
ZOXMORJQWVWNHB,4.97,pKaH1,1,4.97,4.97,Approximate,CNc1ncc2ccccc2n1
ZOXWZYTVCGKPOX,9.29,pKaH1,1,9.29,9.29,Uncertain,c1ccc(CCN2CCCCC2)nc1
ZPDDPGKEOLNDEZ,4.96,pKaH1,1,4.96,4.96,Uncertain,CNc1nc(C)nc2c1cnn2C
ZPEIMTDSQAKGNT,9.3,pKaH1,2,9.3,9.3,Uncertain,CN(C)CCCN1c2ccccc2Sc2ccc(Cl)cc21
ZPPIAJCTYOLZIQ,9.0,pKaH1,1,9.0,9.0,Uncertain,O=c1nc2n(CCCN3CCCCC3)c3cc(Cl)ccc3nc-2c(=O)[nH]1
ZPTWIIJWPCVZNH,6.42,pKaH1,1,6.42,6.42,Approximate,NC(=O)CNC(=O)[C@H](Cc1cnc[nH]1)NC(=O)[C@@H]1CCCN1C(=O)OCc1ccccc1
ZPUCINDJVBIVPJ,8.39,pKaH1,1,8.39,8.39,Uncertain,COC(=O)[C@H]1[C@@H](OC(=O)c2ccccc2)C[C@@H]2CC[C@H]1N2C
ZPWSDUMJLDOMDQ,6.71,pKaH1,1,6.71,6.71,Unrated,CN(c1ccccc1)C1CCCC1
ZQQLESCVJZULFS,3.2,pKaH1,1,3.2,3.2,Uncertain,CN1C(=O)C2NC3OC(CO)C(O)C(O)C3N=C2NC1N
ZQQSVTYLRGGCEI,3.98,pKaH1,1,3.98,3.98,Approximate,Nc1ccc(OC(F)(F)C(F)F)cc1
ZQZUJFQBFGFJMM,8.35,pKaH1,2,8.35,8.35,Uncertain,CC(C)=CN1CCCCC1
ZRALSGWEFCBTJO,13.6,pKaH1,2,13.59,13.6,Uncertain,N=C(N)N
ZREVOVCSWQXZSL,-0.18,pKaH1,1,-0.18,-0.18,Approximate,Cn1ccncc1=S
ZRJVQUXSSYTPGU,10.73,pKaH1,1,10.73,10.73,Unrated,CC[Si](C)(C)CN
ZRLDBDZSLLGDOX,3.51,pKaH1,1,3.51,3.51,Approximate,Cc1nc(C)c(C)o1
ZRLVPQKSXHTXMN,8.14,pKaH1,1,8.14,8.14,Approximate,CN(C)Cc1ccc([N+](=O)[O-])cc1
ZRTPJFHXKJDQPO,4.91,pKaH1,1,4.91,4.91,Approximate,Cc1nc(N)nc(C)c1-c1ccccc1
ZRZOERYTFAWUQQ,9.26,pKaH1,2,9.12,9.41,Approximate,NCCSCCO
ZSCRNISFVVBALE,2.96,pKaH1,1,2.96,2.96,Approximate,Cn1cnc(=S)c2ccccc21
ZSEAMJCIFRPMGP,2.22,pKaH1,1,2.22,2.22,Approximate,CC(C)c1cnccc1[N+](=O)[O-]
ZSIQJIWKELUFRJ,11.0,pKaH1,2,10.93,11.07,Approximate,C1CCCNCC1
ZSJNJAJDBNFVCA,10.6,pKaH1,1,10.6,10.6,Uncertain,N=C(N)Nc1ccc(Cl)cc1
ZSKYXLVDESCDRM,2.49,pKaH1,1,2.49,2.49,Uncertain,Cc1cccc(NC2CCc3ccccc32)c1
ZSSJMEQLDWALRQ,9.4,pKaH1,1,9.4,9.4,Approximate,CCN(CC)C(C)CNC(=O)c1cc(C)cc(C)c1
ZTGQZSKPSJUEBU,8.93,pKaH1,1,8.93,8.93,Uncertain,NCCCBr
ZTKDMNHEQMILPE,5.87,pKaH1,2,5.854,5.893,Reliable,COc1ccc(N(C)C)cc1
ZTKLKARZOJNPEC,3.25,pKaH1,1,3.25,3.25,Approximate,Nc1nc(N)c(-c2ccccc2)c(C(F)(F)F)n1
ZTLDKBMTEANJRD,9.47,pKaH1,1,9.47,9.47,Uncertain,CC(C)CC(N)c1ccccc1
ZTNANFDSJRRZRJ,5.12,pKaH1,1,5.12,5.12,Uncertain,Cc1cc(C)c2ccccc2n1
ZTOPDZVMHIOPOF,9.86,pKaH1,1,9.86,9.86,Uncertain,CN(C1=NCCCS1)c1ccccc1
ZTPARTFFNQLVSF,3.94,pKaH1,1,3.94,3.94,Approximate,CSc1cc(N)ncn1
ZTPAUBJZUBGGEY,4.3,pKaH1,1,4.3,4.3,Approximate,NNc1ccc(Cl)cc1Cl
ZTPQFMAPYQPFFE,6.09,pKaH1,1,6.09,6.09,Approximate,CNc1ncc(NC=O)c(N)n1
ZTQNUTNKGQGWCM,3.16,pKaH1,1,3.16,3.16,Approximate,COc1ccc2ccccc2n1
ZTRRKUBDVKTHSR,6.97,pKaH1,2,6.97,6.97,Approximate,CC(=O)OCCc1c[nH]cn1
ZTVIKZXZYLEVOL,9.7,pKaH1,1,9.7,9.7,Uncertain,CN1C2CCC1CC(OC(=O)C(O)c1ccccc1)C2
ZUGAIMFLQLPTKB,5.47,pKaH1,1,5.47,5.47,Approximate,OCCCc1cccnc1
ZUHZZVMEUAUWHY,10.16,pKaH1,1,10.16,10.16,Unrated,CCCN(C)C
ZUIVWCYDJBKRHY,10.1,pKaH1,2,10.1,10.1,Uncertain,C1CCC(NCCNCCNC2CCCCC2)CC1
ZUTKIYCWILXMCU,6.26,pKaH1,1,6.26,6.26,Approximate,Nc1ncc(Oc2ccccc2)c(N)n1
ZUYLAIBQWHNNGZ,3.0,pKaH1,1,3.0,3.0,Approximate,O=[N+]([O-])c1ccc(CNc2ncccn2)cc1
ZVCWZEDGNKJDSI,6.17,pKaH1,1,6.17,6.17,Uncertain,O=C(Cc1ccccc1)C(CN1CCOCC1)c1ccccc1
ZVYGMPAVRMMGAS,5.72,pKaH1,1,5.72,5.72,Approximate,CNc1ncc(Br)c(N)n1
ZWCGQGTWHFNPMI,3.61,pKaH1,1,3.61,3.61,Approximate,CC[As](=O)(CC)c1ccc(N(C)C)cc1
ZWOFTVSNNFYPAB,9.25,pKaH1,1,9.25,9.25,Approximate,NC1CCCCCC1O
ZWRDBWDXRLPESY,9.44,pKaH1,1,9.44,9.44,Uncertain,CCN(CC)Cc1ccccc1
ZWXITDUYPSNPNL,9.4,pKaH1,1,9.4,9.4,Approximate,CC(N)CCCc1ccc(O)cc1
ZXGMVOKVDFRHGV,1.73,pKaH1,1,1.73,1.73,Approximate,Cc1nc2c(=O)ncn(C)c2nc1C
ZXPMVKXDIBNUKN,5.52,pKaH1,1,5.52,5.52,Approximate,Nc1ncc(Cl)c(N)n1
ZYHGIAPHLSTGMX,9.35,pKaH1,1,9.35,9.35,Uncertain,CC1CC(OC(=O)c2ccccc2)CC(C)(C)N1
ZYRZYWIROWSDLB,7.75,pKaH1,1,7.75,7.75,Approximate,CNc1ccnc(N)n1
ZYVQGBMNLPGXSN,10.23,pKaH1,1,10.23,10.23,Uncertain,CC1=CCNC(C)C1
ZYWUVGFIXPNBDL,10.08,pKaH1,1,10.08,10.08,Approximate,CC(C)N(CCO)C(C)C
ZZCPXQKWVPJNSJ,3.09,pKaH1,1,3.09,3.09,Approximate,CSc1cnnc2ccccc12
ZZOBLCHCPLOXCE,-0.36,pKaH1,1,-0.36,-0.36,Uncertain,Cc1c(I)c(=O)n(-c2ccccc2)n1C
ZZTSQZQUWBFTAT,-0.4,pKaH1,2,-2.0,1.2,Uncertain,CCN(C#N)CC
ZZVUWRFHKOJYTH,9.1,pKaH1,1,9.1,9.1,Uncertain,CN(C)CCOC(c1ccccc1)c1ccccc1
ZZWPOYPWQTUZDY,7.64,pKaH1,1,7.64,7.64,Approximate,CCC(N)C(=O)OC
ZZYXNRREDYWPLN,6.92,pKaH1,3,6.878,7.0,Approximate,Nc1cccnc1N
ZZZXSTQSZIFRGS,7.28,pKaH1,1,7.28,7.28,Approximate,CN(C)c1ccc2cc3c(ccc4ccccc43)nc2c1
